id,TARGET
3496,0
17271,1
44259,0
64996,1
23333,0
56223,1
19215,0
58525,0
53631,0
53855,1
7187,0
72540,1
34666,1
61295,0
19565,1
28448,1
19101,1
17743,0
57576,1
11499,0
44135,0
20600,0
22681,0
14324,0
35293,1
20080,1
24735,1
43777,1
65453,0
36677,1
16476,0
2899,0
66817,0
22307,1
2497,1
47577,0
68430,0
46136,0
2134,0
47358,1
33552,0
75722,1
55049,0
62554,0
23792,1
48737,0
5155,0
27990,0
74584,1
71006,1
1305,1
68741,0
11020,1
75088,0
15837,1
42258,0
44837,0
27214,0
17588,0
19816,1
64426,1
3262,0
38484,1
68514,1
8067,0
50402,0
69636,0
57017,0
8994,1
1401,1
63827,0
26132,0
14513,1
60563,0
61786,1
62362,1
56240,0
38973,1
64289,1
55434,1
15642,0
16393,1
50289,1
29985,0
61978,0
71619,0
16700,0
74602,0
15045,0
70314,0
73791,1
68286,1
47868,0
16196,0
52130,1
45190,1
23920,1
68760,1
512,0
52978,1
59452,0
55290,0
32936,0
56959,1
56466,0
33407,0
8685,1
10220,1
17729,0
65463,1
21730,0
32141,1
67263,0
9382,0
47780,0
6674,1
2315,1
48922,0
25389,1
3024,1
34252,0
67853,1
27848,0
33920,1
6943,0
59846,0
67786,0
73542,1
62800,1
73081,0
50949,0
73203,1
45745,0
48829,0
41095,1
15931,1
20936,0
39111,1
72391,0
14881,0
45734,0
21282,0
47343,1
31257,1
35956,1
46131,1
39604,0
19747,1
31659,1
65832,0
42348,1
52417,1
18093,1
39343,1
43486,1
51028,1
21004,1
20262,1
24624,1
52513,1
28876,0
28260,0
40906,0
29437,0
42875,0
41144,0
75749,1
52659,1
40276,1
23282,1
43712,1
65163,0
64781,0
51031,1
16055,0
71985,0
67471,1
61334,0
34484,1
37303,0
33237,1
54118,1
48525,1
1022,0
10828,0
22324,0
21409,0
74316,1
22353,0
27345,0
75343,0
35918,1
67810,0
14613,1
16540,1
37041,1
41463,0
51956,1
47172,0
44797,0
20612,0
73153,1
64719,0
75363,1
14497,0
25723,1
63995,0
10036,1
74002,0
13555,0
12861,0
64238,1
16261,0
50374,0
75288,1
9310,1
27016,1
1104,0
43757,1
57226,0
45056,0
74888,1
72444,1
45765,1
13339,1
40668,1
62602,0
52025,1
57546,0
21046,1
28707,0
74723,0
36643,0
16006,0
42389,0
52875,1
11709,0
58098,0
45469,1
4987,1
29761,1
2186,0
70556,1
24821,1
62047,1
38631,0
50335,1
69314,1
48054,1
46682,1
20001,1
73528,0
6493,0
63635,0
48388,0
59215,1
7009,0
38807,0
31834,0
53411,0
42982,0
34968,1
22049,1
29893,0
73026,1
67989,1
14892,1
12597,0
70286,0
73333,0
19056,1
44528,0
43378,1
29978,0
49288,0
44059,0
27791,0
56700,1
17385,1
33420,1
54165,0
69718,1
50552,0
8328,0
71149,1
42431,1
65446,1
46823,0
22901,0
22345,1
16164,0
11229,1
59626,0
2513,1
74288,0
57148,0
63766,0
62826,1
11828,1
17552,0
60094,0
73604,0
219,1
44700,0
18610,1
32387,1
60752,0
13752,0
66481,0
22682,0
51060,1
12270,0
65621,0
72140,1
58277,0
18585,0
31781,1
10986,0
38600,1
21351,1
11848,1
42086,0
67928,1
14274,1
42649,1
73806,0
7067,0
27018,1
43040,0
46011,1
25678,0
61860,0
16479,0
58417,0
73691,1
17036,0
69928,1
63229,0
22570,1
25882,0
17849,1
17394,0
29104,1
31198,1
50715,0
29470,1
39118,0
41290,1
47006,0
55500,0
13529,0
38854,1
29106,0
74217,0
65114,0
49002,0
21977,1
42791,0
584,1
15224,0
6837,1
1916,0
50727,1
46557,0
75391,0
67566,1
50731,1
69412,0
60246,1
40799,1
52860,0
44764,0
50393,1
74001,1
48848,1
69275,0
54945,1
390,1
72613,1
27099,0
31978,1
59019,1
10462,0
174,0
69090,0
20202,0
13820,0
13921,0
63549,0
9031,0
29130,1
56135,1
58467,0
29,0
22403,1
45126,1
3919,1
64711,0
743,0
2207,1
28584,1
40570,0
5030,0
64447,1
24610,1
3185,0
69228,1
20689,0
66485,0
18514,0
68977,1
58418,1
32225,1
54280,0
38700,0
5082,1
3750,1
29908,1
27478,1
30074,0
12307,1
26999,1
64124,0
54120,0
30886,1
52548,1
35936,1
17697,0
62346,0
52509,1
70445,0
60337,1
19039,0
70412,0
26427,1
35137,1
21467,0
8056,0
17913,0
39470,0
5592,0
12455,0
4112,0
34333,1
47647,0
46812,0
37748,0
41079,0
61353,1
61098,0
2713,1
23689,1
74381,0
35305,1
64110,1
36171,0
59747,1
22867,1
24396,1
17790,1
12422,1
11244,1
28134,0
34173,0
57445,0
3036,0
23618,1
5134,0
39885,1
26214,0
30894,1
45838,0
20835,0
27789,0
59083,1
26238,0
74060,1
7313,1
19756,0
68120,0
68315,0
20631,0
6995,0
59153,1
41787,1
9815,1
8493,1
35343,1
22926,0
33309,0
52718,0
67939,0
59713,0
59131,0
23419,1
38186,0
66353,1
15562,0
65242,0
67184,1
44056,1
58852,0
22890,0
67721,1
39085,0
41917,1
34673,0
40292,1
11531,0
68636,1
42918,0
59566,0
28348,0
31414,1
11392,1
6556,0
1521,1
66551,0
74190,0
56309,0
65270,1
26054,1
68842,0
2541,1
63834,0
67339,1
10047,1
74663,1
25816,1
3074,0
72475,0
61639,0
65471,0
42581,1
51998,1
26460,0
72854,1
67917,1
42385,1
72729,1
37510,0
33348,1
16683,1
4897,1
45559,0
9830,1
55445,1
35604,0
40348,1
66219,1
59039,1
50688,0
13988,0
44894,0
23825,0
69245,0
72553,1
24863,1
69815,1
15183,0
54285,0
61109,0
21265,0
57047,0
8098,1
61309,0
52063,1
4071,1
70535,1
4193,1
34201,1
11160,1
63555,1
21627,0
28676,0
36721,1
63238,1
51276,1
15274,0
17875,0
27113,1
57102,1
3944,0
73774,0
27935,1
44333,0
458,0
43768,0
26522,0
67479,1
65411,0
43682,0
21725,0
68434,0
41920,0
33527,0
14943,0
53603,0
55790,1
16409,1
62651,0
40894,1
41254,1
12761,1
19844,1
23660,1
71389,1
72971,1
19237,1
30615,0
45242,0
62798,0
18349,1
60480,0
71475,0
62656,1
6374,0
53588,0
36022,0
54160,1
67429,0
11593,0
69807,1
7495,0
23581,1
21018,1
16537,1
37315,1
43788,0
17870,0
60849,1
16441,1
3009,1
14082,1
42722,0
57669,1
45344,1
8452,1
10414,0
42045,1
16824,1
75273,1
42356,0
39197,0
19166,1
30030,0
50613,1
14389,0
19410,1
31229,1
69780,1
51636,0
68850,1
32161,1
42553,0
59841,1
39087,0
20191,0
43694,1
25692,1
5301,1
4859,1
38931,1
10360,0
16920,1
26127,0
24591,0
32383,0
41066,0
73869,1
25832,0
27671,1
23476,0
30858,1
38738,1
1587,0
6071,0
29689,1
23508,0
28523,1
5015,0
32757,0
36609,1
61474,1
26927,0
23644,0
10956,0
5391,0
62518,0
65963,0
34065,1
55684,1
58908,0
30927,0
8723,0
34686,0
32511,0
58161,1
14214,1
58490,0
53887,1
9455,1
54259,0
48473,1
61059,1
72467,0
54709,1
41169,0
42991,1
50230,0
47125,1
54546,1
34731,0
5748,0
20394,1
56369,0
60070,1
65344,1
2385,1
15320,1
36515,1
5193,0
12204,0
45072,0
46640,0
34367,0
13859,0
64084,0
64455,1
46199,1
8652,1
5310,1
27276,0
71578,0
74198,0
23527,0
25432,0
36428,0
60156,1
42513,0
3683,0
9385,0
59558,0
74124,0
56028,0
52603,1
2095,0
62709,0
58434,0
23481,1
30708,1
55180,0
3714,0
35901,1
72117,1
74249,0
63816,1
38463,0
59610,1
6642,0
20325,1
11405,0
2595,0
3943,0
5255,0
14752,1
40634,1
51342,0
40997,1
17565,0
56251,1
6613,0
16985,1
67983,0
53565,1
13455,0
74652,0
57249,0
35205,1
29124,1
52120,1
66489,1
37548,0
67635,1
66069,0
3101,1
67874,1
65314,0
260,1
32134,0
41430,1
62204,0
33262,0
18549,1
31863,0
64947,1
1551,0
75466,1
36702,1
41966,1
23055,1
38544,1
21984,0
3148,0
75011,0
5430,1
26399,0
19826,0
59296,1
14705,0
51863,1
12106,0
19970,0
65813,0
40721,1
48458,1
25655,0
3674,0
19690,0
1796,0
50349,0
15767,1
10187,0
35925,1
51785,1
43557,0
68651,0
23378,0
53185,1
22471,0
66570,0
63416,0
34061,1
10694,0
15190,1
35761,1
33108,0
794,0
41356,0
60911,0
52003,0
65104,0
48817,0
41033,1
46665,1
47042,1
9691,0
4639,1
56563,1
66562,1
883,1
69976,0
62725,1
25930,1
23554,0
63583,1
31169,1
51061,1
4914,1
44306,0
49941,0
21214,0
26805,1
71014,1
4021,1
65284,0
26694,0
46985,1
17329,0
490,1
70711,0
48554,0
10544,1
21892,1
44717,0
50939,1
55645,0
59891,1
75142,1
20514,0
26085,0
56160,1
32214,1
22381,1
49759,1
26440,0
3393,1
54474,0
5371,1
17698,1
12671,1
28942,0
26984,0
34246,0
54113,0
8894,0
71483,0
30015,0
10832,0
22206,1
54880,1
22531,1
25650,1
36814,1
71859,0
36570,1
6525,1
44440,0
16329,0
49806,0
24342,1
65614,0
41573,0
64910,0
55651,0
58741,0
10088,1
55851,0
65597,1
36356,0
64605,0
17468,1
21869,0
33715,0
6021,1
16674,1
46650,0
67245,1
55305,0
26718,0
12601,1
54642,1
7356,1
4773,1
619,0
17205,0
74342,0
43001,0
51849,0
12166,1
20310,1
73579,1
47953,1
56759,1
59748,1
52224,0
26215,1
16801,1
24644,0
11068,0
29813,0
21746,1
21870,1
46496,1
22352,1
32204,0
74692,1
56730,0
8703,1
14304,1
57483,1
72970,0
8069,1
44122,1
27997,0
49684,0
17654,1
57230,1
22165,1
14125,1
45941,0
14479,0
61501,0
55926,1
73736,1
46440,0
42548,1
9538,1
48109,0
53453,1
4964,0
50798,0
48337,0
23302,0
67298,0
42938,1
3426,0
72896,1
40445,1
53334,0
72548,0
21761,1
60571,1
21661,1
38060,1
63928,0
7520,1
55337,1
9005,0
57255,1
52962,1
52848,1
15974,1
42400,0
29940,0
67425,1
8404,0
46046,1
59730,1
46194,1
3885,0
44520,1
57034,1
60918,1
69912,1
8235,1
44900,0
18300,1
54979,1
34898,1
69586,1
27168,1
13955,1
42641,0
59969,1
53126,0
46299,1
24815,0
63355,1
908,1
19328,1
50094,1
20968,0
51812,0
23755,1
9249,1
37337,0
69214,1
22178,1
72631,1
56335,0
45852,0
27162,0
67021,1
36357,0
49058,1
64579,1
24416,0
14672,1
69021,1
57575,1
53327,1
47416,1
61997,1
71553,0
19294,1
20434,1
63780,1
49930,1
46978,1
57086,0
66341,0
19335,1
13525,1
35393,1
24119,1
44877,1
69309,0
6177,0
57476,0
54319,0
11802,1
70174,0
46595,1
45105,0
36433,1
72579,1
49687,0
39164,0
50258,0
23147,1
59679,0
52941,1
4963,1
71552,0
41802,1
8604,1
36217,0
68609,0
53717,1
13541,0
14206,0
48300,1
26719,1
17805,1
50213,1
30123,1
654,1
30566,0
69628,0
36893,1
27897,0
2026,1
57217,0
24700,0
5448,1
75614,0
7061,0
73942,1
13399,0
41005,1
22421,1
45488,0
28308,1
65056,1
69298,0
51141,0
28468,1
4118,0
56081,1
33250,1
66449,1
44693,1
75729,0
49792,1
59604,1
14247,0
31317,0
66180,0
21886,1
73803,1
37571,0
74831,0
54594,1
75669,1
43250,1
43075,0
66718,1
6809,0
69540,0
65998,0
5215,0
51745,1
61793,1
20784,0
55895,1
60328,0
32128,0
68051,1
11425,0
12342,0
3777,0
216,1
64928,1
46983,0
51586,1
5378,0
58357,0
9221,1
59133,1
52418,1
600,1
36824,1
22888,1
21559,0
5951,0
18506,0
20798,1
9898,1
14680,1
32464,1
67545,0
41934,1
33872,0
5084,0
10242,1
15025,1
32173,0
53137,0
44684,0
19172,1
21118,1
45170,1
43188,1
61923,1
14538,0
57813,0
55871,0
15566,0
16501,1
2958,1
36537,0
58540,0
52662,0
6543,0
68846,1
47751,1
29725,1
36891,0
58310,0
31012,1
14931,0
74442,0
51738,0
74374,0
54189,0
14930,1
63206,1
33792,1
68530,0
47387,1
75622,1
36104,0
4953,1
71539,0
21366,1
68611,0
43565,0
75778,0
16217,1
30648,1
919,1
17453,0
27384,1
56849,0
21726,1
56616,0
8555,0
50569,1
6964,1
70194,0
42735,1
4420,1
56378,1
19285,1
34892,1
2403,0
48183,0
42682,0
63433,0
35991,0
43430,0
28113,1
20401,1
73745,1
14388,1
73854,1
59994,0
72059,1
5393,1
4931,1
37793,1
12523,1
57059,1
33938,1
17296,0
16088,0
33175,0
5352,1
71239,0
70064,0
42530,1
41833,0
2405,0
8054,1
46121,0
69341,0
47732,1
63392,1
53015,0
61968,1
40199,1
48495,1
44758,0
58982,1
67109,0
74380,0
61598,0
20370,0
3993,1
49950,1
18218,1
12495,1
2964,0
24878,0
21499,1
53756,1
18041,0
10283,1
61060,0
29859,0
29831,1
23641,0
14836,0
34232,0
60829,1
62146,1
11217,1
63495,0
8388,1
42264,1
51803,1
51493,1
6626,0
46739,0
28312,1
71857,0
2169,1
35589,0
13285,1
2601,1
67287,1
26779,0
65742,1
63494,0
41868,0
40063,0
61273,1
62885,1
57174,1
10744,1
8029,1
54480,1
64050,0
36933,1
34588,1
71352,0
67255,0
63075,0
14279,1
46257,1
44548,1
23102,0
3210,0
4,1
20706,0
1169,0
49561,1
36316,1
10662,0
72757,1
58647,1
38871,1
50428,0
16283,0
45510,0
38441,1
24000,1
60618,0
42964,1
61238,1
7886,0
1882,1
34923,0
42683,0
34200,1
60243,0
4101,0
51545,1
42481,0
20466,0
4095,1
20147,1
54337,0
27952,0
5169,1
57907,1
17392,1
49382,1
18688,0
72623,1
31200,1
68380,0
58437,0
7921,1
12896,0
51688,1
66495,1
59870,0
19156,0
32498,0
25085,1
42796,1
2646,1
42508,0
22809,1
9575,0
20460,0
42739,0
36163,1
13498,1
870,0
51385,1
31818,1
11512,1
21500,1
51896,1
4737,1
11223,1
6731,0
58173,1
47229,1
43872,1
32337,1
915,0
66650,1
36339,1
55966,0
16743,1
50629,0
64742,0
50178,1
22247,1
6111,1
34321,0
28267,1
10070,0
48021,1
44675,1
38822,1
75434,0
61063,1
15607,1
74990,0
40127,0
32234,0
43935,0
36592,1
18753,1
26222,0
68731,0
32560,0
68737,1
63880,0
34416,1
74329,1
43687,0
31276,1
22093,0
10513,0
28336,1
37804,0
11995,0
61914,0
5141,1
6607,1
57063,0
70563,0
35373,1
4771,1
50309,0
60372,0
42788,1
24632,1
35790,1
49047,0
25428,0
16096,1
8207,0
43576,1
14679,1
53697,1
640,0
52958,1
56603,1
407,0
14329,0
69418,1
36251,0
42533,1
22833,0
52139,1
13639,1
1308,0
44546,1
46312,0
29206,1
26123,1
48491,0
4360,1
51770,0
32052,1
54233,1
20688,1
16763,0
37150,1
18594,0
48510,1
49150,0
18662,0
56142,0
53579,0
241,1
69187,1
73953,1
45951,0
1800,1
4391,1
39837,0
31733,0
65773,1
64154,0
3477,1
41664,0
59957,0
12161,1
62757,1
2720,0
47853,0
34031,0
53291,0
59007,1
68449,1
27155,0
23584,1
45584,1
7308,1
14044,0
18665,1
52795,0
75452,1
904,0
45917,0
3940,0
39460,1
59487,1
3163,0
4467,1
26330,0
45361,1
48615,0
51621,0
14960,0
56737,1
66474,1
75429,0
20819,0
18984,0
60084,0
22264,1
69058,1
34165,1
28951,0
14636,0
24367,0
54768,1
41796,1
53293,0
13711,1
53151,1
39520,1
58885,0
69597,0
26340,1
63027,1
46281,1
69185,1
52243,0
7030,0
44645,1
70161,1
42776,1
256,1
12675,0
40161,0
68635,1
65807,0
34960,0
48498,1
73302,1
47239,0
30048,1
35670,0
52639,0
146,1
12952,0
27779,1
15049,1
6859,0
7831,1
38009,0
20005,1
27880,1
39811,1
37363,1
14278,0
52014,1
57995,1
43143,0
58100,1
31529,0
74417,1
45547,1
42798,0
11589,1
74530,0
1555,1
8537,0
55036,1
37155,0
34191,1
26675,0
36972,0
50311,1
74704,0
7677,1
67892,0
72156,0
59818,0
56747,0
53653,1
22640,0
49520,0
28983,1
75489,0
53390,0
74632,1
69583,0
60018,1
52950,1
30350,0
58698,0
56773,0
1601,0
58438,0
50776,1
6097,0
22946,1
75420,0
28999,0
38213,1
49077,1
22245,0
2229,0
40847,1
20539,1
48808,1
29509,1
35627,0
11627,1
50068,0
69109,1
35929,0
26038,0
22999,0
47119,0
47827,0
44637,1
69239,1
33794,0
48707,1
13048,1
67522,1
9930,1
21084,0
51611,1
19514,0
26416,0
57298,1
40782,1
21828,1
53844,0
25562,1
21468,0
13719,1
65889,0
62779,0
37637,0
33789,1
75335,1
36767,0
59459,1
7942,0
57016,1
19059,1
55900,1
75315,1
27734,0
88,0
13187,0
30073,1
21629,1
26379,1
61153,1
74982,1
39136,1
29687,0
21021,1
3440,0
33297,1
43956,0
28170,0
54231,1
9597,1
31611,1
73471,1
41602,0
58226,0
8213,0
6422,0
64938,1
57556,0
46537,1
8626,0
58685,0
16348,1
21565,1
440,0
6426,0
35661,1
55744,0
41913,1
44690,1
29652,0
57805,0
68310,1
48199,0
50465,0
54744,1
21810,1
24856,1
17642,0
15085,1
25412,1
41668,0
39844,1
60896,1
61939,0
57734,0
38131,1
58205,1
44517,0
54323,0
69854,0
64929,1
19771,1
23319,1
3858,0
31051,0
39020,0
24951,0
53353,1
56162,1
64894,0
4427,1
11486,0
24147,1
42908,0
7986,1
60929,0
24320,0
31062,1
7588,1
39655,1
43302,0
48520,1
27094,0
25552,0
1790,1
59565,0
54077,1
73353,1
14485,1
43513,0
49545,0
40752,0
60223,0
47981,1
15967,1
11003,1
11849,1
41733,0
23133,0
53218,0
23311,1
18302,1
53287,1
42219,0
44909,1
29082,0
38589,0
41212,1
44126,0
54952,0
26775,0
10649,1
69626,0
72124,0
70367,0
671,1
4231,0
12373,0
68547,0
32101,1
56431,1
50404,0
20496,1
4202,0
14147,1
12902,0
37056,0
33146,0
53082,0
51368,1
5481,1
30384,0
33242,0
8084,0
24623,1
36581,0
41166,0
2121,0
59124,1
40478,1
67796,1
75256,0
8761,0
45667,1
12792,0
44254,0
10772,1
67813,0
65351,0
50858,0
29325,1
12979,0
35987,1
72152,1
16178,1
32139,1
40773,1
45030,1
45556,0
25473,1
46515,1
47383,0
21041,1
10323,1
36679,0
36326,0
19877,1
27087,0
47805,0
42123,1
31410,1
37308,1
75382,1
21571,0
11359,1
46393,0
1563,0
58190,1
54773,1
2567,0
25898,0
25665,0
25908,1
41615,0
15493,1
2633,0
34476,1
6587,0
22543,1
35053,0
41632,0
7907,0
50505,1
19451,1
4995,0
6054,0
62327,0
65539,0
8159,0
37471,0
17284,0
28442,0
64889,0
21185,1
44145,1
55548,0
9577,1
24505,1
16225,0
13465,1
15601,1
66714,0
47800,1
40481,0
832,0
15077,0
32925,0
33477,1
7072,0
74192,0
43168,0
6008,1
2366,1
41735,0
29119,0
54974,0
22068,1
67083,0
59521,0
17906,1
67136,1
19737,1
23859,0
4110,1
49748,1
9539,0
2335,0
22938,0
32034,1
49222,0
1687,1
28465,1
2266,1
37175,0
29838,0
32007,0
54906,0
3921,0
57744,1
49008,0
25446,1
12493,1
73495,1
29114,1
280,1
33013,0
26305,0
60628,0
52016,1
52527,0
37863,1
5556,1
37536,1
28679,1
8846,0
51661,1
25001,1
27764,1
19888,0
30034,1
17658,1
7650,0
52933,1
20287,0
12719,0
16166,1
64279,1
73115,0
43395,1
45196,1
9960,0
31916,1
379,0
72968,0
68450,1
8720,0
47775,0
37772,1
67863,0
61204,0
57371,1
65521,1
67378,1
72397,1
50095,1
36895,1
8045,0
49356,0
38579,1
56242,0
55941,1
57577,1
20554,0
9062,0
62079,1
19074,1
32227,0
23603,1
14883,1
21709,1
31890,1
19222,0
36796,1
75165,1
59436,1
762,1
34391,1
55888,0
68179,0
40662,0
55921,0
63103,0
5066,0
72796,0
12127,0
65371,0
22229,0
72108,1
4210,1
62228,1
70076,0
61029,0
19728,0
74491,1
51331,1
28574,1
73264,1
55991,0
35896,1
55220,0
67204,0
7970,0
67337,0
61299,1
8050,1
72717,1
64650,1
59615,1
17526,0
35787,0
66619,1
59762,1
18407,0
58854,0
11142,0
6519,1
49148,0
1794,1
8998,1
59216,0
19545,1
30822,0
49602,1
17487,1
59126,0
22924,1
9059,1
32187,1
13323,1
21635,1
33695,0
20313,0
20149,1
63482,0
17505,1
58354,0
61676,0
31125,1
11529,1
47131,1
17374,1
60272,0
69990,1
33838,0
13265,1
42552,0
10815,0
55297,1
69357,0
72468,0
26297,1
44043,1
23966,0
26740,0
59727,0
41091,1
12063,0
50859,1
25241,0
72764,0
20742,1
34221,0
52542,1
59361,0
39985,1
34168,0
59822,0
35796,0
26706,0
37192,1
68632,1
61003,0
36303,0
39292,0
1738,0
70550,1
53472,1
15408,0
21103,1
62917,0
42479,1
21733,1
44424,0
1885,0
28339,1
69114,1
29530,1
281,0
55363,0
30070,1
22149,1
49721,1
4133,1
63837,1
5392,0
41840,1
75086,1
322,0
36758,1
19319,0
59926,0
33117,1
25127,1
67194,1
15709,0
12466,0
40019,1
50388,0
49880,0
61593,0
62957,1
10116,1
15550,0
19641,1
3593,1
29079,1
20285,0
18818,0
39692,1
47188,0
27058,0
31931,0
34574,1
59150,0
42628,0
52479,0
70392,1
21072,1
71511,0
65147,0
25436,1
9584,1
59491,0
29986,0
56007,0
34070,0
54004,0
30602,1
27493,0
23926,0
67822,0
18417,1
36155,1
11651,1
55667,1
47928,1
17808,0
28484,0
7183,1
511,0
19268,0
68921,1
65116,0
70052,1
71488,0
43386,1
14322,1
20069,0
62743,0
50785,1
70293,0
40959,0
49003,0
11989,0
37829,0
59070,1
36275,0
69644,1
38767,0
10959,1
42846,0
4920,1
19393,0
39975,0
20646,0
61830,1
48856,1
34180,0
37125,0
50172,0
53449,0
27470,0
38251,0
75703,1
3443,1
59313,1
63710,0
73347,1
71723,0
6247,1
45473,1
22428,1
6597,1
40196,1
24410,0
30258,0
33180,0
4159,1
51376,1
73281,0
1826,1
47615,0
53781,1
2635,0
54969,1
68047,0
21770,1
33629,1
7025,0
42648,0
73629,0
44629,1
68738,1
48346,1
25819,1
67629,1
73634,0
27705,1
24549,1
49495,0
72082,1
61222,1
52853,0
65297,1
65044,1
44816,0
37726,1
23229,0
70446,0
48591,1
48402,0
70156,0
72005,0
51248,0
50998,1
70477,0
70811,0
26911,1
34794,0
16532,0
25703,1
37014,1
17351,0
74528,0
73038,0
68062,1
29424,0
75271,0
41662,1
36589,0
49282,0
15540,1
53706,1
27807,0
41628,1
43760,1
7891,0
29477,0
59374,0
73075,0
54876,0
52297,0
70945,1
6216,1
44326,0
52735,1
3605,1
32392,0
66635,0
74282,1
44793,1
10702,0
65261,1
72720,1
39813,1
47398,0
11469,1
66525,0
72892,1
22881,0
30314,1
71928,0
49663,1
12708,0
54803,0
74995,0
7842,0
45836,1
37140,1
64373,1
7282,0
42558,1
17030,1
44917,1
10647,1
65229,1
8522,0
66165,0
55415,1
16433,1
27693,1
15555,0
25358,1
66994,0
70840,0
64865,0
34229,0
54019,1
11782,0
69896,0
15037,0
12446,1
57595,0
20124,1
2468,1
67876,0
16687,0
9274,1
39710,0
5778,0
13939,1
8263,0
58931,1
75713,1
42059,1
11113,1
18327,1
60073,1
57475,0
27728,1
31603,1
56882,0
26580,0
40930,1
45237,1
20472,0
73237,0
62523,0
51796,0
66282,1
49381,1
57537,0
55160,0
72753,0
44103,0
34400,0
29980,1
981,0
49043,0
29268,1
54444,0
54882,0
16218,1
70870,1
73295,0
56230,0
12183,0
24090,1
60994,0
14633,1
23103,0
25456,1
69086,0
1076,0
75389,1
1129,0
46422,0
40011,0
20889,0
57420,0
62578,1
33549,0
56250,0
5338,0
64640,0
40045,1
57469,1
22315,1
33145,1
62364,0
45668,0
19161,1
17344,1
58145,1
1443,1
48851,1
57252,0
63025,0
22510,0
65703,1
33691,1
1209,1
35068,1
30095,1
72765,0
23462,1
44141,0
65677,1
7355,1
34817,1
46948,0
45858,1
55276,0
64776,0
37383,1
62814,0
35709,1
67212,1
6005,1
9436,0
59845,1
57910,0
5313,0
20300,1
40451,0
24295,0
60846,0
49000,1
58961,1
7950,1
11158,1
16075,1
16556,1
46155,0
50835,0
17614,1
38264,0
71672,0
51008,0
72762,0
47857,1
25578,0
73077,1
19122,1
3836,1
32468,1
47753,1
14704,0
35186,1
32023,1
12218,1
21753,1
3517,0
65238,1
63609,0
55329,0
12890,1
60936,1
2429,0
31938,0
16250,1
61303,0
18849,1
11742,0
55706,0
11070,0
28188,1
60336,1
50438,1
20365,1
38689,1
10086,1
28477,0
44151,1
57827,1
66825,0
53364,1
2692,1
4471,1
59293,0
49492,0
42070,0
27534,0
42866,1
667,1
48662,0
33775,1
67829,0
14964,0
40386,1
36372,1
64634,1
24010,0
10605,0
67763,0
24165,1
62816,0
57470,0
18570,0
46084,0
58510,1
3773,1
14468,1
62298,0
49409,0
71428,0
63702,0
24918,0
37960,1
71306,1
62375,0
48996,0
11911,0
29573,0
56437,1
6585,0
56476,0
17489,1
28255,1
20778,1
25827,0
23752,1
51736,0
67869,1
22765,0
29217,1
20882,0
42093,0
18592,0
2980,1
26973,0
61569,0
25126,0
20102,0
74807,1
16286,0
45549,1
56070,1
4952,1
56875,0
35231,0
60491,1
66982,0
7098,0
63288,1
66544,1
63420,1
30644,1
29621,0
34186,1
38882,0
44316,1
48742,0
39891,0
7325,1
2402,0
10164,1
20772,1
44159,0
43159,0
75717,0
67401,1
45301,1
25779,0
5626,0
71657,0
3677,1
56653,1
3064,1
19286,0
60797,0
40623,0
7350,0
19936,1
40820,0
34084,0
65947,0
38191,1
2887,0
32487,0
64530,0
69812,0
20836,1
23129,0
42236,0
19336,1
27132,0
3511,1
55478,1
31795,1
70025,1
70791,0
39682,1
6153,1
32053,0
28807,1
73671,0
16347,0
69036,1
27607,0
29491,1
8831,0
44767,0
27040,0
27405,1
31045,0
26571,1
55998,1
36193,0
61577,1
9145,0
8333,1
20079,1
28463,0
8608,0
50365,0
53591,1
18769,1
65584,0
22369,0
3614,0
31164,1
5895,1
28253,0
75453,1
17779,1
72716,1
22117,1
21165,0
68917,0
71341,0
62431,0
21157,0
60389,1
44417,0
55877,1
39854,1
66252,0
58740,1
54930,0
52880,0
15106,1
2611,1
49094,0
65107,0
43613,1
17622,1
11876,1
6486,1
14816,1
27207,0
10171,0
49710,0
17024,1
68388,1
46138,0
44095,0
59691,1
38262,1
56004,0
3173,1
73830,0
1888,0
37801,0
31577,1
43436,0
51953,0
419,0
67210,1
48937,1
20845,1
32351,1
58828,1
18406,1
30516,1
35807,1
48890,0
70319,0
45234,1
24557,1
8784,1
53942,0
19171,0
36053,1
8438,1
65231,0
60703,1
39302,1
17383,1
66240,0
8655,1
38420,0
724,1
63615,0
66337,1
19886,1
13877,0
5370,0
2383,0
62928,1
1180,0
26121,1
5759,1
73583,0
44251,1
3357,0
61138,1
15019,0
17894,1
27218,0
66776,0
12849,1
73976,0
39249,1
69349,0
1739,1
51285,0
16385,0
33730,0
54849,1
7096,0
10388,0
34166,1
19082,1
54170,0
2574,1
21523,0
71921,0
46265,0
58962,0
69453,1
72610,1
11139,0
52477,1
71362,0
12643,1
14009,0
60780,1
72531,1
20315,0
41992,1
38573,0
64409,1
55642,0
62158,0
39696,1
62735,0
42020,0
40531,1
73988,0
38414,1
31162,0
56691,0
16917,1
27512,1
75276,1
39010,1
48780,0
11206,0
13802,1
74224,1
10564,0
70614,1
49659,0
40054,0
44608,0
51264,0
40698,1
34594,0
44901,1
27683,1
23744,0
62862,0
44542,1
31154,0
50671,0
57110,0
47709,0
13066,1
56641,1
68408,0
15624,0
12200,0
29493,1
54400,1
56155,0
22337,0
19330,0
54886,0
34197,0
40227,0
70347,1
34449,1
48165,0
2854,0
29453,0
30233,0
73441,1
48729,1
30153,1
52539,0
51748,1
2948,0
39457,0
36877,1
44282,0
55931,0
14454,1
48368,0
71407,1
30981,0
27673,0
46864,0
21385,0
68944,1
11115,0
66410,1
50531,1
10899,0
9564,0
61201,0
69679,1
51498,1
30729,1
22894,0
35804,0
56757,0
14083,0
31548,0
49580,1
36992,1
18795,1
63112,1
41162,0
49565,0
71847,0
52996,0
39597,1
1143,1
11763,1
40322,1
1692,1
39172,0
44477,0
58865,0
11317,1
42647,1
67308,1
15805,1
11771,0
41330,1
58613,1
66021,1
68354,0
59005,0
25533,1
43781,1
59312,0
56570,1
75617,1
50087,1
895,1
43512,1
22306,1
68807,1
15058,0
16171,0
27503,0
66568,0
63671,0
42603,1
19923,0
40546,1
53952,1
6264,0
36568,0
16146,1
32625,1
17889,0
58638,1
54317,1
29272,0
47442,0
27120,1
59684,1
29478,0
56034,0
24713,1
23669,0
6716,0
40807,0
35266,0
23770,1
9153,1
45558,0
71990,1
41017,0
66175,1
57763,1
30021,0
14230,0
21020,1
9790,1
74005,1
27509,1
24733,0
41597,0
50436,1
4814,1
68887,1
15628,1
51602,1
55546,0
10313,0
54625,1
59413,1
61810,0
23112,0
47912,1
64010,0
51475,0
20215,0
36451,1
63678,1
73074,0
58378,0
8889,0
46826,1
73935,0
16741,0
41076,1
1762,0
71438,0
66360,1
13183,0
68154,1
18710,0
51483,1
6663,1
58979,1
12689,1
10153,0
13946,1
27751,1
15148,1
29681,1
37378,1
55692,0
3388,1
57345,1
11015,0
57684,1
43607,0
31596,0
70518,1
4596,0
40250,1
59300,0
75459,1
49508,0
45283,0
75306,1
72233,0
59675,0
41454,0
28291,1
35943,0
10856,1
70587,0
57819,0
54032,1
41896,1
37939,1
36518,1
2380,1
61105,1
524,1
65595,1
74457,1
73307,1
18689,0
22400,1
45305,0
12259,0
66331,1
57360,1
53433,1
13158,0
41856,1
24105,1
30445,0
56111,0
15659,1
56418,1
57328,0
21743,1
64295,1
63187,1
10567,1
57440,0
58811,0
19375,1
22614,0
64807,1
69016,1
21065,0
45460,0
10148,1
27795,1
37275,1
4736,1
5032,1
63095,0
68372,0
69421,0
10156,0
19873,0
71178,1
67537,1
71605,1
46174,0
17640,1
38521,1
36860,0
28972,1
32309,0
54206,0
59531,1
54159,0
6978,0
30289,0
35221,1
43306,1
9681,0
10315,1
13976,0
22488,1
4717,1
32055,0
56820,1
29806,1
4479,1
43855,0
70492,1
74750,1
55409,0
60115,0
11378,0
32516,1
34715,1
28947,1
32321,1
35476,1
46055,0
52046,0
20010,1
65894,1
53252,1
10932,1
33641,0
39723,1
12892,1
5707,1
50945,1
19832,1
72963,0
19914,1
43450,0
16335,1
53729,0
66941,1
66486,0
37717,1
28197,0
5727,0
3775,1
60547,1
24355,0
18390,0
730,1
31140,0
74717,1
65064,1
23119,0
21117,1
35185,0
11446,1
53575,0
6766,0
30970,0
38796,1
19589,0
5314,0
50154,0
51964,1
36945,1
19987,1
69007,1
47750,1
34790,1
58364,1
31819,0
53911,1
33009,1
14802,1
63952,1
74121,0
36077,1
15222,1
69629,0
33656,1
8754,0
36573,0
34471,0
11653,0
48577,0
29465,1
26099,0
28681,1
44748,1
4856,1
47352,0
40625,0
30670,1
67303,0
26752,0
64900,0
71975,0
41589,0
1874,0
67216,0
45700,1
74884,0
42734,1
274,0
70490,0
49678,0
10306,0
65599,1
13659,0
75140,0
74156,0
364,0
5335,1
59876,0
20656,0
51668,1
49467,0
47903,1
3062,1
23947,1
9083,0
13691,1
45883,1
28725,1
5894,1
55857,0
60500,0
17872,0
20668,1
61447,0
73548,1
46824,1
7378,1
30764,1
3305,0
66066,1
52650,0
65216,1
2801,0
54977,0
48919,1
45131,1
27938,1
68537,1
72409,1
30595,1
68433,0
73392,0
70539,0
7566,0
3017,1
17592,0
25697,1
7305,0
52171,1
9744,1
44579,1
24655,0
52387,0
24153,0
45400,1
61789,1
49537,1
26456,1
49831,1
53701,1
43651,1
26475,1
16842,1
62443,0
19700,0
38468,0
63935,1
75795,1
48827,1
22811,1
28646,1
38382,1
5822,0
52035,0
25077,1
39120,0
483,1
39924,0
40849,1
72285,1
65740,1
36550,0
41594,0
7879,0
14063,1
73609,0
25370,1
24116,1
39075,0
23043,0
55629,0
19770,1
19658,0
36241,0
36690,0
43127,0
34272,1
52462,0
47494,1
58773,0
47265,1
24760,0
19337,1
41554,1
3431,0
40491,1
48560,1
74212,1
51638,0
37015,1
52050,1
37403,1
47738,0
15170,0
28194,0
40832,0
58332,1
34478,0
21363,1
10700,1
32980,0
9001,0
24753,0
28281,1
50816,0
68500,1
8620,0
12249,0
135,1
41082,0
7272,1
37741,0
28024,1
24699,1
75799,0
19369,1
53305,1
20694,0
6051,0
22792,0
57854,1
14539,1
53312,1
54908,0
33536,1
5793,0
72607,1
50328,1
69497,1
51593,1
25163,1
31536,1
9400,0
19533,0
46264,0
18846,1
73328,0
33332,0
869,0
13544,0
29926,0
8964,1
60394,1
56663,1
30699,1
34562,0
67017,0
15796,1
58893,1
2410,0
34128,1
65450,0
49193,1
33911,1
4943,1
40690,0
27253,1
48965,1
31584,1
19740,0
75677,1
37119,0
36215,0
12010,0
57265,0
17426,0
5509,1
63825,0
33692,0
50274,1
54948,1
27000,1
13273,0
18411,1
41363,1
59599,0
74137,0
22138,1
60969,0
28594,1
47003,0
11730,1
32110,1
13610,0
20295,0
29972,1
29535,0
36462,0
39546,1
23185,0
12333,1
29040,0
18915,0
3655,1
52614,1
27933,1
60124,1
2296,1
74674,0
9409,1
54467,0
45135,1
39044,0
64984,1
39091,0
68769,1
29693,0
45235,1
54735,1
16623,1
74073,1
1003,1
25480,1
12901,0
16207,0
11877,0
37535,0
28900,0
5016,0
32566,1
67896,0
71029,0
35969,1
52166,1
60727,1
61344,0
9044,0
65315,1
48299,0
13249,1
60695,0
62403,0
65619,0
12068,0
63213,0
38185,0
47856,0
53206,0
59045,1
13069,0
51637,0
63521,1
33016,0
36937,1
56495,0
70484,1
22367,1
50837,0
56763,1
73498,1
22409,1
75250,0
35150,0
31815,1
10965,0
31926,1
53304,1
66512,1
50741,1
33159,1
17916,1
27415,0
17973,1
45129,0
17355,0
30176,1
25537,0
31255,0
45582,1
53797,0
59348,0
36453,0
20824,0
68780,1
29237,0
20482,0
3983,0
47063,1
5404,0
62454,0
33033,0
58535,0
45123,1
53757,0
21383,1
47297,1
63241,0
54047,0
68672,1
33299,0
41137,0
35326,0
19349,1
66211,0
20441,1
810,0
3385,0
58001,0
20762,1
31800,0
68722,0
41018,0
21044,1
73983,0
46772,0
24646,1
47050,1
56841,1
28973,1
20361,0
73330,0
5587,1
34093,1
60844,0
12289,1
55484,1
67579,0
41786,1
47791,1
38017,0
34014,0
28457,0
47854,1
14718,1
45756,0
38690,1
15376,1
38717,1
47152,1
72841,1
17140,0
56928,1
28187,1
29191,0
9122,1
75404,1
5884,0
15311,0
15208,0
3042,0
29350,0
16944,0
1700,0
11323,1
6881,0
31762,0
5124,1
28227,0
12145,1
18732,0
58118,1
45386,1
14601,0
42316,0
53070,0
60538,1
35721,0
16900,1
67268,0
48423,1
62351,1
73238,0
28096,1
33935,1
39831,0
433,1
25417,1
58866,1
41105,0
52956,1
1785,0
18315,1
17282,0
59551,1
53231,1
25772,0
36483,0
55287,1
25382,0
24271,1
31793,1
63098,0
17258,1
25156,0
46694,0
3467,1
32401,1
59716,1
26945,1
10122,0
17105,0
29243,1
13372,0
23127,1
29247,1
36487,0
51210,1
40612,1
61940,0
74393,1
22910,0
62716,1
2233,0
46053,1
106,1
67008,0
7447,1
7481,0
16513,0
55413,1
14781,0
74654,1
61041,1
44421,0
54708,0
47392,1
56268,0
54824,1
27882,0
66763,1
61370,0
51997,1
4007,1
67130,0
28489,0
40822,1
825,0
50891,1
49244,1
15571,0
19217,0
8092,0
73480,0
21764,0
23422,0
22549,0
23387,1
55263,0
48942,0
1928,0
41247,0
57154,0
46310,1
45121,1
28501,1
5800,1
40371,0
14475,0
10491,1
35453,0
53302,1
13234,1
59495,0
17772,0
57456,0
12604,1
73530,1
29332,0
24305,0
278,0
16249,1
58257,0
19856,1
50880,1
28191,0
42482,1
68181,0
61546,1
70802,0
6524,1
45879,1
40055,1
37390,1
20229,1
181,0
32416,0
21835,0
18983,0
15803,1
71392,0
1347,1
37728,1
43910,0
17788,1
26349,1
1248,1
12473,0
2689,0
12900,1
10195,0
61462,1
11746,1
63666,1
71166,0
71820,1
0,1
15823,1
15842,0
15885,0
37971,0
26931,1
57170,0
30464,0
30638,1
6623,1
22857,0
40972,0
10421,1
2820,1
25246,0
41717,1
300,0
33642,1
35291,1
26886,1
67550,0
44832,0
43165,0
23878,0
49241,1
1424,1
573,0
23978,0
64217,0
33267,1
16962,0
12276,1
55752,1
50777,1
61113,0
55898,0
14817,0
10955,1
69492,1
3110,0
19312,0
51314,1
40965,0
9259,0
26005,0
70462,1
43656,0
46757,1
7526,0
29786,0
5819,1
24390,0
46877,0
42347,1
61495,1
53620,1
6143,0
40389,0
39931,0
49309,0
52052,0
1598,1
56627,1
40964,0
25994,1
24504,0
12608,1
74431,1
25567,0
66286,1
56651,1
70011,1
37335,1
37930,0
23002,0
39223,1
46893,1
39498,1
20339,1
14282,1
19201,1
36548,1
65020,1
33383,0
75249,0
47510,1
22450,1
54751,1
67040,1
19203,1
4091,0
72130,1
33964,0
55034,0
49946,0
691,0
72191,1
35975,0
38512,0
12383,1
4543,0
18595,1
12642,0
15771,1
41249,0
46391,1
10533,1
44934,0
10826,1
12291,1
16231,1
10860,1
7429,0
36699,1
1831,1
67755,1
62897,0
32480,0
55754,0
26594,0
7634,1
40809,0
33133,1
47740,0
10062,1
48500,0
44578,0
55218,1
12794,1
17936,1
29492,1
26941,0
74617,1
20513,1
35424,1
16305,0
50817,0
4932,1
39370,1
17795,1
57554,0
35347,1
52421,1
64508,0
32085,1
63650,0
15778,1
16882,1
42375,1
53488,1
38785,0
35133,0
53452,1
27830,0
68017,1
21039,1
35361,1
70100,0
66904,0
19050,1
12335,0
31130,0
70917,0
63254,1
18092,0
41042,0
43037,1
59907,1
26095,1
12503,0
19858,1
66516,0
37078,1
41223,1
13573,1
61695,1
46357,1
61614,1
24201,0
9941,0
19322,0
5259,0
50506,0
52098,1
32273,1
10168,0
46302,1
37443,0
18309,1
29234,0
21378,1
67208,0
842,0
17421,0
30543,0
21266,1
31650,1
40515,0
65984,1
48703,1
53049,0
4532,0
48990,0
38708,1
3299,0
52364,0
60155,1
34134,0
68770,0
66464,0
2083,0
6217,0
31027,1
63855,1
53284,1
37461,0
68474,0
5691,0
66715,0
24965,1
13020,1
19501,1
39330,0
40081,1
500,0
37618,1
51624,1
36529,1
809,1
34241,1
4151,0
29184,0
55262,1
62132,1
51871,0
64978,0
2036,0
41980,0
59310,1
53197,1
66090,0
71450,0
67108,0
64564,0
52935,0
6730,1
35764,1
8527,0
15186,1
25021,1
68836,0
31095,0
64092,1
74818,1
36598,0
3690,1
6356,1
5199,0
31647,1
20422,0
18455,0
5658,1
43890,1
49021,0
25090,1
26843,0
61621,0
21429,0
15294,0
14181,1
31437,0
63594,0
62689,0
8185,1
60906,1
43879,1
62898,0
35773,1
31495,0
51808,0
22676,1
46571,1
61302,1
53457,1
23289,1
38458,0
25048,0
58560,1
1251,0
3604,1
27632,1
4207,1
62415,1
19334,0
50634,1
62172,1
39027,0
71112,0
43609,0
36781,1
3586,1
41108,1
940,1
71611,0
46570,0
23188,1
36804,0
73144,0
20341,0
19141,0
32908,1
60978,0
6199,1
8223,0
27318,0
791,1
26133,0
50398,0
37171,0
55423,1
70837,0
44536,1
64014,0
11863,0
24094,1
45886,1
37509,1
37736,1
70991,1
3703,1
34214,1
55745,0
36921,0
52998,1
35758,1
64676,1
34869,0
4468,0
23453,0
63506,0
33830,0
55933,0
24224,0
59611,0
33709,0
53036,0
72672,1
22007,0
3653,0
51313,1
44152,0
3489,0
57512,0
36078,1
65623,0
25973,0
32009,1
39668,1
67700,0
5984,1
2346,0
25098,0
8065,1
68593,1
19167,1
45466,0
70125,0
1321,0
68446,0
38535,1
31854,1
10643,0
74979,1
50633,1
9509,1
26583,1
48645,0
32948,1
66706,0
17146,0
53074,0
3235,1
28596,1
17462,1
27721,0
58900,0
13881,0
50429,0
6814,0
57304,0
16406,0
22115,0
6383,1
8956,0
23893,1
12648,1
47243,0
49656,0
27027,1
33575,1
70921,1
61687,1
14851,1
70247,1
33546,1
38407,1
55516,0
75167,1
44406,1
54529,1
60708,0
70683,0
49342,1
18043,1
70042,0
5765,0
37209,1
26009,1
25876,0
1768,1
11496,1
13417,1
59318,0
42402,1
24185,0
56285,1
737,1
58483,1
75759,1
75144,0
17086,0
31617,0
14058,0
46718,0
38770,1
24385,1
41951,1
30432,0
71346,1
22417,1
56114,0
69776,0
71706,1
21693,1
60661,0
72601,1
75100,1
68857,0
1120,0
29909,1
2199,1
21588,0
73870,1
24939,1
14010,1
15695,0
56637,1
29853,1
61022,1
37798,1
37786,1
65310,0
71375,1
65799,1
31757,1
54521,1
56395,1
25957,1
22123,0
21899,0
3794,1
9421,0
42292,1
64603,1
62177,0
19276,0
54246,0
62963,0
60420,0
66588,1
41466,0
44635,0
22066,1
32169,1
52229,0
35262,0
71964,0
38352,1
15728,0
19016,1
12252,1
61093,1
41780,0
8623,0
25119,1
16607,0
55075,0
22823,0
35669,0
22590,1
20368,1
8629,1
56417,1
38750,1
59685,0
73685,1
30229,1
63255,1
7837,1
2223,1
21231,1
66682,1
27541,0
12764,0
44820,0
32184,1
75493,0
27713,0
1858,1
22582,1
17209,1
63818,1
48357,1
57071,1
27380,1
25837,1
21151,0
36425,1
62574,0
13830,0
92,1
47424,1
10106,0
52350,1
25959,0
30850,1
9135,1
70182,0
30957,1
72827,0
17918,0
33240,0
15437,0
66733,0
53097,1
59554,1
8461,0
11693,0
51892,0
47606,1
39316,1
25886,0
36273,0
64105,1
29991,0
3854,1
35777,1
1373,0
74511,0
8717,0
52770,1
67504,1
51119,0
18521,0
72512,0
9552,0
22523,1
32738,0
68227,0
35828,1
73364,1
56389,1
10766,0
13915,1
8501,0
54957,0
12341,1
72184,1
31785,1
70303,0
64167,0
60963,0
30,0
42488,0
61338,0
48238,0
40066,1
13191,0
21196,0
72618,0
44321,1
16902,1
31520,1
74311,1
26830,1
68809,0
39820,0
62896,0
54712,1
31446,1
45591,1
58916,1
7775,1
64117,0
57956,0
35682,1
44568,0
61394,1
21923,0
36923,1
43396,0
69136,1
38781,0
26310,1
24740,1
22014,1
65088,0
58687,1
56150,0
71893,0
32599,1
22382,0
23511,1
58172,0
37250,1
39060,1
51834,1
35930,0
1078,1
70808,0
72044,1
72116,0
16827,1
670,1
64461,1
27344,0
75686,1
65929,1
3974,1
30158,1
59803,0
21991,0
44491,0
56675,1
17681,1
60874,1
29301,0
38645,1
75773,1
6093,0
48079,0
56845,0
5368,0
18183,0
70251,1
10681,1
5402,1
25275,0
38295,1
44310,0
45575,0
7452,1
27856,1
55015,0
29185,0
28998,1
11574,1
54374,1
31772,1
2316,1
10260,0
68459,1
68642,0
9338,1
53164,1
47613,1
40561,0
7732,1
70398,0
54981,1
5857,0
24956,1
36471,0
21992,0
35892,0
55119,0
19078,0
38553,0
1094,1
43379,0
69175,1
43027,0
65687,1
47923,1
64418,0
63844,0
46348,1
5977,1
56787,0
64738,1
73891,1
18701,0
59702,0
68860,0
8663,0
31197,1
13067,1
60100,0
62970,0
50778,1
19660,1
45744,0
43389,0
54559,0
62569,0
6624,1
913,1
16710,0
8204,1
17367,0
69233,0
60982,1
47665,1
67638,1
39043,1
47658,1
48644,1
32792,1
74428,1
3446,0
4610,0
32081,0
25522,1
66877,1
42105,0
29240,0
61434,1
12487,1
8892,0
12974,1
16643,1
66196,0
49228,1
12095,1
11958,1
35026,0
63296,1
65311,1
29094,0
63455,1
6769,0
1499,0
41886,1
62995,0
47038,1
21256,1
42420,1
19692,1
5326,1
68520,1
10545,1
30334,0
75627,0
39816,0
38439,0
53979,1
25095,0
73485,1
51166,1
2146,1
25619,0
57803,1
5496,0
43923,1
948,1
12219,1
21737,0
51813,1
75740,1
27633,0
4879,0
75117,0
34266,1
19258,1
44375,0
55470,1
31563,1
66529,0
54129,1
6771,0
20639,1
61646,1
5792,0
29253,1
56521,1
67484,0
26088,0
45070,1
67085,0
3055,0
12385,1
38939,1
52457,1
60865,1
74333,0
25277,1
19083,0
50484,1
38471,1
69328,1
66909,0
17602,0
50437,1
1227,1
19512,0
74041,1
1673,0
63859,0
25936,0
34620,0
25046,0
69230,1
2933,0
23604,1
46127,0
21771,0
36520,1
51866,0
61023,1
39856,1
19815,1
206,0
53267,0
51398,1
18655,0
48437,0
30287,0
14833,1
37046,1
62315,1
28352,0
11925,1
9272,1
29684,1
8122,0
31977,0
71308,1
18877,1
35426,1
58553,0
45401,1
68801,1
7534,1
71432,0
23815,0
58181,0
4168,1
36651,0
68263,0
22563,1
31646,1
13944,1
54922,1
30069,0
57525,1
3997,1
47375,1
30388,0
40410,0
63936,1
15387,0
33166,0
55393,0
24611,1
69790,1
17452,1
73651,0
62720,1
63841,1
3971,0
6201,1
62497,1
21031,0
29545,0
73400,1
52106,1
22696,1
69147,0
3810,1
27200,1
14486,0
16677,0
37415,0
44818,0
37881,1
34110,0
606,0
12088,0
36549,1
53090,1
50030,1
24128,1
15910,1
43686,1
73996,0
15361,1
75045,1
16509,1
62320,1
27496,1
1037,1
65324,1
49291,0
65841,0
1222,0
56039,1
22279,0
43754,1
67387,1
17634,0
8044,0
38828,0
45158,1
30374,0
10198,0
15028,1
23241,1
31217,1
61350,1
75705,1
48386,0
25302,0
45297,1
19640,1
45717,0
21403,1
21850,0
17327,1
24298,0
21232,0
389,1
70926,0
551,0
58209,0
61548,1
12852,1
8076,0
3549,0
44763,0
16416,0
50021,0
19068,0
5834,0
55223,1
56994,1
27443,0
32375,1
11580,1
25607,1
23183,1
3085,1
9889,0
14435,1
33595,1
16040,0
65181,0
25673,1
41377,0
19618,0
45410,1
22955,1
60704,1
68950,0
9395,1
5624,1
62710,0
50313,1
4780,1
55219,1
74438,0
47132,0
19564,0
41182,0
27672,1
10998,0
69562,0
27859,0
29620,0
3191,1
46007,1
70240,0
58567,1
17027,0
63307,1
45192,0
5541,0
4904,1
61402,1
54269,1
24615,1
10530,1
59777,1
36277,1
59363,1
35579,1
61952,0
36750,0
39980,1
60251,0
55947,1
18802,1
67239,1
36031,1
67394,1
47578,1
45623,0
70289,1
892,1
49190,0
14100,0
75352,0
13471,1
20268,0
3541,0
22979,1
108,0
7572,0
39360,0
66155,0
60882,0
45186,0
69043,0
39670,0
18249,1
72333,1
70737,0
36036,1
63171,1
46362,0
75375,0
63680,1
59009,1
10888,1
37088,0
22749,0
13855,1
70796,0
72496,0
72858,1
30145,0
5820,1
65346,0
3396,0
29346,1
1193,0
49824,0
49654,0
42950,1
12647,1
48971,0
64510,0
4211,0
38859,1
73175,0
24698,1
71561,0
14503,1
52674,1
19465,1
52841,1
68028,1
8950,1
54515,1
25710,0
64993,1
7359,1
8259,1
52896,0
30278,0
3510,0
13379,0
44132,1
27696,0
14287,0
355,1
65581,1
4214,0
59947,1
15185,0
23088,0
47425,1
60052,1
3957,1
56946,0
61019,0
70162,1
987,1
65934,0
68876,1
71406,0
13598,0
24424,0
31196,1
47519,0
33476,0
6506,0
18766,0
2389,1
64473,1
6124,1
65164,1
49436,0
59244,0
9626,0
60734,1
50548,0
65461,0
48320,1
66498,0
3969,0
8206,0
58056,0
56420,1
12188,1
74508,1
38523,1
54780,0
40471,1
24860,1
50834,1
26179,1
58028,1
70360,1
72682,1
46710,0
66818,1
19855,0
57276,1
25153,0
45045,1
60295,1
66773,1
28733,0
25247,0
37316,1
47,0
48145,1
29622,1
11861,0
2989,0
57994,0
2605,0
12782,0
56485,0
68759,1
8922,1
9459,1
10569,0
45741,0
60599,0
53997,0
60039,0
30945,0
49568,1
59550,0
429,0
3732,1
18921,0
12484,0
48070,1
228,1
10893,0
73700,0
54512,1
5308,0
72539,0
20028,0
46771,0
56658,0
32713,1
31736,0
72939,0
6949,1
52399,0
14933,1
8498,0
47643,0
29930,0
61785,1
49249,0
41983,1
18207,0
40710,1
86,0
21560,1
55989,0
57163,1
5317,1
13745,0
75206,0
20203,1
65363,0
27876,1
67342,1
31453,0
16760,0
9463,0
74607,0
55626,1
66555,1
70868,1
62837,1
39325,0
9242,0
12858,1
33729,0
1890,1
72455,1
69715,1
2512,0
44249,1
44246,0
57018,0
62511,0
65207,0
5312,0
33924,1
24426,1
74671,0
54760,0
74605,0
525,0
30296,0
43678,0
51043,1
70080,1
42627,0
50303,0
53482,0
9414,1
21357,1
3289,1
49432,0
40468,0
5508,1
4305,1
33093,0
41416,0
5972,0
2862,1
1694,0
57980,1
41945,0
67219,0
46915,1
75107,1
14866,0
14229,1
45408,1
29421,0
24912,1
8212,1
45637,1
22394,0
64940,0
30936,0
49230,1
2314,1
62526,1
13083,0
62190,0
13089,0
22239,0
31176,1
37070,1
51647,1
46775,1
60648,1
26640,1
11472,0
26100,0
53211,0
52605,0
57952,0
3945,1
11427,0
70362,1
12026,1
56767,0
50123,1
70687,0
16604,1
2453,1
36714,1
959,1
4150,0
60471,0
55883,0
42528,0
1025,1
55480,0
29616,0
11494,1
75506,0
47642,1
12347,1
50993,1
50472,1
11576,1
19415,0
41641,0
65696,0
8041,1
39256,0
55876,0
31031,1
1359,1
46080,0
51578,0
13891,0
715,0
27367,0
25220,0
17222,1
65413,1
57911,0
5902,1
35228,1
64075,0
45346,0
25133,1
68188,1
16980,0
51939,1
52825,1
1961,1
2969,1
57484,0
33073,0
19749,1
55785,1
54645,0
35080,1
17866,0
14873,0
33865,0
61035,1
30288,0
20547,1
65400,0
14814,0
3665,1
54363,1
74295,0
42893,0
70649,1
63163,0
16720,1
45021,0
56303,1
38591,0
49256,1
71333,0
57768,0
11704,0
23910,1
71707,1
57683,0
74266,0
24082,0
3926,1
2826,1
50657,1
17518,1
59453,1
20707,0
64236,1
41584,1
29003,0
50674,0
28430,1
23420,0
36474,0
68896,0
53608,1
46993,1
50144,0
28975,0
51025,0
15938,1
8261,0
63626,1
50239,0
5528,0
19629,0
69252,0
67450,0
53404,1
52187,1
50191,0
39291,1
22059,1
13898,0
35976,1
67488,1
34820,1
7535,1
10936,0
10753,0
4719,0
53138,0
69940,1
6960,1
40130,0
7885,0
15556,0
65146,0
7646,1
46032,0
57955,0
73435,0
40283,1
44937,0
32673,0
346,0
17645,0
8477,0
25845,1
10658,0
69219,1
3386,1
23685,0
73861,0
63340,0
3165,1
34059,1
55122,0
685,0
60594,1
49130,1
11067,0
10500,0
2060,1
17659,1
15886,0
75214,0
52677,0
70361,0
6488,1
69191,0
44804,0
29771,0
4921,1
68366,1
36955,1
31212,1
9141,0
72544,0
52727,1
24260,1
33388,1
29558,0
56624,0
70308,0
73042,0
23440,0
60196,1
5494,0
75151,1
27353,1
38516,1
60322,1
14075,1
65843,1
3321,1
11102,0
19391,0
35880,1
35591,1
50186,0
72937,0
62446,0
20435,0
49117,0
43795,1
50734,1
57820,0
12694,1
74133,1
70376,0
25252,0
21873,1
69064,0
7898,1
4428,1
1021,1
57989,1
33095,0
54909,1
18162,0
65546,0
15227,1
32968,0
70938,0
55197,0
66905,0
24303,1
3967,1
71090,1
60743,0
67309,1
14321,0
56072,1
41404,0
55578,0
47242,1
6848,0
70364,1
64735,1
22673,1
31455,0
11084,1
39725,0
68320,0
52053,0
6248,0
35731,0
69150,0
40566,0
38563,0
14684,1
8465,1
32333,0
51663,0
9682,0
6584,0
22137,0
74064,0
14429,1
28769,1
26541,1
66220,0
72899,1
55454,0
21059,0
20047,1
22008,1
72284,1
45179,1
26686,1
48950,0
15342,1
4562,1
58174,0
36140,0
44451,1
61149,0
30824,0
19695,1
70494,0
55711,1
5789,0
45081,0
3047,0
23540,0
26101,0
52723,0
33956,0
7134,1
14000,0
33342,0
5438,1
28690,0
28943,0
63036,0
26586,1
46451,1
18907,1
73584,1
34696,0
42593,0
38720,0
18126,1
59252,0
46092,0
11875,1
41313,1
67788,0
2524,1
44663,1
37763,0
48660,0
55661,0
46818,1
36880,0
3121,0
66830,1
51171,0
48992,0
61984,1
4463,0
44465,1
32338,0
70197,0
5583,0
20726,0
10264,1
17573,0
16246,0
25066,0
19707,1
21224,0
13434,0
74513,1
61928,0
45550,0
12511,1
14521,0
24982,0
30355,1
46517,1
19184,0
13796,0
38940,1
5060,0
24620,0
14105,1
5382,1
64233,1
1113,1
11322,1
36734,1
59585,1
72398,0
55880,0
15830,1
9632,1
15088,0
46202,1
70602,0
61209,0
14088,1
63651,0
51565,1
48876,0
37602,0
58797,0
44124,1
14949,0
60966,0
39037,1
73360,0
72901,1
34974,0
58844,0
9177,1
65593,0
60281,1
44389,0
71521,0
57194,1
37796,0
60217,0
45429,0
18799,1
42749,1
15321,1
46343,0
21235,0
57287,1
68032,0
39525,0
40314,1
61829,1
29784,1
19278,0
14117,0
30411,1
26299,0
13346,1
47794,0
72545,1
42742,1
32018,0
47998,0
9340,1
60417,1
26113,1
33199,0
46758,0
27806,1
19733,1
3837,0
28167,0
579,0
10904,0
59538,0
21319,0
56001,1
51347,1
17842,0
54173,0
23538,0
73256,0
23909,0
22285,0
70339,0
4359,0
37523,1
45928,0
51537,1
42504,1
62,0
37546,0
67345,0
6832,0
58384,0
49780,0
59728,1
58639,0
44447,0
1233,0
66777,1
44286,0
22705,0
26863,0
38317,0
12816,1
816,0
41839,0
44288,0
63831,1
23617,0
64147,1
24088,1
9556,1
59378,0
16403,0
19921,0
42899,0
7381,0
10406,1
6302,0
64716,0
50203,1
43732,1
3826,1
27822,1
7273,0
45881,0
14541,1
30345,0
2661,0
35308,1
26479,0
9527,1
21674,1
1733,1
73088,0
2598,1
38386,1
74921,1
3603,1
31917,0
67333,1
23214,1
53898,0
6690,1
10479,1
34784,1
56827,0
30754,0
14071,1
43954,0
44879,1
41630,1
5905,1
48677,1
71047,1
2950,1
37604,1
39855,0
3330,1
73534,0
50073,1
9508,1
36203,0
9479,0
62152,1
44535,1
535,0
27841,0
7154,1
26080,0
48706,0
3749,0
60513,1
38052,1
54626,1
18920,0
1203,1
24840,0
57987,0
3488,0
23860,0
14921,0
64803,0
19028,1
36813,1
24836,1
35986,0
4261,1
15440,1
26870,1
20515,0
51942,0
19297,1
51427,1
5054,0
68477,0
28060,0
21727,1
48485,0
39500,0
57817,1
57559,0
49461,1
34489,1
28130,0
11515,0
13852,0
19657,0
330,1
19169,1
19833,0
64826,1
44634,0
60894,0
10444,0
36147,1
37336,0
7734,0
42493,1
21777,1
70443,1
11779,0
24056,0
29212,0
25414,1
15360,0
43182,1
61963,1
10550,1
31078,1
51239,0
28577,0
58843,0
4877,0
19087,1
6045,1
70311,0
36345,1
33415,1
54010,0
37884,1
70948,0
74700,1
13031,1
42031,0
53609,0
8191,1
75304,1
2490,0
45076,1
9189,0
40334,0
28871,1
51511,0
2665,0
14916,0
19943,0
10252,0
65994,1
39806,1
11750,1
69878,1
40705,1
7494,0
59525,0
74274,0
70277,1
26322,1
48254,0
55654,0
31107,0
18065,1
12636,0
61809,1
37974,1
51198,1
39490,1
50524,0
11960,1
62305,1
10907,0
54247,1
73496,1
7991,0
7747,0
35812,1
13837,1
74600,0
39418,0
459,1
58422,1
75101,1
27328,1
50405,1
61778,1
75678,0
32102,0
67058,0
16388,1
6155,1
24315,0
62137,1
19807,1
64869,1
35938,1
41848,1
8774,1
57668,0
38006,1
9648,0
73474,0
57928,0
57729,0
72619,0
56635,0
58651,0
54236,1
18344,1
56947,1
26519,0
61553,1
64482,1
974,0
16988,0
45260,1
4381,0
54544,1
75427,1
38456,1
35494,1
62170,0
16602,0
344,0
49704,0
52450,1
61612,0
23949,1
5531,1
55675,0
39743,1
71128,0
27034,1
59698,1
16435,1
30580,1
31059,1
14023,0
21274,0
56726,0
36499,0
70062,0
48499,1
72195,0
7872,0
34641,0
62615,1
17656,0
6323,0
54590,0
35830,1
9235,1
16193,1
36199,1
24420,0
27287,1
10742,1
71507,0
56131,1
40766,1
51713,0
23881,1
16904,1
73904,1
3546,1
11959,1
70879,0
41490,0
1524,1
57075,1
31951,1
4367,0
43775,0
64262,1
68588,1
34354,1
17888,0
45777,1
75525,0
71441,0
39114,1
32842,0
36468,1
60679,1
44234,0
23415,1
64540,1
10705,0
55375,1
57850,1
51952,1
69954,0
12870,1
22962,1
37959,0
70863,1
45251,1
64061,0
27137,0
59951,1
7448,0
13287,0
30588,1
33047,1
28061,1
7249,0
38239,1
58101,0
9909,0
66913,0
6608,1
37871,1
26233,0
39000,0
11916,0
12577,1
14140,1
23964,0
53366,1
41083,0
70631,1
46149,0
61574,1
24854,0
19209,0
75207,1
68266,0
49935,1
57088,1
15381,0
47169,1
53237,0
54452,0
65679,0
52738,1
12521,1
69678,0
47540,1
10594,0
72557,1
25415,1
29249,1
32595,1
25203,0
15964,0
15318,1
16852,0
72390,1
41569,0
9311,0
70318,1
53335,0
48993,1
57538,1
50895,1
30542,0
39387,0
13419,1
50044,0
65330,0
38760,1
2242,0
44594,0
57855,1
40044,0
19503,1
36393,0
39486,0
44261,0
20661,0
30439,0
58271,0
74158,1
30503,1
55927,0
58039,0
20210,0
48157,1
51559,0
46811,1
26448,0
26608,0
10069,1
47509,0
62524,1
18258,0
66206,1
25951,1
6448,0
69320,1
35954,1
4551,1
58654,1
68874,1
56596,0
28919,0
12684,0
33582,1
68970,0
60772,0
7893,1
70070,0
11811,1
75430,1
73512,0
42014,1
26415,1
26578,0
69988,0
19162,0
14305,0
55510,0
2882,1
4844,0
11256,0
52796,0
71972,0
72281,0
3622,1
69858,0
9454,0
31393,1
75768,0
49788,0
61436,0
72252,0
62140,1
66761,0
40707,1
75667,0
67443,1
13663,1
49881,1
66317,0
25006,1
56505,1
30156,1
1778,1
52787,1
10245,0
11634,1
42762,1
34150,1
40475,0
24272,1
68878,0
14994,1
31165,1
51824,1
25708,0
63907,1
45270,1
30835,1
61337,1
29183,0
29434,1
12988,1
24143,0
2478,1
31878,1
61549,1
25258,0
75683,0
41202,1
32386,1
38103,1
70423,0
6387,1
41238,0
27555,0
9,1
62598,0
40900,0
43136,0
28269,0
10914,1
69055,1
65491,0
14158,0
72302,1
37470,0
74206,0
2609,0
31326,1
39622,1
19306,1
54804,0
93,1
19543,0
49750,0
59271,1
14284,0
27488,1
57073,0
26879,0
57254,0
56859,1
28804,1
23869,0
39183,0
67155,1
68041,1
73840,0
58019,1
48374,1
17722,1
42911,1
564,1
73952,0
1188,1
18056,1
26771,1
15797,0
73320,0
41234,0
15511,1
6957,0
3623,1
17135,0
11954,1
50803,0
71484,0
28827,0
20670,1
51810,0
71501,0
21022,1
5166,1
64336,1
63758,0
40082,0
53883,0
50210,1
67955,1
18182,0
73201,0
51187,1
70245,0
67561,0
15817,1
34517,0
49581,0
542,1
57603,0
62664,1
33485,0
21195,1
44986,1
27740,0
42987,0
59383,1
49686,1
60036,1
58074,0
75332,1
259,0
40277,0
30050,1
8690,0
65806,1
64203,0
16577,0
20450,1
73469,1
29632,0
61079,0
13886,0
68055,0
15142,0
50197,1
63191,0
55401,0
33201,0
53296,0
21577,1
17582,0
23300,0
24849,0
11868,0
71467,0
9662,0
74425,0
60897,0
38173,0
73949,0
9703,0
68373,0
6789,0
58791,1
19628,0
12833,1
55800,1
25871,1
32571,1
24837,1
45404,1
37053,0
39440,1
10446,0
65143,0
30715,1
43301,1
50057,1
5163,0
75546,0
4313,1
35039,0
34902,0
64245,0
6725,1
50623,0
2474,1
12203,0
27518,1
41984,0
14739,0
9058,0
41134,1
24945,0
29861,0
69456,0
75584,1
35184,1
2322,0
40449,1
1630,1
60290,1
68142,0
17575,0
19974,0
38636,0
1994,1
70372,0
31718,0
16596,0
19111,1
5381,1
43016,1
977,0
8743,1
65609,0
28991,0
68679,1
5566,0
12279,1
29438,0
44146,0
25583,1
31689,1
63081,0
45589,1
16844,0
17267,1
5720,1
14406,1
19946,0
26615,0
23742,1
41350,0
25309,1
67283,1
75269,0
17562,1
34893,1
13225,0
12728,1
28169,1
74352,1
48148,1
35561,0
9215,0
5185,0
32930,0
34057,1
48686,0
30456,1
65592,1
59457,0
4505,0
9676,0
42905,1
61325,1
29430,0
6386,0
20822,1
23875,0
43974,1
23144,0
24560,1
31682,0
51652,0
41998,1
20086,0
41050,1
66470,1
9218,1
16254,0
12326,0
9288,1
64173,1
48492,1
21658,0
37582,1
39475,0
67131,1
11951,0
46563,0
64601,1
75796,1
48805,1
45407,1
37219,0
75529,1
72289,0
215,0
62940,0
59461,1
56780,1
50043,0
51072,0
43639,1
2435,0
10400,1
58461,1
560,0
66108,1
20125,1
57949,0
8434,0
25103,1
15702,1
54380,0
46590,1
29710,0
70123,1
26476,0
3931,0
35467,1
26478,0
59022,0
67626,1
29569,0
31208,0
63572,1
43648,0
30868,0
55458,0
15495,0
63707,1
49142,1
38731,1
61200,0
47691,1
49745,1
11804,1
5304,1
69608,1
62275,0
35644,0
66677,0
9890,1
25086,1
11944,0
29611,1
2424,0
60638,0
68948,1
2688,0
26480,0
6369,0
56956,1
53121,0
65639,0
18663,1
68036,1
58875,1
6568,0
71495,1
72223,0
28982,1
41801,0
37716,1
2630,0
70058,0
60455,1
12928,1
34372,0
421,1
71886,0
10085,0
40310,0
60694,0
47964,1
64244,0
24525,0
73535,1
20456,1
74967,1
15165,0
1044,0
35395,0
35573,0
18864,1
45797,1
739,1
9232,1
32906,0
12239,0
62861,0
29562,1
51629,0
21765,1
32753,1
4490,0
14313,0
73570,0
51300,1
18718,1
48121,1
38584,0
26486,0
62208,1
51614,0
49519,0
7766,1
65817,0
21519,1
14646,1
16560,0
58041,0
52528,0
15068,1
34656,0
59557,1
68107,1
11105,1
41053,0
27198,1
37334,1
7038,0
5925,0
9341,1
55495,0
71856,1
3290,1
51181,0
72725,1
52071,1
52038,1
14048,0
53877,0
37946,1
38162,1
64871,1
59449,1
35200,1
73990,0
25853,1
37243,1
10368,1
26965,1
22942,1
38431,1
5705,0
71096,0
39729,0
42998,1
74980,1
3277,0
24288,0
28502,1
69336,0
64998,0
57136,1
38106,0
17968,1
33947,0
24324,0
35533,0
52275,1
30250,0
62306,1
23498,1
55887,0
53393,0
22499,1
65979,0
55078,0
60583,0
68572,0
64273,1
73838,1
16125,1
62686,0
61960,0
66932,1
50733,0
4270,0
55771,1
42450,1
17629,0
20946,1
12919,0
60905,0
54923,1
7691,0
43842,1
64021,0
34423,0
15254,0
16448,1
27469,1
74432,1
59584,0
9503,0
68360,1
51699,1
2298,1
45464,1
18893,0
52147,1
65602,0
49905,0
9781,1
57660,0
65451,1
4284,1
49855,1
27251,1
45298,0
21178,1
52600,0
17761,1
30040,1
47997,1
61351,1
615,0
35864,1
53356,0
61186,0
31094,0
4960,1
40915,0
55714,1
6927,1
70112,0
36128,1
17312,1
19026,1
9389,1
12653,1
68189,1
8433,0
12467,1
68597,0
68207,0
58208,1
59102,0
10861,1
26173,1
52830,0
48431,0
28608,0
75387,0
74529,1
2331,1
25585,0
42925,1
54986,0
18463,0
39616,0
19637,0
40252,1
44102,0
43787,1
1282,0
26196,1
4171,0
23903,1
55446,0
2706,0
61516,1
66727,1
11953,1
59722,1
57772,0
66186,0
43491,0
75055,0
46439,1
10653,1
59660,0
60378,0
29447,1
63939,1
53657,1
65969,1
61767,0
65542,1
30710,1
1682,1
31141,1
49755,0
32850,1
51656,0
4628,0
60284,1
22911,0
63733,1
45142,1
25375,0
54174,0
4397,0
11641,0
48193,1
22779,0
21605,0
4457,1
44657,0
38559,1
1845,0
39892,0
71581,0
70312,1
47801,0
71658,1
55693,0
13173,1
74229,0
46333,0
17409,0
64475,1
13004,1
8699,1
9277,1
54000,0
27522,0
61511,1
75283,0
69964,0
69284,1
20810,1
18631,1
58449,1
55101,1
73724,1
2386,0
24327,1
42920,0
9891,0
68664,0
8031,1
48139,0
58048,0
13218,1
29952,0
65131,0
9416,1
2115,0
31561,0
16835,1
47464,0
52638,1
72100,0
19552,0
42545,1
74331,1
6110,0
65429,1
28604,1
46532,1
15138,0
1309,1
54086,1
14986,1
60098,0
44009,0
43305,1
15126,0
14708,1
34972,1
10924,1
45964,0
55085,1
59423,1
28021,0
63787,0
4659,0
37289,0
63663,1
49611,1
43782,0
8753,0
42805,0
1561,1
1362,1
17300,1
60300,1
22874,1
2126,1
17203,1
56342,0
23486,0
29010,0
62760,1
22157,0
21133,1
40887,1
526,0
16276,0
37156,1
55682,0
7362,1
44381,0
38647,1
66942,1
53040,0
38138,1
42254,0
52117,1
21096,1
70525,1
4338,1
25142,1
53445,0
59990,0
30452,0
37012,1
6232,0
44824,1
64141,1
68409,0
75189,0
6633,1
50667,0
21252,1
25198,0
47921,0
14577,1
9657,1
53963,1
20703,0
7821,1
66662,0
69648,1
62196,1
49180,0
47434,1
58705,1
64764,1
49885,1
23905,1
18316,1
60109,1
5299,0
7849,1
74055,1
56444,0
15574,0
27102,0
25626,1
21548,1
29287,0
44819,1
52292,0
25558,1
42355,0
36052,1
30653,0
2830,0
53662,1
71931,1
40257,1
65049,0
48453,1
42638,0
17696,1
15198,1
39784,0
48723,1
52942,0
45351,0
18563,0
39843,1
32121,0
73187,1
39880,0
49067,1
60210,0
66254,1
36225,0
52647,0
5408,1
70985,1
55429,1
53149,1
38925,0
67121,0
19123,0
32241,1
66983,0
24408,1
38748,0
35359,0
54865,1
48790,0
50439,0
5214,1
68466,0
9849,1
63601,1
48235,1
51353,1
53927,0
26326,0
38046,1
60875,0
73030,0
4405,1
38350,1
44569,1
46048,1
51402,1
30646,0
50391,0
4135,0
2782,1
42038,1
46962,1
73893,0
44024,1
65962,1
12580,1
30721,0
8791,0
15061,1
28995,1
72721,1
55813,0
40319,0
39575,0
8127,1
42615,0
27886,1
50061,1
18925,0
38489,0
49725,0
47295,0
33579,1
59906,0
8591,1
58976,0
65848,1
13295,0
69948,1
33770,0
61815,0
2460,1
4357,1
2507,1
14413,0
61065,1
62105,0
74881,0
33593,1
10843,1
56375,0
23553,0
14411,0
17293,1
11969,0
55741,1
32635,1
40826,0
75024,0
64398,1
7227,1
64109,0
21097,0
3710,0
39073,0
33163,0
37730,0
51650,0
47351,0
56231,1
37622,1
20891,1
69366,0
34494,0
36827,0
10663,0
59372,0
75800,1
39626,0
69237,0
4793,0
54802,0
21679,0
67466,1
2105,1
51391,0
13085,0
34646,1
1979,1
20267,1
32126,1
72898,1
6561,0
1939,1
27569,1
66209,1
68879,1
22465,0
60239,1
19910,0
43362,1
11327,0
8605,0
28634,1
32610,1
65958,1
12912,1
22055,1
5746,0
74753,1
63414,1
46345,1
74552,1
59717,1
57625,1
61033,0
31372,1
16548,1
17023,1
51603,0
32492,0
62092,1
9406,1
34717,0
67435,0
67514,1
64385,1
70971,0
42269,0
25570,0
7952,1
50615,1
57918,0
57107,1
58228,0
52892,0
24102,0
5248,1
30293,0
10918,1
48955,1
45180,1
43449,0
42025,1
58392,1
40763,1
41843,0
26148,1
71332,1
48406,0
29692,1
36153,1
63606,1
73598,1
8134,0
45621,1
73594,0
73138,0
44275,1
62652,0
33106,1
50461,0
46503,0
15233,1
74555,1
43953,0
75130,0
62131,1
26995,0
66112,1
44029,0
16964,0
55215,1
53677,1
63723,1
41325,1
13033,0
50605,0
942,0
67790,0
35409,1
74318,0
51762,1
47465,1
48668,0
36173,0
41805,0
13053,1
3955,1
43917,1
8133,1
72952,0
59058,1
24015,1
36058,0
30375,1
73155,0
15916,1
46379,1
18502,0
10072,1
17862,1
41521,0
18011,1
61066,1
71827,0
67598,1
63106,1
44106,1
34018,1
36886,1
39074,1
41588,1
46431,0
51437,1
39532,1
55904,1
58390,0
71695,0
69373,0
34028,0
35032,0
62136,1
52866,1
19652,1
42800,1
12197,1
19147,0
54522,1
23356,1
55133,0
31401,1
55646,0
29156,0
32361,1
69231,1
5754,1
75341,1
3125,0
21780,0
19179,0
42203,1
22076,0
74801,1
47736,0
41724,0
61765,1
15475,1
52234,0
63963,1
52488,1
55299,0
20424,0
9142,0
1818,1
65022,1
38541,0
43848,1
18552,0
16724,1
32391,1
3016,1
69961,0
65772,1
50926,0
22388,0
23412,1
40588,0
36413,1
68810,1
58367,0
26062,0
16681,1
20832,0
62074,0
30787,0
14090,1
46524,1
39960,0
17764,1
50754,0
45098,0
12631,1
64098,1
33375,1
75595,1
75104,1
48796,0
37878,1
6880,1
39633,0
67770,0
17272,1
40727,1
71098,0
62134,1
31693,1
26713,1
43381,1
49522,0
39280,0
62020,0
71068,0
53428,0
67910,0
18326,0
37057,1
40086,0
20299,1
29580,1
59576,1
12050,1
45482,1
19724,0
64787,1
27447,1
29582,0
12163,1
23695,0
54762,1
48624,1
17540,0
43169,0
57889,0
13192,0
34004,1
12104,1
33134,1
3654,0
57622,0
73708,0
58202,0
68478,0
6821,1
41604,1
5334,1
61175,0
6403,0
55095,1
34707,1
17445,0
45415,1
9848,1
53560,0
75043,1
75526,1
12028,0
28869,0
45711,0
36301,0
72538,0
27237,1
22757,0
19703,1
47983,0
47085,1
42939,0
65452,1
935,0
69319,1
60136,1
841,0
8927,1
45200,1
66414,0
43581,1
21222,0
72949,1
52031,1
20322,0
63199,1
72458,1
26790,0
20605,1
15572,0
763,1
73240,1
31524,1
13734,1
39533,0
67434,0
57917,1
25472,1
52296,0
72635,1
21345,1
72637,0
44621,1
21794,1
40884,1
51850,0
65782,0
72012,0
67304,0
24502,1
22556,1
33756,1
8547,0
39239,0
36475,0
31476,0
3069,0
70,0
35248,1
57672,0
50379,1
16550,1
30739,1
71891,1
44019,1
20760,0
29890,1
65498,0
11249,1
55543,1
68587,0
52969,0
43830,1
27069,1
8779,1
41227,1
8326,1
59446,1
21145,1
63611,0
50851,1
57656,1
19048,0
1825,0
64599,1
41706,1
6375,0
1157,0
8885,0
7760,0
21229,0
19187,0
39758,1
47004,0
13388,1
69514,1
41228,0
44315,0
58197,1
73636,0
31645,0
10507,0
53824,1
25099,0
22932,1
5289,1
7399,0
38270,0
65091,1
21871,1
15655,1
38722,1
50659,1
25172,1
29070,1
18622,0
9918,1
14827,0
40108,1
49358,0
13034,0
4712,1
13786,0
10867,1
36145,0
66088,0
48358,1
61410,1
23434,0
3109,0
67311,1
70349,0
49847,0
61838,0
43662,0
25630,1
26149,1
67581,0
58481,1
65766,1
35075,1
32907,1
42806,1
7286,0
14651,0
28026,1
46645,1
71213,1
67533,1
33272,1
28695,0
57799,0
45304,1
63608,1
14880,1
33592,0
28701,0
37109,0
71625,1
4523,1
59149,1
46125,1
35637,1
59682,0
21102,0
12620,1
16527,1
60817,1
48436,1
178,0
66713,1
60485,0
6876,1
12857,1
32167,1
29705,0
49743,0
40358,1
2591,0
37982,0
2192,0
34857,0
4197,1
7623,1
20432,1
67510,0
9258,1
50956,1
1277,0
17819,1
41967,0
1344,1
20655,0
55869,1
51470,1
26957,1
17959,1
64337,0
55599,0
74490,0
74966,0
4053,1
66853,1
51725,1
26520,0
50007,1
10847,1
73196,0
12498,0
70030,0
2748,1
25110,0
11883,0
27966,1
32106,1
63172,0
44239,0
9267,1
19934,1
19313,1
50883,0
33882,0
62766,0
73273,0
55679,0
39061,0
24848,1
67252,1
19971,0
3631,0
17534,0
32365,1
7977,0
4832,1
54732,1
57032,0
70097,0
37615,1
12402,1
70470,0
14929,1
40691,1
26029,1
71510,0
18603,1
5805,1
30830,1
5416,1
58170,0
71724,0
39110,0
14003,0
62033,1
17770,0
44422,1
11065,0
70638,1
22616,1
2427,1
41085,0
23143,1
66293,1
1525,0
43348,1
7461,1
39937,0
66133,1
49120,0
71342,1
24816,1
17046,1
62056,1
48030,0
59880,0
64226,0
31653,1
43134,0
73059,0
43725,1
24606,1
30236,0
70856,1
58660,0
26562,0
38342,1
45521,0
57913,1
8387,1
31432,1
24845,0
74992,0
56280,0
37256,1
56221,1
25497,1
21137,0
64602,1
68503,1
17501,0
27349,1
61845,1
31429,1
65154,0
65872,1
51716,1
42137,1
24091,1
34032,1
68217,0
38629,0
29139,0
51912,0
45430,0
24210,0
34485,1
62498,0
25750,1
16662,0
62355,0
23189,1
36418,0
11602,0
55523,1
62361,1
46914,1
11661,1
28068,0
67812,1
74936,0
24100,0
44265,1
22344,1
3356,1
65455,0
33586,0
15757,0
34670,0
50434,0
47886,1
51236,0
46691,1
73564,1
75776,1
63701,1
10476,1
49635,1
64448,0
4408,1
24435,0
14950,1
73573,0
17133,0
53134,0
17335,1
4606,0
20164,0
44373,0
22546,1
70714,0
17055,1
47419,0
58954,1
42227,1
61308,1
22635,0
26128,0
8530,1
23851,0
62475,1
537,0
68064,0
7822,1
46478,0
31920,1
4662,1
28893,0
26412,1
13401,0
57353,1
17103,1
13175,1
49985,0
72636,1
67350,1
30211,1
65439,1
54965,0
14384,0
55127,1
59177,1
58215,0
35227,0
32353,1
51991,0
67261,0
67262,0
5443,1
23647,0
10835,0
67368,0
44842,1
65289,1
55116,0
21292,0
52169,0
55112,1
19245,0
2564,1
27021,1
38805,1
21316,1
65986,0
72584,0
24356,1
49533,0
6085,1
1224,1
46664,1
27707,1
16663,0
64494,1
27755,0
34267,1
4324,1
42792,1
10139,0
2372,1
56697,1
72400,1
14741,0
23244,0
36310,0
75483,0
9802,0
136,1
40441,1
24829,1
19232,0
18649,1
12283,1
74221,0
19099,0
7890,1
19615,1
68617,0
37813,0
8665,1
43789,0
18597,0
2962,0
65777,1
16954,0
4161,0
22348,0
24875,1
16444,0
72940,0
5265,0
16609,1
13231,0
39364,1
59928,0
60481,1
6729,0
42290,1
16493,1
60208,1
13376,1
36606,0
10885,1
38876,0
65861,0
59739,1
36121,1
42650,0
18664,0
46266,1
34202,1
14142,0
32162,0
9697,1
48818,1
36751,0
32832,1
34674,0
18359,1
17368,1
936,1
2904,0
58549,0
45061,0
64223,1
70425,1
3697,0
33735,0
37639,0
20827,0
33543,1
43079,0
5068,0
35928,0
46939,0
21988,1
52655,0
54654,0
14703,1
17319,1
1809,0
56506,0
54155,0
5904,1
63789,0
5290,1
10557,1
22678,1
36932,0
37293,0
14417,1
74023,0
48547,0
62690,1
69842,0
34188,1
38685,1
11135,1
39179,1
14248,1
23341,0
66951,0
67882,1
61590,1
73428,1
61329,1
28913,0
49618,1
58819,1
18866,1
37101,1
49527,0
17558,0
73206,1
29176,0
9987,1
1667,0
35082,1
10889,1
12880,0
9133,0
1137,1
64610,1
59975,1
48627,1
72224,1
8715,1
43538,1
33662,0
48819,1
4529,0
32772,1
37176,0
42550,0
34531,0
14368,1
27654,0
55789,1
12500,1
13565,0
15443,1
60235,1
19791,0
35513,0
41197,1
64055,0
13528,0
3159,0
24846,0
75118,1
59399,0
74287,0
43133,1
33254,1
46234,0
24801,0
6074,1
13380,0
8350,1
8298,1
28908,0
16749,0
48539,0
52041,1
41846,1
63309,0
65021,1
55303,1
61031,0
7749,0
37597,0
21090,1
37526,0
29791,0
34460,0
62872,1
6389,1
7792,0
67916,0
61469,1
61581,1
50663,1
49363,0
27737,0
58974,1
10798,1
71157,1
55211,1
26160,0
54301,1
70019,1
18842,0
70817,0
24280,0
23970,0
49523,0
57523,1
15264,1
49699,0
54951,0
51380,0
72967,0
27126,0
73301,1
40817,1
3390,1
60363,1
19918,0
36737,0
13468,0
55961,0
20754,1
3414,1
34396,0
55552,0
5890,1
72609,1
15020,0
49135,1
25042,1
23568,0
69813,1
4663,1
1161,1
20046,1
36495,0
24868,0
29502,0
68109,0
41808,1
28830,0
41880,1
65422,1
52242,1
7538,0
44918,0
74642,0
69037,0
9472,0
1656,1
4303,0
19624,0
47453,1
50413,1
17595,0
38148,0
30087,1
56241,0
60301,1
62378,0
71221,0
13874,0
54666,1
65277,0
24027,0
16695,1
17097,1
44725,0
69542,0
25717,0
55436,0
57870,0
4072,0
27662,1
39772,0
63210,1
5960,0
63485,0
30409,0
75357,1
2444,0
37742,1
73863,0
71215,0
44625,0
35337,0
54211,1
63300,1
32979,1
17002,0
48892,1
47869,0
30379,1
23754,1
75290,1
6985,0
72693,1
24468,0
20731,1
43711,1
25729,1
38454,0
58820,0
21032,1
37131,1
55050,1
29594,0
43850,0
58594,0
48392,1
56019,1
48233,1
3200,1
37942,1
66222,0
17247,1
19031,0
43318,1
47195,0
10340,1
69791,0
32228,0
17065,1
45914,1
23797,1
62980,1
13000,1
66890,1
51094,1
67411,0
59078,1
9900,1
41501,1
66602,0
19900,0
25548,0
31511,1
39584,1
36595,1
60892,0
16144,0
24041,1
31626,0
18396,0
2628,1
26012,1
60512,0
59305,1
52168,0
23059,1
18230,1
72271,0
46619,0
56101,0
19638,0
33099,1
26778,1
69093,0
25059,0
939,1
31519,0
54827,0
33454,0
50527,1
35742,1
72656,1
22624,0
8600,1
65385,1
12721,0
22453,0
21532,0
70746,1
74271,1
62142,1
62263,1
7034,1
66469,0
74944,0
25790,0
42340,1
17604,0
68437,0
26788,0
73856,1
26249,1
21920,0
53208,0
44847,0
69599,1
64404,0
72778,1
2804,0
51585,0
22432,0
65126,0
4669,0
6455,0
664,1
66820,0
18426,0
33998,0
68987,1
41712,1
18013,0
70099,0
8637,0
2455,1
55769,1
10204,1
56720,1
13124,1
42358,0
5511,1
21298,0
74115,1
54988,0
75504,0
44035,1
55371,1
12225,1
45780,1
49633,0
32196,1
32096,1
64677,0
20787,1
66845,1
11241,1
9845,1
9765,1
22135,0
10328,0
47846,0
69335,1
32515,0
14712,0
37720,0
30397,0
60161,1
6428,0
17966,0
69103,1
39774,0
70143,1
34174,0
70980,0
1163,0
13984,1
26188,1
57380,1
7133,0
15568,0
20121,0
66329,1
73376,1
35451,1
42598,1
37617,0
12254,1
75664,1
31203,1
39928,0
15221,0
25207,0
36377,0
45524,1
13857,1
32532,1
33784,1
67187,1
5701,1
65881,1
44752,1
65307,0
56260,0
73621,1
72489,1
39312,1
15075,1
18934,1
4843,0
49549,0
36259,1
72692,1
3081,0
22001,1
9525,0
17461,0
28221,1
6434,1
47682,0
57903,0
27005,1
33826,0
29583,0
8579,1
36957,1
5794,1
62161,0
7455,0
28729,0
7195,1
11945,0
74924,0
53505,1
47809,0
16215,1
73118,0
10599,0
17210,1
60423,1
18266,1
29338,0
8344,0
46974,1
73309,1
9339,0
41613,0
45945,1
73417,1
69127,1
1381,0
8794,1
8519,0
27565,1
32630,1
29661,1
69661,1
29463,0
30554,1
53260,1
22446,1
11914,1
57809,1
9924,1
73394,1
57347,1
3233,0
47221,1
53429,0
51531,1
37943,1
45606,1
6907,0
42081,1
25221,1
64053,1
40377,0
38562,0
2326,1
2228,1
37244,1
58478,0
24311,0
37671,0
16199,1
71264,1
68732,0
52454,1
31813,0
60369,0
35458,0
7184,1
39212,1
35105,1
66561,1
43895,1
71600,1
73731,1
27213,1
68929,1
710,0
2321,0
28089,1
29102,1
30003,1
42460,0
59284,1
1110,0
58109,0
42341,0
18072,1
64297,1
10803,0
43090,1
59420,1
29090,1
19362,0
35036,0
16632,1
5762,0
54787,1
54006,1
27572,1
40659,1
41701,1
37625,1
65386,0
39108,1
59415,0
63305,0
70201,1
37201,0
74046,1
4616,0
49260,1
1252,1
14025,1
42763,1
3230,0
783,0
37463,0
70988,0
73053,1
54407,0
26040,1
22119,1
54517,0
50411,1
9641,0
16154,0
55596,0
22332,0
49841,1
43692,1
13310,0
32545,0
49752,0
39462,0
24503,0
50581,1
14869,0
74314,0
26156,0
33366,0
66323,1
70416,1
26987,0
59743,1
69409,0
58327,0
44505,1
9739,0
45509,0
43758,0
74371,1
48059,0
66333,1
57247,0
1211,1
34026,0
34711,1
2029,1
41476,0
18071,0
16304,0
29459,1
3685,0
6001,0
56222,0
14913,1
3578,0
39531,0
2123,0
498,1
63873,1
64757,0
53793,1
25701,0
57268,1
10529,1
33520,0
11668,0
30795,0
24089,0
24270,0
50163,0
3295,1
33192,0
25731,0
15450,0
27336,0
41782,0
38546,1
41982,0
15942,0
23329,0
11686,1
71974,1
39419,0
65424,0
28459,0
12868,0
67371,0
60840,1
21579,1
32732,0
39947,1
30184,1
15576,0
38275,0
26909,0
17401,0
32639,1
31957,0
59504,0
17636,1
28732,1
17179,0
67118,1
7916,0
35322,0
2556,1
54747,0
74935,1
48111,0
39839,1
43801,0
13986,1
34993,0
38558,1
74614,1
13263,1
37186,1
4900,0
27325,1
46884,1
21300,0
73316,1
72493,0
57311,0
9812,0
5196,0
11045,1
62887,0
49177,1
2759,0
33195,1
18170,0
200,0
15122,0
24060,1
25402,0
60381,1
11840,0
34705,0
67691,0
62456,0
59299,1
39701,1
42630,0
17745,0
11137,0
22891,1
28765,1
67966,0
30394,0
39684,0
44780,0
46271,0
15981,1
53792,0
24287,0
1447,0
71736,0
37151,0
988,0
3715,0
67288,0
55254,0
41255,1
55416,1
32304,0
41740,1
51643,0
63055,0
2082,0
74135,1
66900,1
61373,1
33643,0
947,0
17182,1
34502,1
67233,0
5039,1
35013,0
67924,0
58661,0
9916,0
23760,0
23865,1
63905,1
14517,1
36398,0
30436,1
5243,1
32978,0
749,1
62098,1
50779,1
9677,1
60137,1
39268,1
43417,1
33861,1
24336,1
28697,0
55028,0
58513,1
35015,1
59592,1
72231,1
27414,0
54123,1
51703,0
49384,0
42580,0
50901,0
31061,1
31356,0
17591,0
11645,0
12690,0
20236,0
68522,0
20380,1
41352,1
45491,1
14754,0
37020,0
2392,1
74536,1
31919,0
3481,0
63333,0
39709,1
3301,0
28031,0
5300,0
5869,0
29500,0
6910,0
74177,1
39916,1
14408,1
50845,0
61712,1
14202,1
11943,0
12745,1
35902,0
62619,0
17811,1
4435,1
30265,1
21191,0
63927,1
21531,0
60795,1
26300,0
11834,0
1789,0
39761,1
11060,1
9398,1
11261,0
47091,1
25227,1
50140,0
43799,0
56578,0
4801,0
30061,0
2154,1
46956,0
71732,1
40206,0
18836,1
38343,0
23940,1
65902,1
16413,1
51151,1
36216,0
63160,0
40126,1
22825,1
73090,1
39608,0
13975,1
18831,0
60517,0
75079,0
44156,1
52716,1
37743,0
1784,0
36492,1
60968,1
12557,1
3745,0
64263,1
55437,0
15873,0
11903,1
66054,0
75370,1
26092,1
54748,0
22174,1
25896,0
50422,1
17650,1
12568,0
20768,1
35222,1
67923,0
57765,0
53583,1
15005,0
6700,0
42212,1
40442,0
48264,1
34702,1
8653,1
49967,0
52951,0
63777,1
16622,1
19659,0
59324,1
67070,0
8104,0
52794,1
7955,1
51007,1
32359,0
16658,1
41863,0
35788,0
3373,0
40622,0
7757,1
73879,0
2484,1
50517,0
74223,0
68336,0
9965,1
43428,0
33006,0
48905,0
54434,0
32788,0
56526,1
75460,1
64625,0
59588,0
41370,1
45801,1
57766,1
28385,1
27592,1
58036,1
66318,0
31018,0
66029,1
20289,1
47215,1
68930,0
68667,1
50425,0
55333,1
48093,0
15733,0
58556,0
13768,0
46713,1
48777,1
11019,1
56258,0
12221,0
74388,1
11182,1
49235,0
42684,0
59618,1
53658,0
39424,0
46359,0
29321,0
25053,0
64939,1
11629,1
44831,1
13079,0
12266,0
60959,1
52633,1
8737,1
11130,1
16032,1
32961,1
62201,1
17082,1
25735,0
61959,0
67198,1
45508,1
40076,1
60900,1
41215,1
2884,0
73218,1
4222,0
13298,0
54014,1
72712,0
40223,1
54245,0
20837,0
44972,1
66080,0
38074,0
45086,0
10764,1
65155,0
61064,0
18832,0
58479,1
10101,0
29415,1
62947,0
60794,1
67690,0
67707,0
23207,0
3626,1
59530,1
49691,0
14118,0
8785,0
51755,1
62090,0
38133,0
61291,0
32244,1
51063,0
36628,1
71358,1
13816,1
1201,1
30361,0
15115,0
21677,1
59979,0
62496,1
73408,0
44765,0
31335,1
7158,0
37838,1
12767,0
10227,0
27427,0
38016,0
35699,1
11798,0
57930,1
54023,1
75166,1
46876,1
22202,1
14575,0
4320,1
18682,0
44796,1
40971,0
9334,0
31191,1
71529,1
55606,0
71845,1
54955,1
34375,0
36406,0
949,0
5096,1
42672,1
30080,1
50066,0
56643,1
72132,0
18618,0
14580,1
20888,1
32059,0
52067,1
57425,0
59885,0
70126,1
58692,1
71469,1
18822,0
50547,0
3215,0
41908,0
3870,0
75501,1
35595,1
62470,1
107,1
33765,0
56715,1
47659,1
17288,1
7641,1
66320,0
39052,1
10796,1
68302,0
42822,1
39789,1
17104,0
75129,1
58608,1
47584,0
63144,0
21114,1
9973,0
72103,0
19705,0
3045,0
8131,0
69916,0
18636,0
12014,1
61595,1
1770,0
6671,0
9379,0
20115,0
51528,0
74389,1
51117,0
17107,1
64063,0
8899,0
12020,0
61457,1
4928,1
16077,0
39121,0
16704,0
75154,0
62236,1
43093,1
58371,1
19613,1
54256,0
9727,0
71487,1
30814,1
68010,1
10183,1
21389,0
64282,0
5095,1
73111,0
41893,0
39194,0
11044,0
10720,0
57856,0
6024,1
45365,1
31102,1
74582,1
72788,1
36236,1
12965,1
33172,0
54350,0
70072,0
42809,1
58288,1
29821,1
56796,1
23196,0
57644,1
54644,0
34543,0
11703,1
73751,0
49334,1
2727,0
28538,1
73754,1
60397,0
50651,0
59643,1
22854,0
61136,0
15833,0
66614,0
29049,1
65626,0
39402,1
5348,0
58562,0
34638,0
56900,1
3804,0
64596,0
64766,0
74325,1
20753,0
47588,1
32760,0
966,0
66535,0
57271,0
14197,0
18517,0
15829,0
14295,1
71575,1
39300,0
66954,0
70250,1
63136,0
63884,1
40781,1
48490,1
50765,1
21390,0
23960,0
53247,0
41471,0
71636,0
37538,1
9125,1
49778,1
71065,0
14098,1
69665,0
15070,0
39603,1
36889,0
68754,0
29095,1
27808,1
30084,0
7428,0
65933,0
13715,0
33014,1
29291,1
15151,1
16808,1
27341,0
52671,0
69310,1
54343,1
25922,1
15380,1
66838,1
39378,0
38918,1
18081,0
61067,0
53939,0
29760,1
35867,1
68990,1
59742,0
35524,0
53552,0
18306,1
48277,1
55655,1
53713,0
53940,0
36177,0
66822,1
54470,1
46289,1
44976,1
13395,1
58015,1
7434,0
26916,1
64885,1
34925,1
38399,0
49341,0
68418,1
41019,0
13003,1
14886,1
22060,0
31857,0
57233,1
6207,0
74483,1
36942,0
72978,1
1485,1
64471,1
46142,0
20083,0
5790,0
20911,1
1494,0
54283,0
12135,1
13853,1
68382,0
3581,0
73314,0
45001,0
48807,1
7361,1
43553,0
1893,1
37759,1
14605,0
28179,0
14594,1
70105,0
74269,1
52158,1
72101,0
46635,1
53395,0
31050,0
70593,0
23067,1
28001,0
31805,0
1523,0
18751,1
66924,0
11009,1
61999,1
23901,0
71622,0
4901,1
14771,0
22869,1
5981,1
65905,1
10098,0
57947,0
60597,0
34445,0
45706,0
35992,0
64237,0
24823,0
63892,0
37981,0
21618,0
863,1
49316,1
70163,1
48982,0
59528,1
56544,1
13094,0
24335,1
2765,1
10415,0
68533,0
70608,0
7715,0
63724,0
66278,0
32472,1
24661,0
68172,0
51307,0
74728,1
63991,1
45433,0
32561,0
45888,1
11831,1
17150,1
12479,1
2502,1
30244,1
42087,1
24870,1
32714,0
36125,1
58653,1
71241,0
36637,0
25400,1
30674,0
11366,0
33550,0
21722,0
12914,0
53535,0
25996,1
8039,0
116,1
63209,0
19785,0
58217,0
15808,1
18762,0
731,1
5191,1
13391,1
48287,1
59509,1
4540,0
30650,1
417,0
63365,0
1549,1
3572,1
2374,1
5380,1
74146,0
25211,1
62535,0
61905,1
10891,0
25571,0
3374,1
55181,0
25489,1
17215,0
60639,1
58333,1
58507,0
48756,1
55464,0
46779,1
63589,0
33556,1
38778,1
39865,1
20908,1
65356,0
14896,0
14155,1
40694,0
40039,1
67609,1
72650,1
64621,0
45506,1
11255,0
35833,0
11796,0
21024,0
16611,1
774,0
68663,0
28683,1
37638,1
14395,1
11737,0
38171,0
26638,1
39786,0
7711,0
48144,0
5530,0
75023,0
60951,0
33978,1
33945,0
33251,0
67569,0
75609,0
33455,1
68920,0
57959,0
61945,0
32249,0
33434,0
60509,1
62391,1
47698,1
25617,1
49529,0
14350,0
13063,0
11603,1
55636,0
12368,1
34775,1
33121,0
33241,1
71233,1
35469,1
39186,1
10759,1
61024,1
28800,0
40907,1
55098,0
70410,0
35004,1
11278,1
6550,0
64250,1
51394,0
31751,0
73985,0
17382,1
32731,1
3600,0
34020,1
26862,1
23952,0
43319,1
25753,1
11108,1
5867,0
38354,1
35279,1
4806,0
57144,0
69195,1
16967,1
31887,0
50825,1
4539,1
20112,0
2663,0
28562,0
57346,1
18333,0
52923,1
69585,0
19038,0
63913,1
47626,1
9050,0
4578,0
17746,0
5798,1
37853,0
49693,0
27066,1
10675,0
3928,0
4164,0
29958,1
46453,1
51868,1
2055,0
13645,1
42233,0
29379,0
62226,0
64345,0
26381,0
49872,1
6966,1
7940,0
30831,0
11320,1
59211,0
42993,1
26428,0
21894,0
69079,1
30777,0
75009,0
36497,0
60558,0
11842,1
59862,0
32348,0
55497,0
4083,1
8018,0
30247,1
25524,1
44673,0
3077,1
15133,0
70622,0
35506,1
17763,1
75751,1
65891,0
12450,1
34087,0
70659,1
284,0
6299,0
38869,0
7512,0
55582,0
74756,1
70679,1
7807,1
19025,1
67038,1
39066,1
30513,0
5856,1
28519,1
61808,1
72296,0
67362,1
55213,1
45038,1
43311,0
72789,1
14965,1
74619,1
46457,0
74724,1
30117,1
74901,0
6961,1
45713,1
35903,1
71556,0
43225,0
73416,1
34533,1
73500,0
6776,1
23601,1
7967,1
8166,1
1450,1
38655,0
70048,1
30112,1
9586,0
53626,0
6235,1
35578,0
54305,1
1805,0
20363,1
67723,0
63490,0
59204,1
29480,1
11414,1
68681,0
14572,0
31483,1
74301,1
25470,1
69101,0
1773,1
19348,1
25260,0
52878,1
32195,0
60901,0
33615,0
20861,0
51860,0
18859,1
72304,0
69236,1
60495,0
65380,0
60698,0
24444,0
49437,1
62552,0
57680,0
62381,0
40958,1
27843,1
43175,0
2019,0
28687,0
13568,1
63400,0
7149,0
10339,1
5656,1
28666,1
18496,1
42761,0
20053,1
39358,1
7050,1
9834,0
19567,1
7393,1
48164,1
71025,1
16864,1
3729,1
69489,0
48160,0
30023,1
1111,0
60087,0
27634,0
63154,1
20561,1
17807,1
73405,0
37095,0
37972,1
12410,1
28737,0
29747,1
48911,1
66606,0
30723,1
41514,0
17371,0
41897,1
51707,1
12284,0
10163,0
71777,1
58947,0
75000,1
15820,0
21393,1
25590,0
13671,1
75723,0
46363,1
71812,1
662,1
40480,1
55624,1
72915,0
16912,0
11684,1
41500,1
23968,1
51011,1
1748,1
18648,0
48652,0
62610,1
9685,0
32209,1
62211,0
28631,0
19079,1
64142,1
60231,1
19787,1
33449,0
50948,0
73797,0
14631,0
62608,1
21604,0
55279,0
23536,1
73589,0
70121,0
62229,0
13200,1
13144,1
53398,0
60798,1
33483,0
25768,0
37648,1
57630,0
67020,0
53550,0
35434,1
55046,0
49302,1
68585,0
9572,0
11609,1
13397,0
1474,1
54348,1
49595,0
43162,1
13332,0
20969,1
71246,0
15534,1
52754,0
12032,1
29560,1
35665,0
74419,1
36704,1
51214,0
3250,1
2828,0
26729,1
72474,0
41011,1
14551,1
2519,1
22377,0
58903,0
67975,1
53772,0
72570,1
55271,1
65566,0
27560,0
16212,1
30986,1
34995,1
24865,1
4910,0
9313,1
5331,0
46525,0
47891,1
46134,0
18242,1
2139,1
28583,1
14980,1
66863,1
35423,1
13232,0
36964,1
20925,0
7206,1
57408,1
21201,1
40463,1
1029,0
8373,0
50748,1
52876,1
44610,1
64822,1
12407,0
11816,0
68428,1
75408,1
29990,0
70457,1
72203,1
5449,1
13723,1
74047,1
7896,1
65569,1
36899,1
69402,0
75642,0
71167,0
4012,0
30146,1
16185,1
8550,0
27222,1
6007,1
49178,1
6509,1
60004,0
5635,0
73463,1
4841,0
21922,0
46454,1
40290,0
24810,1
35876,1
67274,0
38330,1
24430,1
35247,0
55387,0
73369,1
12432,0
19298,0
20351,0
25885,1
42782,1
55237,0
37861,0
15076,1
56254,0
67158,0
17524,1
33810,0
38533,0
40092,0
31479,1
9171,0
57824,0
15500,1
41136,0
32150,0
9294,1
27850,0
19316,0
24110,0
14145,0
35146,0
5594,1
62145,1
47300,0
62009,1
47495,1
56610,0
72792,0
15034,0
19219,0
66791,1
46677,0
13189,0
62086,1
43458,0
18912,1
62245,0
22208,0
17699,0
23835,0
15700,0
59542,1
38679,1
40398,1
36769,0
2676,0
64632,0
17987,0
51970,1
14189,0
53941,0
37444,0
10121,1
22675,1
58155,0
39392,1
10794,0
30643,0
50955,1
32874,0
75124,0
33997,0
48427,0
52700,0
65182,0
34034,0
46932,0
13897,0
36748,1
35800,0
21361,1
22506,0
60464,0
29765,0
18047,1
1364,1
14847,0
68209,1
14360,1
38396,1
61841,1
34407,0
69269,0
59800,0
7645,1
11286,1
66541,1
30311,1
54486,0
53490,1
50696,1
38467,1
39538,0
47976,0
25045,1
51164,0
60067,1
31694,0
35038,1
37328,0
14135,1
38228,1
26882,1
29009,0
70823,0
73183,0
13784,1
56670,1
62379,1
40182,1
4766,0
18817,0
50873,1
4048,1
2222,1
63014,1
19876,0
42723,1
25481,0
40477,0
65662,0
50320,0
1345,1
30489,1
54806,1
72838,0
15634,0
27236,0
60714,0
61745,0
52480,0
49285,1
15301,0
40279,1
73321,0
39926,0
59541,0
1402,0
60687,0
69525,0
57209,0
22688,1
18434,0
75258,1
37956,0
13626,1
7998,1
50585,1
39345,1
38153,0
7339,0
39740,1
62235,0
51073,1
1438,1
5204,0
53525,1
63342,1
43731,0
38794,0
24334,1
43946,0
31099,1
58294,0
43845,1
34117,0
3057,0
74100,1
73907,0
52420,0
75730,0
49324,1
11981,0
3400,0
44309,1
23715,0
21649,1
31435,1
39685,1
37325,0
33377,1
40719,1
68558,1
12378,0
42104,1
30826,0
72632,1
22778,0
37196,0
23880,0
65095,1
19359,1
71426,1
61735,0
75559,1
68283,0
6312,0
62072,1
27301,0
47820,0
61869,1
6181,0
61016,0
21578,0
59264,1
24674,1
57754,1
13009,1
27134,0
30799,1
29307,1
7902,1
18024,0
67858,1
41775,0
19315,1
20224,0
27129,1
33041,1
66903,0
25948,0
7844,1
18480,0
1603,1
57056,1
58021,0
44341,1
8778,0
69810,0
48774,1
26304,1
65833,0
70645,0
14494,1
55559,0
5426,1
67347,1
29357,0
4421,1
61058,0
62289,1
23274,1
28693,0
47223,0
40395,0
19797,1
36863,1
35877,1
68294,1
27773,1
68715,0
30890,0
56097,1
20986,1
61704,0
66892,0
30776,1
74835,1
12921,1
17837,1
2007,1
22044,0
37230,0
16883,1
74112,1
23578,1
62956,1
42661,0
46274,0
46803,1
22734,0
27616,1
28112,0
30169,0
55349,0
978,1
74291,0
64990,0
46159,0
32482,0
15468,1
34829,0
54336,1
22414,1
46065,1
73842,0
9317,1
48092,0
37446,0
14642,0
18163,1
74350,0
26335,0
18837,0
39313,1
71186,0
44869,1
4353,1
13817,0
9424,1
61901,0
16514,0
28418,1
3114,0
58599,0
6392,1
15093,0
70783,1
2843,1
18449,1
19,0
2144,1
74531,0
23217,1
5564,1
51818,0
48531,0
41280,0
28144,0
43112,0
17647,1
13916,0
31113,0
51317,0
1907,0
42325,1
29637,1
24163,1
72569,1
41812,1
54059,1
37276,1
20644,1
24263,0
62410,1
10623,1
50255,1
276,0
23464,0
12837,1
25447,0
21462,1
63534,1
12226,1
47151,1
22513,0
18952,1
34504,1
43394,0
71292,0
16512,1
28747,1
28037,1
35265,1
49421,0
68296,0
72099,0
10706,0
51021,1
53301,0
53791,0
71814,0
62868,0
3806,0
73338,1
59371,0
6579,1
28665,1
65447,0
114,0
42183,1
31564,0
28655,0
10704,0
69457,1
58552,1
45117,0
49989,1
69688,1
5028,0
43984,1
11479,1
23559,0
18719,1
74165,1
51388,1
71479,0
46797,1
66765,1
37811,0
51080,0
11054,0
34069,0
60740,0
41270,1
30639,0
43546,1
61532,1
20088,0
15620,0
33571,1
42622,0
69527,0
20529,0
44805,1
41560,1
53732,1
2786,1
37395,0
15785,0
16491,1
37598,0
9126,0
54954,0
30219,0
47885,1
35315,1
55585,1
53731,1
65727,0
10786,0
438,0
13023,0
27778,1
23525,1
41694,1
58702,0
1026,1
1228,0
10597,0
32060,0
64082,1
45483,0
23611,0
49397,1
75482,0
41799,0
410,1
6713,0
17430,1
59165,0
61255,1
8482,0
9244,1
46169,1
19925,0
66746,0
11230,1
26865,0
37091,0
45588,0
37746,1
71953,1
20664,0
47548,1
57061,0
37732,0
31443,1
60179,0
2885,1
22479,0
31728,0
50752,0
32073,1
47334,0
74713,0
55681,0
61613,0
49763,1
64863,1
58415,1
71888,1
10212,1
53204,1
70485,0
31316,0
62509,0
29428,0
12722,1
26725,1
67259,0
40308,1
57617,1
31181,0
60459,0
43930,0
7655,1
32262,1
31166,1
40852,0
2423,1
32165,1
64844,0
46576,0
58884,0
48727,0
35904,0
58882,1
32687,1
35697,0
48225,1
36407,0
66709,1
43714,1
44775,1
73179,0
34567,1
73970,0
23661,0
71074,0
60625,0
59484,1
3275,1
39317,1
15821,0
8343,0
24083,1
73823,0
17504,0
62692,1
21443,1
38627,0
25831,0
68580,0
54326,1
24595,0
341,0
32243,1
51567,1
30448,0
60316,1
3941,0
70541,0
1200,1
68394,0
47198,1
50979,1
25643,1
28232,1
72633,1
9372,0
47327,0
24993,1
46567,1
380,0
74900,0
26951,0
15569,1
75538,0
50928,0
40576,0
29864,0
32376,0
29522,1
36869,0
26888,0
150,1
67745,0
47420,1
66201,0
880,0
15914,0
3108,0
63604,1
74545,0
72371,0
7542,0
61239,1
28022,1
57782,1
1084,0
60401,1
58216,1
3326,1
2320,0
14399,0
13698,1
41265,1
28890,1
35687,1
10728,1
47614,0
56690,0
41124,0
14548,1
44484,1
4694,0
52083,1
7848,1
890,1
72198,1
35822,0
36635,0
28288,0
60970,0
58860,0
2880,0
59051,0
4707,1
22429,1
50643,1
20676,0
42248,1
49153,0
11039,1
59589,1
29519,1
5043,0
49821,0
13334,1
31025,1
33063,1
42468,1
23828,1
1711,1
6444,1
44308,0
73930,0
38444,1
65643,0
21221,0
1008,0
5844,0
36274,1
42373,0
58031,0
51089,0
74197,0
1366,0
47744,0
17599,0
26462,0
68698,1
59077,0
23071,1
34327,0
51343,0
50509,1
8341,1
57789,1
253,0
554,0
73514,0
44066,1
11729,0
3352,1
16295,0
48268,1
58574,0
8735,1
34394,0
37259,0
67678,1
61403,0
24118,0
26861,1
7702,0
24283,0
6060,0
69880,1
60824,0
40022,0
59606,0
55896,0
38505,1
28950,1
26800,1
7851,1
3567,1
44287,0
74954,0
46212,1
72267,0
69397,0
29848,1
3713,1
56054,0
68839,1
7111,1
48994,1
22521,1
31997,0
74616,0
51719,0
19381,0
25762,0
57874,1
63225,0
14562,0
65466,1
63459,0
42980,1
15016,1
59451,0
15214,0
20736,0
62905,0
7171,0
49622,0
14394,1
65065,0
41021,0
34688,1
65240,1
11238,0
70134,0
24985,1
28581,1
58605,1
12081,0
28595,0
42667,1
3970,1
66886,1
31965,0
47146,1
50242,1
34786,0
2913,0
13181,1
52757,0
68544,0
30196,1
57467,0
38394,1
19422,1
56769,0
59480,1
4068,0
48065,1
55878,1
10484,1
45044,0
48986,1
62638,1
17714,0
51783,1
34072,0
33604,1
46395,1
48594,0
36818,1
59382,1
42458,1
4080,0
20705,0
30685,1
64730,0
4233,1
65365,0
67115,1
7474,0
72343,0
55631,1
32366,0
51861,0
6011,0
40934,1
14250,1
27878,0
25902,0
36305,0
1969,1
32100,0
38923,1
52282,1
39187,1
38428,0
64051,0
1472,1
56600,1
19152,1
37724,0
7555,0
17399,0
36936,1
65728,1
42794,1
19897,0
70437,0
26652,1
71957,0
16553,0
13481,1
49809,1
56423,0
11886,0
44404,1
59872,0
67709,0
58814,1
62812,0
43778,0
45616,0
68998,0
50780,0
30016,1
6188,1
70982,0
8355,0
66285,1
20565,1
64606,0
43130,0
7402,1
67322,1
45619,0
11354,0
26701,0
43150,0
68595,0
43073,0
62109,1
59607,0
3436,1
15923,0
34398,1
6041,1
58450,0
41582,1
60779,0
47418,1
29954,1
43914,1
67825,0
65373,1
44140,1
33025,0
27169,0
7364,0
58315,1
32531,0
4742,0
53067,1
70655,0
10488,0
61728,1
58343,0
46615,0
6715,1
2463,1
55264,1
2600,0
8327,0
51247,1
24250,0
15641,1
69694,1
73209,0
35854,1
17226,0
43424,1
21861,0
23291,0
73950,1
63564,0
48620,0
49264,0
75067,0
48631,1
53103,1
14052,1
59250,1
55753,1
57920,1
72528,0
54288,0
50014,1
34233,0
65053,0
74805,1
1244,1
52575,0
6512,1
18571,0
9512,1
31302,1
8143,0
52656,0
8398,1
48043,1
73277,0
60555,1
15598,1
43333,0
46729,0
52305,0
69377,0
17585,1
49617,0
24592,0
11145,1
45608,0
72290,0
19372,1
15949,1
75399,1
9698,0
73271,1
51099,0
52062,0
35704,0
37709,0
42584,1
59434,1
22661,1
8480,1
12665,0
6193,0
6128,0
22813,0
27324,1
39391,0
28109,1
40008,0
34094,1
36975,0
51604,1
53000,1
35497,0
18423,1
15281,0
31232,0
34635,1
22418,1
28866,0
22495,1
19959,0
6380,0
24523,1
13102,0
71934,1
61874,0
29704,1
52572,0
9873,1
18215,1
63411,1
23284,0
6087,1
15158,0
50743,1
12223,1
69347,1
41410,0
40446,0
67383,0
11418,0
9710,0
12308,1
6112,0
3705,0
22554,0
6363,0
54679,1
11747,0
50070,0
25654,0
31542,1
6662,0
4382,0
42953,0
19418,1
50427,0
66741,1
22918,1
42669,0
2994,0
25031,0
65462,1
20543,1
15948,1
16030,0
9674,1
51518,0
65818,1
62669,1
69466,1
60498,1
70508,0
11906,1
16008,1
16769,0
56837,1
10801,0
74762,1
43487,1
54842,0
1367,1
70168,0
44051,1
25992,1
37425,1
43063,1
20142,0
39007,1
5114,0
43943,0
34848,1
56172,0
68053,1
70787,0
19806,0
52255,0
23855,1
25854,1
61776,1
8236,1
52203,1
17555,0
12430,1
64108,1
67797,1
45362,0
29659,0
70513,0
45841,0
5567,0
65982,1
22096,1
73639,0
5282,0
28817,1
5645,0
49112,1
16734,0
38080,0
67958,1
52115,0
52359,0
30163,1
4681,0
8449,1
69521,1
68560,0
771,1
29039,0
18690,0
33937,1
10259,1
47100,0
13797,1
9230,1
24990,0
29269,1
41884,0
17663,0
22319,1
36711,1
7577,0
27363,1
49294,1
48074,0
26590,0
16918,0
3348,0
56539,1
2005,0
25492,0
54278,1
19977,1
25635,0
52487,0
33846,0
46791,1
24593,1
24114,1
66855,0
14807,1
26954,1
54193,0
674,0
59154,1
27714,0
24047,0
53611,1
17100,1
4256,0
22006,1
32605,0
36963,0
45686,1
50525,0
64335,1
62260,0
47095,0
46075,0
26224,0
73994,1
66666,0
44203,1
23309,0
35154,1
47089,1
69645,0
60255,0
65382,0
38747,0
4474,1
46412,1
10711,1
58121,0
44524,1
3972,0
67565,0
54451,1
53320,1
25381,1
34868,0
27141,0
74517,0
12391,0
31758,1
695,1
25894,1
38320,1
9112,1
63546,1
1666,1
14654,1
12843,0
51108,1
65732,1
72058,1
67897,0
30094,1
1429,0
21125,0
66648,1
61086,1
28970,1
42284,0
17098,0
58985,0
66681,0
50627,0
15110,0
19644,0
34809,0
11887,0
42910,1
43047,0
20436,1
42731,1
68268,0
28010,0
27889,1
17474,0
12973,0
17195,1
48353,1
53426,0
20558,1
37263,1
22085,1
30373,0
6460,1
43263,1
29017,0
52910,1
72351,1
32552,1
17794,1
3628,0
71961,1
75359,0
47890,1
2215,0
62312,0
68441,0
59223,1
64400,0
62353,0
34288,1
10273,1
4416,1
14744,0
31953,0
3743,0
9859,0
20708,0
28587,1
37290,1
31609,0
14828,0
4757,0
41390,1
605,0
56422,1
72731,0
23636,1
22405,1
34006,0
69167,1
27507,0
73457,1
48912,1
65549,0
23367,0
47621,1
23107,1
63746,1
5359,1
45987,1
45718,1
12367,1
29157,0
49903,0
9660,0
72200,1
53683,1
66114,0
49310,1
11768,0
43669,0
67868,1
45612,0
55784,0
10821,1
73325,1
2516,1
41469,1
2920,1
58912,1
11247,1
63369,0
68329,1
30369,1
34024,0
32813,1
54896,0
53048,0
49280,1
61942,1
26346,0
22027,0
37944,0
18293,0
39959,1
72494,1
49227,1
48325,0
24536,1
55759,0
17460,0
32339,0
48116,1
1072,1
74669,0
5189,0
62273,1
1993,1
44565,0
20160,1
30706,0
47556,0
22689,1
10408,0
9955,0
13091,1
65610,0
16410,1
68096,0
13950,1
58184,1
9292,1
5889,0
42251,1
1769,1
2603,1
18272,1
29030,1
34160,1
26374,0
21610,0
61847,1
37636,1
71798,1
29431,0
34029,0
32966,0
13345,0
49491,1
39943,1
54432,1
17690,1
28402,0
55461,1
30172,1
22567,1
71651,1
19109,0
53249,1
15795,0
62642,0
10428,1
4827,0
27196,1
56082,0
27794,1
29000,0
3076,1
27042,0
4264,0
22225,0
17979,1
10871,0
24637,1
26847,1
59724,0
59697,0
14609,1
4139,1
19861,0
2622,1
69572,1
73058,0
68205,1
38178,0
30136,1
32185,1
35115,0
42872,1
11983,0
67224,1
59286,1
41525,1
44079,1
66537,1
62685,0
28476,0
47325,0
22070,0
6890,0
55678,1
73371,1
18467,1
56980,1
71259,0
73662,1
15578,0
41409,1
15531,1
60189,1
31668,1
22019,0
42295,1
52436,1
1118,0
72702,0
45739,0
70390,0
47880,0
65048,0
34439,0
73022,1
67318,0
8562,0
60430,1
65554,0
40845,0
33122,0
72079,1
6897,0
28734,1
64293,0
50496,0
68677,0
40422,1
41715,0
22286,0
64850,1
65045,0
12859,1
36179,1
38300,1
40579,1
8802,0
4878,1
50749,0
31908,1
43369,1
52256,0
41536,1
46181,0
4818,1
45308,0
65012,0
64698,0
71267,0
56704,0
13289,0
4341,1
9583,0
30071,0
20492,0
64512,0
37984,0
4295,0
25333,0
48189,0
67980,1
26953,0
45437,0
3953,1
65333,1
46184,1
33678,0
53903,0
24668,0
69845,1
45803,0
18251,1
45760,0
18518,1
54643,0
26621,0
25094,1
2057,0
52758,0
24351,0
56442,0
5478,1
66623,0
67420,1
50104,0
11506,0
26143,1
31699,0
45519,1
47451,0
62919,1
28305,0
16810,0
17306,1
50795,1
62394,1
33889,0
43191,1
4822,0
59655,1
74744,0
56065,1
12096,1
26027,0
57246,0
6945,0
44699,1
38833,1
74902,1
44835,1
69581,0
5580,0
60325,1
74598,1
16984,0
73397,1
16737,1
70009,1
32694,0
21050,0
19423,1
71400,1
44839,1
34832,0
34651,0
26284,0
47245,0
66429,0
25659,0
8758,0
53692,0
36601,1
32461,0
14233,0
36391,1
24808,1
58168,0
5232,0
61414,1
11186,1
28554,1
59886,0
58999,0
75048,0
13243,1
56990,1
55719,1
53182,0
4997,1
28864,1
31474,0
42729,0
29277,1
59900,0
55247,0
48626,1
2844,1
10981,0
4564,0
38823,1
73971,0
25074,0
40829,0
66948,0
10367,1
46341,1
34621,1
14874,0
59887,1
72947,1
60508,0
28568,0
12821,1
37043,1
12681,0
45870,0
52323,0
12664,0
71978,1
27142,0
59970,0
12425,1
44871,0
36441,1
54268,0
47483,0
55159,0
8467,0
8047,0
57274,1
45032,0
48011,0
36233,0
23950,1
35040,1
28757,0
6473,0
3245,1
73742,1
75369,0
36801,0
51795,1
8638,1
43504,0
23000,0
29349,0
616,1
8086,1
27625,0
11127,0
13549,1
32939,1
29151,1
44932,0
70876,1
4290,0
66986,1
42480,1
65821,1
69828,1
17792,1
28126,1
49715,0
16044,1
23208,1
66794,1
47925,0
11965,0
38979,0
8565,0
25836,0
35967,1
49301,1
33376,0
65689,0
40556,0
34524,0
16380,1
12960,1
25800,1
61423,0
19839,0
16211,0
40764,1
49835,1
54753,1
44048,1
34147,0
21066,1
48831,0
67570,0
27300,0
73783,0
20298,0
44776,1
52459,0
6472,0
20619,1
23934,1
55840,0
27852,1
25661,0
6268,0
50176,0
50511,1
73967,0
57160,1
26066,0
6487,0
45890,0
12497,0
70922,1
13255,1
16084,0
57867,1
24469,0
4035,0
26801,0
68837,0
48321,1
70031,1
22456,0
75428,0
1056,1
17818,0
40178,0
67952,1
65801,0
54122,1
66593,0
47445,1
58790,1
47802,1
51577,0
36687,1
67007,1
15490,1
68721,0
72155,1
46335,1
53014,0
33390,1
23563,0
26958,1
64435,0
72008,0
9523,1
11388,0
27256,1
64598,1
10862,0
11613,0
34618,0
59230,1
2236,1
19727,1
61042,1
649,1
61492,0
56687,1
49099,0
21426,1
39800,1
16306,0
70020,1
41713,1
63107,1
73927,0
71427,1
9161,1
47222,1
30300,1
2983,0
53866,0
58682,1
17880,1
47884,1
24881,0
56656,1
65009,0
3909,0
63794,1
55732,1
71883,0
33473,0
1179,1
33741,0
54478,1
31254,0
37875,1
58632,0
43720,0
69273,1
22994,1
53102,1
3312,0
16817,1
43308,0
21199,0
47475,0
55407,0
46023,0
45514,1
4722,0
39376,0
1080,1
58203,0
52578,0
48344,0
7327,0
34613,1
67391,1
72326,0
68606,1
19686,0
9712,1
4226,0
54676,0
63674,0
13928,1
41256,0
57402,1
54369,0
71330,1
53221,1
18246,1
61317,0
18324,0
67988,1
9966,1
25651,1
18814,1
2724,1
29097,1
69700,0
19704,0
72558,0
10588,0
27024,1
10176,1
21025,1
10193,0
60474,0
48704,1
71334,1
11585,0
46446,1
63959,1
23106,0
42050,0
19149,1
57091,1
34787,1
23049,0
66362,1
60880,0
2856,1
46733,1
71801,1
4574,0
14691,1
55281,1
48361,1
64258,0
40744,0
50830,0
44149,0
19240,1
67148,0
53709,0
22993,0
51002,1
22270,0
10993,0
70729,0
16706,0
18743,0
53258,1
58743,1
38145,0
56184,1
6130,1
24761,0
40303,0
66363,1
19714,0
17949,0
20928,1
69321,0
3784,1
50127,1
42621,0
23609,1
73481,0
28173,1
59898,0
1519,0
55065,1
48709,1
21921,1
49858,1
34121,1
16169,0
53770,1
71524,0
74399,1
26003,1
47747,0
27210,1
46401,0
49696,0
23371,0
36283,0
26181,1
19126,1
5648,1
36423,1
3917,0
63803,1
21839,1
30453,1
72030,1
24726,1
72408,1
28272,1
73423,1
34906,1
15786,0
48274,0
31044,1
17056,0
73220,0
75381,0
6839,1
73847,0
56450,0
63500,1
20185,1
19734,1
35569,1
57722,0
72746,1
6705,0
59963,1
67938,0
23956,1
58456,1
21549,1
41237,1
61230,1
23690,0
45690,0
32536,0
45036,0
11716,1
39433,0
15188,1
34473,1
23500,0
13909,0
63150,1
62892,1
37517,1
28654,1
64451,1
41778,1
7900,0
10727,1
45031,1
20009,1
9705,1
56021,1
22672,0
14186,1
23235,0
36186,0
66281,1
22455,0
9136,1
72253,0
50117,0
10405,1
63613,1
52245,0
47881,1
25028,1
33128,1
73876,1
3922,0
17713,0
65287,1
71200,1
18392,0
49655,1
25631,0
63934,1
46303,1
744,0
24388,1
16914,1
18430,0
34774,1
17377,0
49351,0
25117,0
47406,0
32888,1
8526,0
24293,0
24746,1
9840,0
22909,1
36270,1
10007,1
53006,0
62005,1
57251,1
47942,0
4079,1
33973,0
21754,0
56573,1
67213,0
19554,0
2246,0
1958,0
49730,1
7609,1
43498,1
24321,1
22631,0
26392,0
48293,1
15249,1
28161,1
10373,0
22751,0
67030,0
10808,1
42748,1
43220,0
47240,1
26561,1
71151,0
65329,0
66807,0
51712,0
6210,1
29984,0
25760,1
33277,0
60116,1
13720,0
72315,0
5584,1
13693,1
47792,0
74988,0
43531,1
65965,0
38079,0
31359,0
34589,0
55354,0
62323,0
64459,0
11963,0
30256,1
5181,0
55656,0
30467,1
16823,0
69354,1
49405,0
17126,1
45512,0
62270,1
64222,0
59848,1
8419,1
19960,1
24952,1
54101,0
34795,1
20652,0
9593,0
49625,1
5840,1
7123,0
75001,0
66071,1
49707,0
71696,0
51751,0
6194,0
33626,0
70681,0
14707,1
48771,0
40624,1
34438,0
64079,1
5037,1
13076,1
39057,0
25253,1
2428,1
70555,1
75164,1
62144,1
39363,0
10631,1
51125,0
35008,0
68093,1
34097,0
57393,0
7579,1
71885,0
9491,1
63708,1
61875,0
40217,0
74299,0
41567,1
19672,1
56668,1
20956,0
34918,0
46951,0
43742,0
36028,0
70908,1
65113,1
49367,1
43273,0
34304,1
61700,1
66227,1
43614,1
27035,0
22930,1
35952,1
52746,0
71371,1
51574,0
25944,1
54640,1
20785,1
886,0
66567,0
16639,0
50608,0
35754,0
59729,0
47607,1
40990,1
36390,1
33822,0
47162,1
8068,0
43897,0
2269,0
6817,1
36359,0
45409,0
72992,1
6353,0
15465,0
22311,1
56319,0
52838,1
8863,0
14356,0
47428,0
59152,1
57288,1
56098,1
2763,1
14984,1
70804,1
40426,0
46607,0
46678,1
20239,0
56252,1
21213,0
16408,1
60081,0
67075,1
23564,1
13292,0
42376,1
66086,1
71815,0
49453,0
48410,0
65615,0
29362,1
29941,0
19116,0
73819,1
61818,0
70413,1
51178,0
39888,1
36746,1
32451,1
28551,0
14027,0
60707,0
830,1
3160,1
36322,0
70343,1
52351,1
57762,1
21628,0
16453,1
72165,1
31532,1
48171,1
17836,0
74068,1
58105,0
1036,1
45716,0
74466,0
25981,0
67060,0
15580,1
13511,0
18930,0
30347,0
69148,0
44278,1
26426,0
48578,0
16694,0
69528,1
34228,0
30060,0
18343,0
5257,0
28387,1
22120,1
47511,1
6449,0
50441,0
52250,0
43813,0
38909,0
43722,0
41975,1
45323,0
8352,0
18009,0
43078,1
69121,0
20426,1
20606,1
16275,1
9730,1
21586,1
55272,1
74332,0
61760,1
64116,0
21260,1
68787,1
34472,0
56686,0
22393,1
5503,0
73574,0
6517,1
41071,0
67836,0
63531,0
60751,0
45594,1
28849,1
75076,1
45936,1
4272,1
18885,1
43539,0
28607,1
34681,0
11793,0
31328,0
25937,1
23463,0
52385,0
9356,0
1322,1
57880,1
54078,1
19137,1
47558,0
67177,0
71100,1
44162,0
71570,1
56283,0
31833,0
22733,1
39548,0
30056,0
46753,0
29485,1
22988,0
4661,1
23297,1
75424,0
34548,1
61187,0
57281,1
66134,1
71361,1
53355,0
14442,0
11433,1
47497,1
6183,0
1705,0
46235,1
9502,1
64507,0
55956,0
53836,0
66724,1
8969,1
38435,0
63148,1
11946,0
36847,0
8488,0
2987,0
11575,0
68869,0
52883,1
7255,0
49774,0
15516,1
11791,0
7201,0
3901,1
26186,1
10830,0
56124,0
15681,1
5353,0
21281,1
3122,1
69300,0
68706,0
20555,1
11171,1
54012,0
13093,0
11988,1
38315,1
11242,1
44111,1
15399,1
24151,0
33024,1
49662,1
46714,0
8744,1
67000,0
5973,0
35859,0
65331,1
56756,1
36703,0
10542,1
12448,0
270,1
38026,1
71668,1
45058,1
48610,1
19168,0
11313,1
38249,0
10336,0
10044,0
56878,0
22545,0
64539,1
29436,1
29733,0
60767,0
21510,1
72891,1
3460,1
72349,0
36615,1
7944,0
37870,1
3123,0
3856,0
75006,0
25190,1
52102,0
15033,0
26899,0
34027,1
4746,0
60928,0
21450,0
69710,1
49387,0
8776,0
62219,1
8237,0
7228,0
41648,1
71439,0
57634,0
56236,0
2923,1
2258,0
2122,0
52393,0
38416,0
53499,1
789,0
70063,1
44359,1
65927,1
61688,1
12796,1
56938,0
27036,1
60151,0
48280,0
49738,0
10472,1
50169,0
45715,1
14415,0
10371,0
27840,1
35059,1
25877,0
35691,1
66744,0
66719,0
3214,1
53059,0
10719,1
9977,0
7013,0
27366,1
27454,0
51944,0
51301,1
63717,1
69677,0
73348,1
10923,1
33214,0
16048,1
37543,0
64045,1
38942,1
73034,0
71686,1
70428,1
7110,1
15276,0
30820,1
74020,1
24290,1
11714,1
41614,1
1495,1
52223,1
52891,0
33749,0
68019,0
30024,1
64011,0
29279,1
2642,0
27157,0
45436,1
75208,1
39038,0
22990,0
54685,0
25206,1
1207,0
13458,1
52368,1
21980,0
42440,1
72991,1
47061,1
10812,1
7375,1
9197,0
35763,0
72885,1
28483,0
13696,1
66549,0
10244,0
69986,0
38051,0
37773,1
48931,0
35941,1
29449,1
34,0
50549,1
30956,0
50685,0
55817,1
42439,1
20136,0
68684,0
31973,1
74862,1
44803,1
327,1
1649,1
53895,1
20527,1
66340,0
27381,1
33702,0
64446,0
16572,1
42118,1
25756,0
45674,0
58,1
21947,0
71085,0
72051,0
61256,0
20392,1
5896,0
66377,1
69,1
16449,0
38063,0
55283,1
73581,0
11765,1
54064,0
44456,0
60916,0
29161,0
6012,0
31361,0
4242,1
47871,1
43181,0
29167,1
42637,1
68573,0
2252,0
531,0
70214,1
1023,0
70850,0
58160,0
38920,1
47960,1
9892,1
34254,0
4792,0
10149,1
15394,1
53595,1
30108,1
61578,0
74908,1
43756,0
36890,0
59210,0
48648,0
58459,1
27283,1
20184,1
52856,1
71473,0
14510,1
71924,1
49082,0
33712,0
51226,1
63624,0
55152,1
41906,1
67200,0
22518,1
7903,1
56710,1
14570,0
75540,0
7789,1
57363,1
18402,1
42497,0
28926,1
1463,1
17448,1
48283,0
54220,1
40917,0
33778,1
26716,1
5142,0
45605,0
9544,1
39413,0
37348,0
24372,1
29982,1
38965,0
21015,1
37331,1
16216,0
15403,1
15533,1
66722,1
11325,0
68364,0
36857,1
50717,1
43207,0
68993,0
65063,0
53906,0
51418,1
49515,1
55384,0
9134,1
75613,0
9751,1
44241,0
46222,0
41431,1
24247,0
53724,0
36554,1
53083,0
72312,1
51740,0
55722,0
47037,0
48562,0
19558,1
72026,0
63131,0
36122,0
14734,0
49702,1
36851,0
39660,0
69610,1
35118,1
31322,0
14086,1
36641,1
72739,1
25671,1
49909,1
39754,0
59108,1
31764,0
24501,0
59695,0
5949,1
40363,0
75302,0
70792,1
53874,1
36531,0
51672,0
10682,1
46360,0
53758,1
13514,1
49423,0
13131,0
10732,0
46819,0
32802,1
7246,1
66930,1
18917,1
41686,0
9082,0
58693,0
11318,1
32094,0
37252,0
1010,0
37370,0
72842,0
72591,1
54757,0
51482,1
32931,0
63012,1
43856,0
67850,1
16995,0
35299,0
59526,0
19492,0
52628,1
66660,1
63256,1
67945,1
63788,1
74356,1
51127,1
33760,0
61864,0
62945,0
40162,1
43467,1
38209,0
63122,1
72708,1
32496,0
41971,1
38497,1
20487,0
68777,1
9968,0
73848,1
67644,0
68350,1
61084,0
5275,1
48605,1
36101,0
13326,0
63721,1
8008,1
41847,0
3027,1
64352,1
91,0
65296,1
67887,1
30275,1
24248,1
9008,0
50399,1
74131,0
41322,1
38149,0
5710,0
476,0
66644,1
56830,1
56499,1
63731,0
3142,1
47305,0
11052,1
42359,0
22121,1
16078,0
10532,0
70623,1
16621,1
42690,0
62169,1
73510,0
5422,1
29685,1
20379,1
19723,0
22387,0
20390,1
587,1
62411,1
72829,1
34872,0
21428,1
44279,0
24398,1
47812,1
36382,1
38032,1
12742,1
2766,0
55807,0
75390,1
45033,1
27906,1
61359,0
67244,0
71197,0
42797,1
47939,0
63806,1
491,1
65722,0
30318,1
70280,1
4217,1
71396,1
2107,0
12685,1
61871,1
10463,0
56227,1
23200,1
23946,1
33717,0
67028,1
61236,1
5543,0
39401,1
28070,0
67811,1
30805,1
44856,1
18686,0
1901,1
21935,0
36009,1
14151,1
56872,0
24609,1
70572,0
11857,0
65000,0
40655,1
16534,1
20383,0
21034,0
28482,0
22921,1
47167,1
38510,0
21948,0
74590,1
21744,0
63744,0
33456,1
61321,1
11133,1
60267,1
22442,0
54585,1
69932,0
57033,1
50341,0
31477,0
14064,1
44619,1
506,0
75808,1
60181,1
4323,1
65515,0
60560,1
71557,1
428,0
56559,0
73494,0
15632,1
13600,0
17279,1
65149,1
32998,1
26138,0
30321,0
6362,1
72049,1
7177,0
9684,0
933,0
66182,0
53884,0
46317,0
47190,0
68932,1
9952,1
9453,1
16885,0
22107,0
41997,1
40093,1
14340,0
33623,0
19824,1
21173,0
56595,1
63950,0
32829,1
23692,0
67820,1
15769,0
20538,1
57639,1
11701,0
49535,0
42901,1
46460,0
68322,1
10603,1
29297,1
45173,1
31235,1
14224,0
46845,1
1149,1
64144,0
17517,0
15646,1
2657,1
40373,0
55849,1
31381,1
13008,0
17253,0
70956,0
67758,0
4022,1
238,1
18574,1
35202,0
22071,0
19332,0
56196,1
39827,1
32817,0
12074,1
36988,0
71800,1
57134,1
67218,0
16575,0
48710,0
33261,0
46680,1
26352,0
54040,0
69025,0
45128,0
45139,0
16017,1
73095,0
60518,1
35403,1
1107,0
31319,1
51334,0
42017,0
20773,1
10851,0
38829,0
64103,1
63100,0
34363,0
23622,1
4978,1
74882,0
21175,1
17765,1
13508,1
58207,0
45211,0
24222,0
30333,1
62718,0
4185,0
50153,0
72461,0
47706,0
7724,1
72492,0
29715,0
75324,1
23994,0
68602,1
1924,1
71443,1
34269,1
60958,0
27003,1
42559,0
26836,0
58344,1
45115,0
73490,1
4676,0
51153,0
27100,1
2566,1
4199,0
73390,0
31404,0
7391,0
7016,1
56266,0
68024,0
48676,1
20808,1
38626,0
50868,1
297,0
65710,1
5092,0
13475,1
70604,1
65025,0
37655,1
22991,0
13005,1
25773,0
52254,0
32449,0
8414,1
50106,1
8850,0
53486,0
15593,0
64702,1
7363,1
52344,1
612,1
63535,1
7001,1
12441,1
65842,0
70794,0
9934,1
128,1
20467,1
11136,1
33046,1
30859,1
23157,0
18288,1
66042,0
21049,0
30118,1
65374,0
64971,0
60107,1
26007,0
6454,1
55970,1
53155,1
73587,1
23882,0
22666,1
54900,1
39586,0
69786,1
10375,1
24313,1
62058,0
43010,0
47991,1
36480,0
56877,1
38937,1
4165,0
22686,0
29778,0
7005,1
13449,1
2001,1
67409,1
65122,1
11025,0
57316,1
445,0
10241,1
5432,1
74341,1
71252,0
48621,0
20982,0
60313,0
707,1
66314,0
32570,0
14258,1
44219,1
19044,0
62010,1
38198,0
15201,1
63029,0
15519,1
71920,1
7208,0
7284,1
74655,1
191,0
25780,0
32695,1
5167,0
24259,1
102,1
53328,0
3830,1
8210,0
41891,0
60602,1
32871,1
24115,0
59642,1
8823,1
7314,1
7901,1
35206,0
57009,0
55925,0
19263,0
168,0
11335,1
461,1
72386,1
25586,0
33161,1
47734,1
50443,0
45696,0
10345,1
52521,0
58451,1
32541,1
69921,0
4282,1
51628,0
12393,1
41391,1
55069,0
63796,0
66894,0
38893,0
51547,1
42765,0
5872,1
31456,1
47462,0
14937,0
71849,1
25197,0
45835,1
62143,0
41132,1
46150,0
15874,1
56316,1
36881,0
17443,0
7874,0
22795,1
36625,0
56954,1
41262,0
45990,0
74220,0
23242,1
36725,0
67147,0
40203,1
54700,1
17607,1
72535,0
10487,0
49648,0
58334,1
61118,1
18188,0
48172,0
53843,1
9270,1
70795,1
4340,1
49971,1
23209,1
26517,0
47811,0
65037,0
16785,1
50426,0
72620,0
23245,0
6939,0
23589,0
29466,0
34139,1
65555,0
37920,1
59072,0
36541,1
12559,1
39090,0
38637,1
4521,0
48213,0
45402,0
16066,0
11404,1
34921,1
72159,0
63220,0
48552,0
32553,1
40070,0
69702,1
71298,1
21497,1
24274,0
10416,1
10524,0
9551,0
70603,1
11854,0
38649,0
75321,0
20207,0
51266,1
7723,1
71280,1
2915,0
59532,0
45219,1
35899,0
65032,1
21356,1
56462,0
12869,1
4625,1
72945,0
31579,0
17088,1
71394,1
30331,0
75551,1
11236,1
61585,1
56618,1
74703,1
19916,1
22619,0
4157,0
51170,1
42927,1
48130,1
31806,0
20107,1
38293,1
75177,1
36108,1
8943,0
64561,1
21815,0
65537,1
65005,0
59246,0
20909,0
28989,0
56177,0
16002,1
18748,0
52788,1
20416,1
55768,1
40717,0
7957,0
10432,1
61252,1
36336,0
40403,1
50013,1
25032,0
6637,0
34640,0
35042,0
56006,1
32514,1
10628,0
23714,1
6025,0
28639,0
11517,0
55091,1
58085,1
242,0
61246,0
32474,0
6096,1
49434,1
19151,1
40859,0
52415,1
1921,0
21253,1
36566,1
53220,1
60527,1
45679,1
15648,0
24262,1
41676,1
61698,1
63962,1
63016,0
9041,1
32326,0
1803,1
61015,0
18625,1
30507,1
39591,1
21718,1
18139,1
21760,0
33066,0
73941,0
69945,0
26105,0
46820,0
16721,1
34098,1
51384,0
4268,0
56861,1
57008,0
14844,1
19177,0
44330,1
31119,1
47567,1
40193,1
177,1
75068,1
54533,0
3566,1
31837,0
46588,1
64188,1
45539,0
4335,0
51897,0
73552,0
50577,0
57808,0
57709,0
16641,0
26386,0
13722,1
5573,0
55175,1
31028,0
53263,1
63749,1
36990,0
17110,0
74031,1
21868,1
55541,1
51197,1
43260,0
18786,0
53985,0
6436,0
9265,1
64968,0
30259,1
9170,1
521,0
18744,0
33031,0
74820,1
9614,1
22656,1
9358,1
30823,1
49255,0
40536,0
24834,0
8475,1
14903,1
9362,0
9963,1
26812,1
9521,0
39915,0
14987,0
70993,1
39105,0
50697,0
15723,0
4996,1
16376,1
35275,0
59416,1
74771,1
5560,1
12538,1
13581,0
30838,0
1559,1
46740,1
17662,0
13457,0
55584,0
33722,0
61116,1
75244,1
23251,0
44861,1
29570,0
621,0
21931,1
53235,0
14846,1
63318,1
25945,0
9458,0
27968,1
68126,1
35675,0
41028,0
23831,0
30434,0
14753,0
49025,1
66138,1
5673,1
6702,1
36647,1
66143,0
28671,1
22658,0
13513,1
38010,1
6033,1
29568,0
51462,1
57172,1
24789,0
28713,1
14674,1
35017,1
68369,1
71969,1
29265,1
57221,0
29587,0
67100,0
56244,0
5062,0
33350,1
22622,1
48964,1
60280,0
17463,0
42780,0
56806,0
20096,0
60796,0
26417,1
67247,0
47230,1
37170,1
17475,1
13966,0
27487,0
63754,1
62390,1
53384,1
24103,1
60657,0
75241,0
6445,1
43390,0
5057,1
5007,0
15915,1
69630,1
31743,0
73073,1
60793,1
45197,0
51036,0
18880,0
36376,1
69716,0
21684,1
33565,1
73473,0
57673,0
15582,1
65897,1
24589,1
42353,0
30231,1
57861,0
49795,1
29275,0
24431,0
74222,1
29555,1
41915,1
41549,0
25602,0
2977,1
18374,1
52960,0
41031,1
50423,1
75353,1
9920,0
14757,1
67759,1
40517,1
5554,1
20084,0
4029,1
3454,0
24282,1
34284,1
45868,1
51315,1
54020,1
65051,0
31192,1
71002,1
65914,0
2381,1
59884,0
40242,1
38860,1
41336,1
51632,1
70594,0
18462,1
21424,1
54169,0
18960,0
54770,0
74485,0
29423,0
40830,0
1491,0
40472,1
18896,0
31294,0
46491,0
39925,1
31291,1
45243,0
38799,0
43717,0
30914,0
11391,1
74834,0
8911,0
916,1
26808,0
19445,0
19546,1
72261,0
66411,0
17467,1
9983,0
2684,1
32260,0
55096,1
51091,0
47979,0
72737,1
73370,1
21472,0
42830,0
51074,1
6659,0
43387,0
41972,0
67167,1
64513,0
56795,1
41043,0
7333,1
29726,1
45099,1
11436,1
25511,1
37358,0
9154,1
11053,1
64830,1
20684,0
59864,0
14552,1
51851,0
41779,0
36072,1
19412,1
11340,0
30584,0
49031,0
53416,0
45775,0
75533,0
39372,0
45530,1
43832,1
50360,0
20251,0
365,1
36464,0
33274,1
26358,1
9501,0
2648,1
48861,0
74797,1
71010,0
63576,0
42178,0
19968,0
26459,0
9579,1
57485,1
55983,1
75721,0
38274,1
36738,0
4683,0
6453,0
24899,0
24905,0
53200,0
26032,0
73438,0
5514,1
63383,1
28035,0
54756,0
73120,1
60804,0
11321,0
11509,1
19474,1
31441,1
59704,0
37999,1
72384,0
37184,0
18693,0
26768,0
52438,1
23723,0
49473,0
66228,0
13795,1
4452,1
19020,0
50770,0
22251,1
56752,0
6172,1
30620,1
59501,0
15878,0
43713,0
62247,0
48813,0
21435,0
1857,0
22148,0
37038,1
69388,1
38118,1
57509,0
67719,0
41065,1
951,1
59207,0
47994,1
33404,1
51704,0
790,0
58856,0
4243,0
22537,1
38848,1
57760,1
19341,0
27820,1
32012,1
35485,0
19307,0
32615,1
63417,1
68695,1
56972,0
17541,0
44997,0
70778,0
19827,1
65029,1
61471,1
53958,1
11518,0
70077,1
71688,0
7554,1
71734,1
50149,1
61812,1
69225,0
46514,1
32042,0
56092,1
53369,1
5888,0
53746,1
41620,0
28009,0
64905,1
35826,0
3514,0
26494,1
26700,0
13078,1
28593,1
13636,0
35557,1
33979,1
56012,1
62436,1
10516,0
42413,1
41653,1
23833,0
68111,0
20666,0
8966,1
14645,1
44840,1
51251,1
46109,1
70260,1
11216,1
29226,0
58206,1
66213,1
13422,0
9377,1
56586,1
58243,0
24805,1
34122,0
72063,0
58526,0
43393,1
66232,1
51683,0
13792,1
682,1
31538,0
69194,1
44164,0
5357,0
39222,0
11149,0
64445,1
9213,0
17058,1
49365,0
4772,1
23332,1
58789,0
9070,1
74071,1
16646,1
55538,1
33382,0
34730,1
2300,1
68815,1
44614,0
53018,0
23425,1
75092,1
55108,0
3433,0
18025,0
23250,0
36532,0
23480,1
34842,0
59274,0
39766,1
26490,0
14024,0
64208,0
42216,1
44945,1
2755,0
48379,0
75039,0
49134,0
47929,1
39322,0
16927,0
50075,0
61212,0
32418,1
52543,0
40053,0
38592,1
11395,0
43506,1
7200,0
65416,1
23496,0
67972,0
30418,0
50193,1
18924,0
66067,0
18241,1
54430,1
32355,1
28627,1
42575,0
56149,0
64933,1
3611,1
7198,1
1529,0
42464,1
27957,0
42319,1
52422,1
42351,0
45893,1
2799,1
45930,1
10329,0
68351,0
34811,1
32039,0
27350,1
14422,1
12205,1
45263,1
3423,0
2883,0
15800,1
58956,1
25279,0
2988,1
4701,0
44683,0
2959,0
6370,0
38116,0
10034,1
75265,0
30332,0
37529,1
48823,0
3140,0
52447,0
49041,1
67971,0
19387,0
27179,1
56049,1
39497,1
58381,0
61361,1
8325,0
12029,0
70439,0
33590,1
39093,0
28326,1
4108,1
58266,0
62990,0
1650,1
46846,1
37239,0
9209,0
52503,0
19967,0
19874,0
26723,0
34433,0
30011,1
28768,0
14586,1
21141,0
17939,1
2218,1
11467,0
75074,0
3529,1
37241,0
61282,1
39461,0
18926,1
12036,1
16046,1
33628,0
1594,0
74450,1
43110,1
18087,1
58701,0
57413,1
66700,1
37961,1
38950,1
22897,0
27983,0
57704,1
46690,1
66270,0
26258,1
52685,0
35027,1
51234,1
46958,1
19814,0
47303,0
7513,1
9376,1
57601,1
14026,1
54738,1
59894,0
67636,0
49782,1
71191,1
50668,1
71981,1
2664,0
61634,1
65709,0
21909,1
70890,0
29333,1
14174,0
6678,1
34551,0
19274,1
41179,0
71550,0
35890,0
12555,1
36263,1
35035,1
5745,0
38874,0
65080,1
21054,0
34226,0
51853,1
62483,0
3925,1
46336,1
50740,1
37537,1
8587,0
47335,0
67276,0
46198,0
52110,0
38412,0
66202,1
27948,1
15856,0
61314,0
23598,0
12658,1
45831,1
56207,0
44643,1
3595,0
49480,0
69048,1
68608,1
18481,1
73407,0
9345,0
71148,1
68746,1
38830,1
29690,1
74019,0
45921,1
68169,0
10933,0
14256,0
18198,0
44616,0
68511,0
34927,1
45040,1
31006,1
55369,1
23194,1
41479,0
52809,0
71937,1
69773,1
60973,0
51667,1
26285,0
40741,1
35479,1
47875,1
43064,0
43314,0
41284,1
3437,1
52427,0
49158,1
19542,0
12348,1
66973,0
527,1
37912,1
56735,1
23040,0
51870,1
69825,0
71005,1
19600,0
73693,1
41035,1
6475,1
66601,0
4600,0
26211,1
39422,1
32768,0
73920,0
66056,1
71547,0
72196,0
32690,1
50512,1
55318,1
74025,0
49719,1
13390,1
64248,0
69425,1
65755,1
28241,0
55664,0
58717,1
54520,1
38184,0
46596,0
59320,0
8424,1
22937,1
44867,0
44165,0
4864,1
50707,0
16783,1
65350,0
66966,1
2278,0
8397,1
74702,1
9103,0
43465,0
71533,1
53928,1
5976,0
31070,0
42253,0
32336,0
425,0
5229,0
29483,1
32656,0
24146,0
2576,0
71929,0
41921,1
14087,1
37924,1
50906,0
32680,0
17907,0
58248,1
75519,0
17671,0
60432,1
70421,1
8693,0
7036,0
59579,1
30303,1
70577,0
63078,0
65213,0
54759,0
10399,0
65898,1
26170,0
23530,1
33203,1
63061,1
52311,1
22376,1
56930,1
17523,0
18789,1
5439,0
24869,0
54567,1
1054,0
49524,0
26255,0
33054,0
69017,1
20746,1
41056,0
65960,1
2448,1
39516,0
72515,1
6669,0
69741,1
47988,0
49226,1
62726,1
49209,0
64367,0
39334,0
10486,0
59346,1
34077,1
9252,1
33139,0
53130,0
63292,0
63486,1
8660,1
13739,0
16624,1
39911,1
69816,0
59017,0
51950,1
19192,1
1950,1
12917,0
7241,0
286,1
72820,0
15548,0
68549,1
73566,0
7919,1
18951,0
50081,0
13375,1
38561,0
70852,1
69593,1
52194,1
41138,1
75360,1
44380,1
57852,1
15737,1
63450,0
54270,1
1300,1
74065,0
23022,0
43908,1
65263,0
73045,0
63384,1
22691,0
53010,1
21335,0
6263,0
51444,0
31397,1
55012,1
36032,1
12414,0
14940,0
43792,1
45420,1
40599,1
22966,1
31074,0
54263,0
43028,0
59529,1
24337,1
12016,1
64951,0
26559,0
1613,0
16503,1
53779,0
22579,0
74923,0
74549,1
32522,0
4983,0
16697,1
62120,0
17131,0
43239,1
25913,1
34821,1
6273,1
74336,0
47183,0
64608,1
44385,1
3568,1
32643,0
22067,0
47267,0
20576,1
14112,1
40951,1
34672,0
61912,0
20709,1
63267,0
3828,1
71887,1
18898,0
49543,1
29314,0
24758,0
35149,1
32715,1
13018,1
32759,0
74934,1
41609,1
10393,0
74244,0
22038,1
39127,1
45329,0
42369,0
66687,1
4989,1
48692,1
18440,0
36067,1
55406,0
61757,0
7127,1
41057,0
28813,0
69652,1
41244,0
50029,1
7295,0
74182,0
60608,1
41709,1
14972,1
48825,0
34644,1
44936,0
6947,0
40168,1
52816,0
52802,0
4909,1
26516,0
46272,0
62085,1
2081,1
16168,0
74036,0
13086,1
15338,0
64502,0
495,0
49147,1
56118,1
72225,0
64301,0
75401,0
60402,1
66007,0
33834,1
74253,0
73305,1
56601,1
35959,0
11758,0
29818,0
8148,0
30943,1
12587,0
75231,1
35857,0
54147,0
48835,0
72797,0
53690,1
33854,0
41663,1
23083,0
19227,0
38221,1
20740,0
25484,1
45746,1
9988,0
50907,1
17,0
7382,1
8087,1
62340,0
61715,1
36084,0
64172,0
70704,0
60125,0
61755,0
13445,1
11034,1
62937,1
63180,1
58780,0
75331,1
3292,0
27004,1
41974,1
22723,1
67588,0
29464,0
68527,1
6197,1
18600,1
69801,1
46605,0
54916,0
41101,0
59145,1
44391,1
7077,0
63019,1
2009,0
67482,0
33651,1
65707,1
57954,0
16061,0
57755,0
16520,1
62165,0
74731,0
32830,1
57002,0
70657,1
47826,1
9063,1
68614,0
27526,0
62473,1
30440,0
24132,0
43616,1
49892,0
14051,0
17728,0
2863,1
67170,1
18671,0
34238,1
66745,1
55291,0
10635,1
56604,1
29799,1
57448,1
64720,0
15503,1
40040,1
62648,1
10211,1
38165,1
5337,1
46955,0
56052,0
30567,1
37919,0
48967,0
9128,1
23551,1
26963,1
16838,1
11950,0
3526,0
61439,1
71494,1
655,0
14547,1
74284,0
47655,1
42892,1
21954,1
64672,1
22318,1
56818,0
49604,1
38255,0
69549,0
48754,0
25106,1
31149,0
614,1
38380,1
66949,0
47220,0
32607,1
61392,1
14499,0
66131,0
50395,1
51082,1
5121,0
67153,0
71907,0
29698,0
36756,0
17479,0
24933,1
62941,1
51781,0
2963,1
31161,1
58940,1
30741,1
36560,0
64407,1
66640,0
2754,1
1735,1
54045,1
26422,0
6577,1
42881,1
27453,0
50302,0
42570,0
6500,0
8038,0
34076,0
6762,0
66003,1
47937,0
34907,0
33466,0
60159,1
52811,0
75654,0
14283,0
9442,0
55207,1
72154,0
180,1
59689,1
21575,1
66147,0
27776,1
45791,0
50969,1
13710,0
74362,1
13162,1
37374,0
48815,1
54555,1
40131,1
12303,1
42874,1
63207,0
51203,1
20613,1
18699,1
67496,1
24812,0
19250,1
7317,0
10701,0
21209,1
66434,0
38312,1
36152,0
63050,1
23785,1
71004,0
48310,1
9261,1
34430,1
49254,1
12903,0
59208,1
55804,0
49026,1
19224,1
65798,1
2481,0
42602,1
19575,1
29900,1
15458,1
25261,1
68439,1
8980,0
34770,0
17873,1
31377,1
19526,0
58847,1
36900,0
33343,0
36765,0
31195,0
58302,1
34239,1
13106,0
7212,1
64013,0
67737,1
47426,1
24126,0
62688,1
4262,0
63891,0
44471,0
36627,0
56024,1
24130,0
43404,0
56193,0
25625,1
39421,0
63587,0
3544,1
34322,0
65796,0
13299,1
33373,1
19926,0
47478,1
35520,1
54659,0
66734,1
31368,0
43497,0
26781,1
52976,1
54514,1
68915,1
70210,0
15329,0
42851,1
39303,0
4553,1
32411,1
38210,0
18537,1
72822,1
5958,1
53168,0
51968,1
26558,1
46215,1
56607,1
17291,1
50514,0
47139,0
46746,1
26259,1
14944,1
44014,1
37144,1
61607,1
24123,0
8306,1
45444,1
56885,1
66225,1
53438,1
42225,1
58016,1
49396,0
64368,1
43568,0
17855,0
4506,0
31425,0
67902,0
72812,1
32301,1
71586,1
12077,0
5784,0
49470,0
42109,1
3296,1
700,1
2378,0
63529,1
11762,0
40034,0
26351,1
30818,1
2778,1
6617,1
10695,1
38746,0
38571,1
33696,0
47576,0
3633,0
6208,0
2725,1
41154,1
69642,0
30632,1
10229,0
61739,1
19382,1
52163,1
47973,0
64129,1
3471,0
55047,0
50027,1
41742,1
35806,0
29473,0
32494,0
15676,0
57681,0
60447,0
31509,1
23401,1
19726,0
41885,0
6265,0
27115,0
67452,0
31557,1
61605,0
65469,0
69784,1
45669,1
56112,0
34456,0
63665,1
21582,1
75134,0
35723,1
7666,1
55939,0
20026,1
57761,1
54938,0
451,1
65743,0
66781,0
4641,1
56446,1
17214,0
31630,1
28063,1
58972,0
45278,1
21644,1
14093,0
46171,1
41688,1
18687,1
33761,0
7584,1
9187,1
29841,1
56870,1
10589,0
37429,1
42500,0
28119,1
60445,0
13319,1
28673,1
71320,0
13983,1
66354,1
58816,1
3492,0
66972,0
30618,1
33280,1
57730,0
40559,0
15671,1
72669,1
65500,1
17993,0
43288,1
43631,0
41817,1
46889,0
26759,1
13262,0
63214,1
50449,1
30958,1
686,0
36952,1
28464,0
43121,0
37520,0
29700,0
3652,1
73028,0
73577,1
20376,1
16715,0
35067,1
21295,1
10126,0
7458,1
39939,1
66809,1
64287,0
4636,0
55356,0
24448,0
39601,0
24569,1
34156,0
71465,1
64134,1
62590,0
55266,1
67768,0
40433,0
52835,1
32872,1
11846,1
73292,0
72109,0
48938,1
5025,0
13683,1
65354,0
47036,1
25229,0
56108,1
56955,1
36500,0
62181,0
19725,0
68583,1
18328,1
24331,1
54825,0
51557,0
64027,0
8721,0
64883,1
33788,1
48915,0
11562,1
39260,1
15379,0
9206,1
27277,0
36556,0
56137,0
18342,1
24925,0
41985,1
56100,1
13931,0
26912,1
891,0
15191,1
368,1
49270,1
34015,0
55717,1
15809,0
57375,1
56771,1
27984,1
13209,0
50267,1
29395,1
9841,1
50676,1
47058,0
66554,0
33026,0
55959,1
53667,1
15083,1
23326,1
11222,0
48730,1
3757,1
5788,1
66330,0
42789,1
34390,1
7421,0
42199,0
53066,0
17298,0
41241,0
28611,1
52065,0
52023,0
13049,1
42011,1
32296,0
64937,0
71982,0
49514,1
10780,1
17476,1
35614,1
17898,1
41171,1
71300,1
62827,0
43479,1
13584,1
20270,0
52914,0
73189,1
17000,0
8597,1
7084,0
41129,0
49101,0
4276,1
40892,0
14683,1
57012,0
24697,0
24842,1
51481,0
69027,1
56346,0
20163,0
20243,0
2140,0
18450,1
56388,0
57699,0
30575,0
61803,1
71540,1
17472,1
14610,1
45174,0
43863,0
6753,1
70034,0
4136,0
24986,0
10770,0
59091,1
28074,1
46995,0
38157,0
70098,0
58590,0
30031,0
48105,1
1944,1
60249,0
40453,1
14204,1
16296,0
68220,1
5457,1
40728,0
22243,1
12122,0
21940,0
44463,1
23003,0
38713,1
32542,0
11938,1
14763,1
50588,1
15260,0
6056,1
64316,0
68306,0
69200,1
66764,1
22878,0
12176,1
6896,1
74551,1
13373,0
6131,1
21775,1
21508,0
46137,1
60484,0
14079,0
37888,1
39643,1
65478,0
28428,1
15563,1
16626,0
16775,1
75149,1
37416,0
47438,0
55319,1
9748,1
11553,1
25243,1
32949,0
72472,1
44053,0
6123,0
43237,0
13769,1
58312,1
3459,0
31637,0
55508,0
154,0
24297,0
22238,1
64694,1
69168,1
32385,0
20711,0
5377,1
9843,1
58894,0
67004,0
62567,1
40427,1
39034,0
68826,1
27903,0
32450,1
55041,0
41798,1
28461,0
55993,1
61799,1
49668,0
68293,1
22018,1
25513,0
59813,0
19142,1
22489,0
63719,0
9312,0
75346,0
35679,0
12330,0
18399,1
14958,0
973,1
19190,0
29787,0
35515,0
20196,0
38337,1
66487,0
43241,0
71329,1
39193,0
37283,0
59533,1
13384,0
74747,1
27798,0
31136,0
71915,0
75325,0
39961,1
40812,0
73415,1
16330,1
55670,1
73786,0
21217,0
39431,1
27814,1
20409,0
32795,1
58812,0
71323,1
20337,0
38481,0
29225,1
1075,0
12819,0
8718,0
28367,0
47609,1
2671,1
2849,0
59239,0
20524,0
27086,0
67016,1
19355,1
1877,1
11264,0
64476,0
58104,0
42148,0
23542,1
32298,1
47411,0
70930,0
33023,0
8719,1
32138,0
29048,1
53068,0
51570,0
19340,0
7735,1
42083,0
75135,0
55996,0
60807,0
17796,1
46203,1
53641,0
18415,0
62839,0
205,1
59213,1
49787,0
75056,1
67250,0
56066,0
65221,1
29647,0
59882,1
21614,0
64604,1
69246,1
58362,1
40037,0
16608,1
64864,0
58616,1
26492,0
30404,0
45468,0
13521,0
36987,0
28115,0
63128,0
16765,1
42966,1
30978,1
63139,1
1655,1
47541,1
64067,0
49915,0
68554,1
20452,1
55292,1
59591,1
58818,0
6344,0
26059,1
43227,0
69512,1
45504,0
22863,0
59,1
34777,0
74502,1
53607,1
58458,1
9510,1
70770,1
17427,1
11110,1
71865,0
75037,1
33816,1
47163,0
4530,1
74205,0
60991,1
13038,1
38643,1
26087,0
31269,1
37722,1
22162,0
51684,0
24719,0
74885,1
34894,1
51271,0
63121,1
22852,0
29137,0
59703,1
2398,1
8150,1
8100,0
23175,0
46795,1
70766,1
9298,0
6076,1
48279,0
50894,0
60815,0
41693,0
38398,1
44588,1
41689,0
49056,1
60864,0
51987,0
58824,1
74236,0
60730,1
21374,1
39898,0
36312,0
29141,1
24594,0
54531,1
65189,0
74783,0
2440,1
31467,1
18547,1
14122,1
18632,0
47969,0
14976,0
55823,1
35550,1
34628,0
65794,0
33394,0
2464,0
30417,1
22040,1
37213,0
53785,0
31312,1
19862,0
40910,0
38674,1
36472,1
42863,1
23,0
45383,0
55972,1
75415,1
17236,0
6768,0
65736,1
51504,1
29368,0
61467,0
12090,1
54606,1
10787,0
64773,0
48007,0
68509,1
59034,0
39543,0
52001,0
9150,1
40797,1
39760,0
34099,1
63436,0
70164,1
9847,1
20743,1
61872,0
714,0
46542,1
57117,1
34412,0
11018,1
63938,1
17408,1
34126,1
55858,1
67527,1
40860,0
41113,0
15738,0
45248,1
2902,0
50143,1
37075,0
36429,1
35049,0
47033,1
75809,1
23442,1
4770,0
103,1
6297,0
13268,0
23234,0
38021,1
71498,0
56858,0
48285,1
72687,1
8378,1
33863,1
15141,0
72438,0
72527,1
38933,1
57589,0
56265,0
33089,1
19528,0
56848,1
73704,1
67229,0
54677,1
50541,0
20964,0
37797,1
45472,0
63585,0
29923,0
30137,1
73916,0
62437,1
67953,0
32862,1
64988,0
43328,0
29810,1
64673,1
8012,0
570,1
4907,0
23535,0
35371,0
61915,1
49418,1
56136,0
58725,0
67171,0
6423,0
27053,1
29289,1
25847,0
53341,0
23385,1
51373,0
19419,0
38998,1
5315,0
10767,0
70292,0
55826,1
6221,0
63330,1
68299,0
50534,1
51461,0
4916,1
7453,0
34298,1
43919,1
3866,0
20197,1
55820,1
74286,0
22327,1
6906,0
25343,0
73796,1
54476,1
34940,1
64614,1
22936,0
53719,0
2277,0
65421,0
63648,1
32591,0
4881,0
39833,0
27818,0
61415,0
47236,1
34083,0
63099,0
68938,0
70044,1
54648,0
65255,1
20508,1
6724,0
7386,0
51917,0
46479,0
51569,0
46258,0
35507,1
44778,1
45754,1
41503,0
7113,0
48587,0
18393,0
8311,0
28927,0
13840,0
64657,1
68883,1
50652,0
7463,0
57094,0
38031,1
59630,1
13994,1
18472,0
63696,1
63250,0
20696,1
60454,0
12644,0
782,0
34658,0
71159,1
31375,0
13497,0
20470,0
56901,1
23215,0
66902,1
32146,0
4764,0
49597,1
39563,0
71789,0
26477,0
3753,1
68050,0
65027,1
61601,0
6647,0
71890,1
13406,0
57806,0
67448,0
55052,1
53863,1
37679,0
27257,1
45993,0
52764,0
34479,0
57335,1
19277,1
74339,1
65454,0
53921,1
28186,1
1385,0
27063,0
20966,0
5230,0
62568,0
6037,0
40430,0
4380,1
42516,0
43589,1
60285,1
22331,0
27416,1
66652,1
46865,1
37354,0
22826,1
18195,0
9403,0
70861,0
1660,1
68291,0
8972,0
71819,0
2348,0
40502,0
62559,1
25787,0
23346,0
1837,0
48747,0
17277,0
747,1
13212,1
25129,1
59712,1
58853,1
59710,0
2496,0
44983,1
16797,0
41188,0
69414,1
17219,0
65165,0
24304,0
63306,1
22445,0
13499,1
33174,0
64588,1
8736,1
57552,0
42296,0
39218,1
52409,1
57825,0
26753,1
22639,1
45726,0
67454,1
52109,1
24684,0
34483,0
29932,0
68507,0
5627,1
47160,0
29596,0
44436,0
22199,0
73997,1
40661,0
61419,0
42924,1
56728,0
48637,1
2397,1
10080,1
31231,0
13021,0
52936,1
46760,0
11660,0
13408,0
68918,1
12190,1
19919,0
25931,1
73396,0
45818,0
43223,0
46095,1
37261,0
18106,0
57912,1
29360,1
48428,0
12173,0
53870,1
27170,1
28214,1
47711,1
31842,0
990,1
39672,0
63802,1
56725,1
75520,1
22065,0
42870,1
23115,1
25644,1
2985,0
47582,1
31595,1
16122,1
39088,1
36448,1
6963,0
36042,0
8189,1
60633,1
64798,1
30260,0
73395,1
54737,1
46910,1
53868,0
53967,0
23266,0
13017,0
43455,1
12281,0
56297,1
60377,1
13771,0
21312,0
53948,1
71081,1
58460,1
69244,1
50843,1
55022,1
65266,1
21838,0
7549,1
28411,1
71712,1
44802,1
2092,1
41236,1
25390,0
65168,1
36341,0
67630,0
16841,0
20758,0
66427,0
54453,0
8447,1
27670,0
69592,1
40628,0
24307,1
173,0
30951,0
34278,0
61604,0
61422,0
66253,1
56755,1
46776,1
62516,0
64269,1
36831,1
6063,1
75197,1
74451,1
40465,1
2506,1
2418,0
39951,0
59982,0
11141,1
57192,0
27319,0
64687,1
6351,0
62084,0
71127,1
49132,0
59481,1
22820,1
18017,1
51041,1
49463,1
2859,0
12211,1
66166,0
17737,0
68208,1
22218,1
75267,1
54035,1
12549,0
3512,0
19665,0
55890,1
28877,0
32163,0
43939,0
57600,1
53524,1
19784,0
29467,1
38784,0
10468,0
49964,0
53186,1
69563,0
58053,0
31685,1
6970,0
59741,0
62915,1
61283,0
31504,1
19260,1
22748,0
42747,0
33910,1
18668,1
60254,1
55615,0
63737,0
44513,0
19500,0
63470,1
35607,1
67937,0
32661,1
28236,0
32679,1
11166,1
75570,0
67670,1
43271,1
36097,1
39596,1
29392,0
17902,1
68128,0
52646,1
63324,1
50397,0
74570,1
21254,0
43548,0
38989,0
32894,0
58520,1
23997,1
72314,1
53972,1
41660,0
20737,1
46584,1
46126,1
63865,0
34930,1
6733,0
48493,0
21331,0
50635,1
56833,0
42604,0
24160,0
66656,1
7186,0
23779,0
62802,0
17130,1
15445,0
49667,1
16767,1
7678,0
11936,1
36685,1
15577,0
38419,1
8958,1
67878,1
34856,0
34975,1
6219,1
54729,0
67139,1
25383,1
4735,1
71680,0
263,0
33328,0
37647,0
47276,1
41535,1
30803,0
62671,0
65397,0
15748,0
20995,1
6574,1
10896,0
41358,0
71997,1
10614,1
52143,0
45839,0
69390,1
72605,0
24001,0
40714,1
12586,0
61638,0
15354,1
62300,0
65379,1
37518,1
9468,0
48546,0
46738,1
72718,0
46034,1
66358,0
49165,0
22482,1
62558,1
20704,1
40629,0
12773,1
45697,1
54662,1
40923,1
36789,1
22530,1
54294,1
53214,0
8759,0
57124,0
28294,1
43871,1
44167,0
29807,0
17359,1
13778,0
19990,1
48860,1
15259,1
32285,1
26471,0
57151,0
17156,1
16784,1
74162,1
8023,1
39810,0
71194,1
27922,0
51490,0
15621,1
63023,0
56776,1
46885,0
55025,1
34033,1
46926,0
54184,1
58668,1
21647,0
10983,0
61858,0
25116,1
12087,0
4280,1
49919,1
49011,0
2533,0
67489,1
63822,0
12947,0
66971,0
25605,0
23735,0
61326,0
13104,0
37755,1
35842,0
59535,0
40349,1
1516,1
39691,0
70300,0
49953,0
11178,1
37563,1
63597,0
967,0
18638,1
68627,1
48508,1
31738,0
73714,0
14268,1
10453,0
61280,1
50693,1
19915,1
543,0
35671,0
68784,1
55162,1
55227,0
71745,0
40216,0
49048,0
42999,0
55812,1
18833,0
53077,1
39742,1
23118,1
9287,1
23506,1
21234,0
72153,0
43089,0
58784,1
13386,1
52005,1
9202,0
44446,0
20257,0
67800,1
47285,1
54299,0
50489,0
14701,1
5105,0
73106,0
33653,0
57350,1
35342,1
17132,1
17016,1
16000,1
51256,1
61342,0
61650,1
22112,0
27420,0
57541,1
51173,0
51295,1
29927,0
34679,1
17085,0
54215,1
58530,0
53858,1
3899,0
9412,1
13780,0
10938,1
32903,0
3644,1
51671,0
32207,1
35471,1
29418,1
49191,0
55907,0
38175,0
62064,1
67077,0
17584,0
53684,0
47817,1
32837,0
66172,1
42034,1
36317,1
67071,1
59889,1
28406,1
29953,1
65706,0
8974,1
474,0
45966,1
43103,0
29487,0
17334,0
49589,1
69423,1
59925,0
32335,1
46358,0
16431,1
37024,1
53775,0
56504,1
46624,0
39759,1
33805,0
54852,1
16119,0
4714,0
29790,0
56839,1
20854,1
48389,1
337,0
57846,1
22141,1
4788,0
30842,0
44435,1
60122,1
54851,0
30412,0
36280,1
42849,0
13095,0
42611,1
12844,1
71656,0
2355,1
31797,0
66372,1
72905,0
8469,0
44120,0
71738,1
26286,1
22351,1
49973,0
7075,1
35993,1
40489,1
38507,0
13954,0
39323,1
3302,1
45915,1
71505,1
18966,0
48696,1
44243,1
54511,0
844,1
50896,0
42730,1
48984,0
68766,1
41748,0
55952,1
16113,0
35360,1
13742,0
36802,1
23526,0
66264,1
13941,1
42715,1
28775,0
49273,0
20720,1
62994,1
41749,1
47663,0
11473,0
22750,1
19208,1
252,0
11987,0
65868,0
30463,0
59135,0
51930,0
64268,0
8805,0
9000,0
52607,0
32272,0
7905,0
58646,1
61832,0
28956,0
31717,1
23417,1
20042,0
70026,1
3798,1
53246,0
4833,0
67640,1
20774,0
42671,0
11279,0
12285,0
19302,1
56939,0
3449,1
46579,1
8935,0
49055,1
19475,0
48339,0
50946,1
66437,1
69662,0
30039,1
53820,1
42150,1
277,1
58787,0
12595,0
54198,1
31568,0
36786,0
61477,0
61199,1
3742,0
22235,1
60749,1
70576,0
38638,0
36129,1
41312,0
72599,0
61393,0
30290,1
51062,0
61465,1
58186,1
68871,0
1396,1
51516,1
58250,0
1761,0
42494,0
42275,1
62732,0
66250,1
28470,0
56376,1
44739,1
17672,1
35061,1
68922,1
5305,1
15454,1
20949,1
45443,1
65077,0
52842,1
58447,0
62884,0
30001,0
41557,1
42537,0
62163,0
24994,1
32588,0
23673,0
46036,1
28268,0
69831,1
44228,0
58673,1
5787,1
589,0
66262,0
55486,1
37130,0
31155,1
9622,1
68657,1
66355,0
47191,0
58423,1
19495,0
41962,0
57802,1
48338,1
54152,0
46377,0
40411,1
22784,1
67476,1
144,0
59958,0
26019,1
21271,1
72484,1
45051,1
41697,1
8928,1
8318,1
19538,0
9447,0
49591,0
50159,0
36731,1
39918,0
44682,0
55600,0
3816,0
35018,0
48810,1
68103,1
4478,0
13080,0
53777,0
3825,1
73125,1
25083,1
66051,0
17495,0
44570,0
45143,0
1410,0
9940,0
45722,1
10353,1
11934,0
64746,0
54463,0
40466,0
32555,0
53852,0
71405,0
32848,1
56380,1
69429,1
16818,0
7239,1
30502,0
74898,1
24098,1
53537,1
55665,0
21786,0
54968,0
59020,0
28525,0
56432,0
52247,1
55323,0
37683,0
49062,1
9768,0
24316,1
38390,0
29282,0
58969,1
6803,1
37790,0
12995,0
47586,1
11419,1
24874,0
57386,1
692,0
2467,0
63944,1
35984,0
3632,1
41669,1
36389,0
4720,0
25789,1
4286,1
26757,1
25294,0
47487,1
42421,1
62265,0
67432,1
35368,1
48019,0
21308,1
66305,0
8368,0
22113,1
3543,0
41286,1
49426,1
5637,0
52931,1
62027,0
21455,0
73975,0
38204,1
44772,1
40537,0
45364,1
62914,0
36894,0
1015,1
980,0
11552,0
15006,0
29964,0
45971,1
50761,0
51366,0
7369,0
175,1
5302,0
54335,0
14796,1
46559,1
52531,1
32883,1
16160,0
38334,0
15098,1
17196,0
45568,0
43934,1
30980,1
12193,0
75432,1
6883,0
28219,0
65384,1
35677,0
45399,0
73279,1
32068,0
19878,1
44266,0
52959,1
29977,1
1709,1
32611,0
4464,1
66996,1
67617,1
38109,0
16971,1
67300,0
52382,0
1231,0
31798,1
49137,0
45543,0
34189,1
4148,0
39567,0
65942,0
46195,0
51743,0
70091,1
72406,0
9164,0
41401,0
20794,1
36929,0
66077,1
69384,1
45384,1
63232,0
37199,1
62643,0
20665,0
37753,1
22584,0
17273,0
46487,0
74571,0
62337,1
46558,1
5525,1
66871,0
43222,1
1786,1
28748,1
67101,0
17381,1
40921,0
7321,1
53195,0
2415,1
24762,0
43243,1
37246,0
12651,0
17115,1
7497,0
70262,0
35297,0
18379,0
46781,0
32749,1
22443,1
34961,1
12082,1
21264,1
64436,0
21269,1
67089,0
61313,0
15901,0
61911,0
51879,1
63015,1
34124,1
61773,0
62659,1
50102,0
10692,0
38176,0
64428,1
65704,1
53346,1
13256,0
55512,1
67223,1
59067,0
49297,0
8700,0
63636,1
424,0
31822,1
50515,0
18353,1
14857,1
8211,1
28018,0
47225,1
24139,0
58544,0
25564,0
45428,1
61556,0
70195,0
75511,1
16593,0
33583,0
13536,1
65342,0
38436,0
51133,0
34259,1
3716,1
28771,0
62894,0
11759,0
19493,1
58993,0
10518,1
6068,0
40006,1
10364,1
14363,1
71436,1
32434,1
66078,1
2041,1
40697,0
21659,1
13352,1
60324,1
41719,0
54864,0
49086,1
30769,0
43517,1
53187,0
62130,1
26278,1
23772,1
28027,0
68253,1
27644,1
75069,0
52402,0
69991,1
50366,0
59056,1
75157,0
9127,0
7969,1
27098,1
15160,1
26648,0
55167,1
16579,0
56381,0
50001,0
10234,0
63558,1
9147,0
10699,0
72629,1
64364,0
12999,0
17309,1
10294,1
49578,0
30926,1
64708,0
73258,1
35023,0
62639,0
6276,0
62665,1
30322,0
58724,0
47311,1
38619,1
23265,0
58080,1
37179,1
12920,0
11673,1
36297,0
60742,1
60799,1
59065,0
64609,1
71058,0
26677,1
42261,0
74959,1
48772,0
39609,0
55035,0
35268,1
42272,1
24412,0
34426,0
59176,1
29402,0
31126,0
33601,1
11909,0
23437,1
46980,0
66927,0
73182,0
39030,1
33827,0
952,1
20657,0
74123,0
922,0
4938,0
70093,0
56805,0
35233,0
38292,0
9439,1
19409,1
66769,1
30245,1
55270,1
26401,1
52663,0
28978,1
65877,0
22800,0
63854,1
74144,0
35641,0
43204,0
11665,1
72559,0
7621,0
4120,0
3456,1
27265,1
39792,0
68647,0
32505,0
23153,1
5447,1
36908,0
23959,0
64960,0
75547,0
1009,0
64884,1
18657,1
73166,1
45010,0
51742,1
9411,0
65601,1
71238,0
33223,1
15857,1
73705,1
14379,0
1387,1
34081,1
10354,1
10570,1
72511,0
73973,1
61693,0
10130,1
69029,1
37962,1
3308,1
501,1
33338,1
68753,0
18590,0
31331,1
48576,1
59082,0
42614,1
39180,1
6645,1
45848,0
37553,0
46205,1
56198,0
24192,0
68847,0
46716,0
14585,1
41374,0
2934,0
22401,1
54838,1
73311,1
27436,0
29741,0
54388,1
43701,1
18683,0
63672,1
18401,0
8161,1
37664,0
22385,0
35229,1
45449,1
22298,0
60871,0
39836,1
62923,1
60770,0
67865,1
20130,0
16367,0
41080,0
30536,0
54218,0
10275,1
53812,0
768,1
50010,1
37675,1
46994,0
1331,0
33780,1
18975,0
50056,0
1325,1
60863,0
25737,1
22747,0
26034,1
19651,1
58829,0
25637,1
46251,1
47122,1
57090,1
74009,0
6205,1
73007,1
3484,1
65185,0
12569,1
56338,0
36904,1
7553,0
2225,1
13114,0
39478,1
1690,0
39381,1
5753,0
53122,0
15022,1
18287,0
20032,1
43211,0
13535,1
592,1
52823,0
58643,1
70024,1
24306,0
48382,1
24656,0
38328,1
16170,0
71925,1
71119,1
7352,0
69861,0
52042,1
72706,0
26925,0
28812,1
71462,1
12242,1
34351,0
3407,0
40205,0
67530,0
17266,1
49703,1
31521,1
57503,0
60371,0
22300,0
49299,1
65725,1
53674,1
36607,1
27920,0
30078,0
250,1
62331,0
66968,1
56832,0
37980,0
24252,0
61198,0
22151,1
57561,0
48067,1
39866,0
29846,1
51827,1
62122,1
64832,0
16311,0
71884,1
30887,0
67366,1
5686,0
10833,0
24493,1
43655,1
28633,0
22951,1
18283,1
56913,1
37645,1
31735,1
65464,1
18136,0
22454,0
3823,0
30482,1
10771,0
28347,0
46566,0
15811,0
18949,0
37033,0
57531,1
53351,0
44511,1
28223,0
23924,0
5017,1
64442,1
75569,0
36088,1
22837,0
40005,0
254,1
17556,0
14671,0
23475,0
72578,0
68868,0
14945,1
34642,0
18691,1
30155,1
26511,1
51403,1
62354,0
6530,1
54690,1
48173,1
36848,1
54440,1
39594,1
60319,0
69706,1
59750,1
70196,0
24932,0
74518,1
56190,1
40709,0
48206,0
50137,1
52009,1
39974,0
57687,1
70090,0
69184,1
53332,1
37369,0
31888,0
12770,1
33211,1
9308,1
64723,1
46078,1
63511,1
32217,1
68813,1
17653,1
22627,1
43194,1
32974,1
28571,1
71595,0
45904,1
32658,1
66102,0
51572,1
53497,0
23790,0
53288,1
55426,0
20098,0
1000,0
67438,1
7819,1
39170,1
28628,0
54554,1
65770,1
70184,0
39258,1
51086,1
63388,1
302,1
65369,1
68961,1
13119,1
38338,1
68658,1
3196,0
2224,1
7816,1
17003,1
57840,1
31838,1
39031,1
13669,1
48240,1
27523,0
69618,0
6223,0
30573,1
70323,1
37397,0
73227,1
41738,1
63600,1
3089,0
69675,0
15193,0
75765,1
60800,1
68947,1
26777,1
64465,1
39554,0
57339,1
47543,1
17905,0
62587,0
46219,1
50910,1
51459,0
40325,0
11718,1
196,0
33363,1
57811,1
38888,1
43600,0
32825,0
67843,1
14665,0
12798,1
33934,1
72323,1
54050,0
11271,1
45471,0
61537,0
66534,0
39318,0
71791,0
23499,1
37540,1
71318,1
22169,1
13876,1
20580,0
15112,0
50848,1
36984,0
38222,1
29078,1
74234,1
11511,1
32452,1
17083,0
61421,1
25595,1
55431,1
32547,1
4350,0
66128,1
44834,1
59917,0
44993,0
48369,0
162,0
32239,1
47185,0
30026,0
5815,0
55097,0
54651,0
11360,1
25593,1
1583,0
57308,1
32609,0
61903,1
74951,0
50205,1
67611,1
6270,0
37733,0
24137,0
55598,0
52812,1
44515,0
43836,1
75548,1
20499,0
50932,0
73336,1
53669,1
72143,1
2093,1
5806,0
42016,1
70616,0
35057,1
8324,1
38423,1
11294,1
35178,0
38661,1
20853,1
25404,0
73145,0
69908,0
28691,0
38800,0
52544,0
1813,1
16619,1
73795,1
5605,0
73375,0
55653,0
75626,1
36311,0
7348,1
57216,0
68774,1
38143,0
25897,0
34723,0
48842,1
74958,0
8190,1
1363,0
66421,0
47806,1
7908,1
68013,1
36292,0
65763,0
55698,0
60166,0
24359,0
37326,1
11484,0
17516,0
28301,0
72942,0
26362,1
71634,1
35948,1
38999,0
33637,1
13001,1
47858,0
50348,1
40874,0
1326,0
66142,0
30190,0
52769,0
55014,0
57376,0
22717,0
16130,1
13690,1
15521,0
21537,0
35237,1
72295,1
51607,0
70899,0
6477,0
45376,0
73210,1
48832,1
54636,0
21144,1
45262,0
50649,0
3796,1
54942,1
8657,0
10576,1
59393,0
67954,0
56000,0
72962,0
9124,1
54156,0
5609,0
14995,0
62759,1
29592,1
11695,0
59172,0
27562,1
32124,1
68964,0
19709,0
35745,1
31678,0
48557,0
30125,1
15895,0
24757,0
57291,0
17322,0
29105,1
68371,0
25636,1
324,1
34171,0
13164,1
2359,0
5562,1
56936,1
7216,1
12836,0
36196,0
66933,1
75454,0
21611,0
40232,1
12458,0
33860,1
51105,0
3422,1
65370,0
44065,1
30135,1
6139,1
20556,1
43815,0
14761,0
38013,1
35144,0
28013,0
67453,1
67929,1
18784,0
36321,1
63792,0
62878,0
26313,0
53790,1
5962,1
27014,0
49042,1
20331,0
9945,0
59094,0
56898,1
54890,0
13142,1
51697,0
70682,0
69203,1
64689,1
52566,1
26943,1
22509,0
51616,0
42751,1
11918,1
17820,0
67271,1
42321,0
15153,1
28979,0
64521,1
16308,1
20813,1
43647,0
20831,0
59268,0
40264,1
43738,1
14393,1
67946,1
71673,0
68379,0
50510,0
1360,0
36507,0
34283,0
39954,0
44968,0
62738,1
60931,1
43280,0
37521,1
20769,1
6049,0
70928,1
19430,0
31924,0
31002,0
32293,1
59465,0
21421,0
52425,0
23046,0
28781,1
40183,0
75403,0
53329,1
49129,0
32691,1
34095,1
46318,1
24173,0
75308,1
73267,0
39804,0
41571,1
50385,0
26734,1
31434,1
40865,1
30524,1
35504,0
53407,0
74383,0
70441,1
45012,1
61551,1
41047,0
26151,1
6606,0
72634,1
41298,0
8602,1
43416,1
41115,0
6750,0
68417,0
39453,0
5842,0
49214,1
61555,1
67940,0
13735,1
49274,1
39576,0
11497,1
74418,0
50852,0
50145,1
1319,1
44687,1
52907,0
3501,1
1271,1
43874,0
8432,0
8330,0
9144,0
27266,0
25527,0
42297,0
41670,0
4623,0
68192,1
29071,0
38509,1
496,1
41940,1
23192,0
66917,1
40052,0
14506,0
772,1
32489,1
66229,1
59235,1
33273,0
36682,1
25709,1
27308,1
55341,1
8410,0
51580,1
2377,0
63912,1
65472,1
59044,1
49528,0
9236,1
23528,1
30790,0
4825,1
16953,0
51573,0
29989,1
57020,0
17692,0
74599,0
8266,0
75226,1
72744,0
16472,0
33986,0
34113,1
23233,0
9797,0
69877,1
61571,0
7052,0
25477,0
72783,0
32258,1
30149,0
15997,0
61481,0
10903,0
48745,0
44787,1
6757,0
16855,0
69186,0
34967,0
59309,0
3779,1
62933,0
61047,1
45671,0
13654,0
27133,1
58316,0
56275,1
73688,1
3246,1
5873,1
65404,0
30633,1
32590,1
33490,0
49990,1
5311,1
39095,0
43511,0
7398,0
1239,1
21064,1
42898,0
57838,0
26053,1
59425,1
25454,1
22335,1
10857,1
29981,1
75049,0
33803,1
54052,0
20245,0
46698,1
45327,0
68014,1
29696,1
3158,1
3428,0
58439,0
63249,0
26371,1
40514,1
40493,0
46849,1
3037,1
66191,1
59350,1
22017,0
33570,0
7003,0
68105,1
32544,0
37164,1
47958,0
17983,0
27667,0
40796,1
13227,0
19604,0
51771,0
39137,1
16990,0
30999,1
40891,0
24704,1
70316,0
8472,1
16427,1
68133,1
72345,0
67560,1
47739,0
22116,0
73515,1
39853,1
58353,1
11368,1
72890,1
8760,1
22396,0
23762,0
52379,1
45960,0
68909,1
64239,1
63289,0
51581,1
64517,1
24545,0
14243,1
16223,1
71158,1
30839,0
62751,0
63628,1
46593,1
66653,1
11982,1
71314,1
56862,1
42744,1
2343,1
10715,0
10173,0
50041,0
14418,0
71224,1
71770,0
54309,0
33786,0
61637,1
69888,0
46356,0
61545,1
26086,0
54918,1
40189,0
38128,1
33173,1
66255,0
40254,0
74793,1
64636,1
25509,1
17756,0
4872,1
19085,0
67524,0
21163,1
32221,1
30262,1
16022,0
8945,0
29211,1
75322,1
50432,0
7307,0
68942,1
27206,1
31886,1
105,0
58596,0
15990,0
41692,1
12750,1
68269,1
73793,1
27028,1
25319,1
9950,0
1973,1
52895,0
75805,1
27117,1
20443,1
63101,0
10671,0
48588,0
3445,1
25983,1
16667,0
23057,0
59921,1
28513,1
59303,1
43116,0
10697,1
26914,1
64977,0
57385,1
11856,1
41708,1
11754,1
72324,0
63165,1
279,1
53936,1
34838,0
29814,0
60554,0
51269,1
19534,0
65178,0
30529,0
72081,0
17684,0
28709,1
1369,0
34623,0
42145,1
30882,1
42547,1
14787,0
8640,0
47696,1
9110,1
45276,1
32295,1
66634,1
46901,0
28576,0
42127,0
66446,0
16404,0
48841,0
8075,1
67278,0
11985,1
58296,0
18529,0
66609,1
44534,1
38387,0
41770,0
73317,0
33311,0
54944,1
1083,1
12766,1
65670,1
7395,1
30255,1
53297,1
57243,1
37477,0
38395,0
44508,1
36552,1
27927,1
56133,0
62449,1
71620,1
5266,0
34104,0
35872,1
48253,1
16935,1
39964,1
39551,0
36536,0
18149,1
8242,0
23482,0
65399,1
34270,1
55731,0
22464,0
7146,0
35601,1
45632,0
39062,1
11543,0
67175,0
48081,0
13900,1
19549,1
54931,1
3843,1
12445,0
21877,1
56440,0
48641,1
38308,1
18923,1
64419,1
68082,1
69529,0
13982,0
6682,0
68639,1
5919,1
55923,0
24890,1
54061,0
39903,1
50103,1
74309,1
43887,1
2045,0
69122,0
22903,0
25180,1
19159,1
1154,1
63042,0
66975,0
11429,1
37420,1
41168,0
4525,1
31318,0
16961,1
41269,0
11904,1
48367,1
10724,1
73249,1
48654,1
52599,0
36412,0
33101,1
69162,0
16636,0
47499,1
53984,0
69505,1
18296,0
45602,0
2758,0
69293,1
56694,0
70891,0
65257,0
51332,1
48,0
51862,1
64483,1
11295,0
24207,0
42462,0
56937,0
25468,1
42141,1
34841,1
56856,0
29987,1
46322,0
51758,1
33143,1
17596,1
7570,1
70256,1
16564,0
733,1
65816,0
65627,1
6878,1
22793,0
7714,1
70529,0
26572,1
52852,1
465,0
57238,1
34605,0
55735,1
15187,0
4455,1
17628,1
2193,1
52390,0
51140,0
26502,0
4511,1
26493,0
74587,1
37282,0
13566,1
69934,0
2152,1
57851,1
71217,1
27834,1
8496,0
27390,1
42279,1
35829,0
1071,1
31242,0
22807,1
13244,1
67651,0
42167,1
38988,1
6108,0
35592,1
34137,0
20942,1
928,1
36243,1
42639,1
56803,0
6069,1
71703,0
4535,1
51183,0
66556,1
65418,1
7473,0
65852,1
8970,0
38347,0
19698,1
38971,0
18234,1
49108,0
1337,1
48722,1
56579,0
71741,0
41443,0
7065,1
60524,0
75631,1
36467,1
51279,0
30316,0
64877,1
55805,0
47279,1
41611,0
57412,1
45039,0
5394,0
39756,1
72828,0
3,0
56008,1
42724,1
20504,0
51826,1
48689,0
66316,1
4692,0
23775,0
45792,1
74841,0
50420,0
40285,0
67777,0
21776,1
4444,0
43689,1
75209,0
29005,0
1049,1
49534,1
4959,1
54190,0
54621,1
63933,0
27043,0
73084,0
41415,0
69261,0
6922,0
21197,0
56719,1
64215,0
50680,1
9405,1
29772,1
30189,0
19854,0
70180,0
69968,1
10552,1
54352,1
73834,1
40091,0
34311,0
8497,0
48096,1
14392,1
2044,0
35540,1
28717,1
34145,1
67132,1
51049,0
29118,0
41217,1
71261,0
14912,0
26835,0
37910,1
48907,1
61531,0
63285,0
17033,1
17587,0
59336,1
68224,0
13708,0
51176,1
29520,0
34582,1
40521,0
24641,1
54415,1
21071,1
34217,0
65066,0
6408,0
8797,1
53707,1
67742,0
2586,0
19937,0
33422,0
66019,1
56828,1
48740,0
55057,1
61123,1
3667,0
23602,1
53189,1
12613,1
42308,1
4149,0
48036,1
64979,0
33802,1
39936,0
64411,1
39217,1
67265,1
60530,1
44439,0
47764,0
67814,0
34606,1
10505,1
55839,1
69989,1
42957,1
1052,0
68700,1
41176,0
6002,0
15952,1
27153,0
64333,0
5076,1
51338,1
69509,0
918,1
27219,0
67780,1
54551,1
74251,1
37590,0
61986,1
7233,0
25236,1
49335,0
709,0
18778,1
24218,1
25834,1
9779,0
71674,1
64753,0
44074,1
42663,0
50248,0
17042,0
35886,1
42116,1
54112,1
44046,0
34735,0
60733,0
2056,1
12310,1
9513,1
42841,1
38795,0
11669,1
13451,0
25089,1
75287,0
19573,1
37079,1
8536,1
12237,1
22106,1
61261,1
55502,0
41807,1
12133,1
26359,0
50459,0
24744,0
21893,1
52904,1
51592,1
39881,1
74579,0
45479,1
68866,0
69951,0
68084,1
38246,1
9737,1
22090,0
69006,0
4593,0
14129,1
34645,0
14829,0
59340,0
42542,0
6044,1
75344,0
35407,1
69481,1
75523,1
30395,0
65970,1
36771,0
49404,1
73974,1
13240,1
20796,1
24418,0
58035,0
52765,0
16333,0
54295,1
46135,0
50370,0
50787,0
58341,1
51800,0
67354,0
20343,1
36920,1
57189,0
66673,1
59456,0
67990,1
2166,1
38413,1
17091,0
62017,0
69753,1
14061,1
52918,1
16460,0
11056,1
56057,0
34719,1
18676,1
23031,0
3639,0
20532,0
770,1
35664,1
49836,0
53298,1
61899,1
66811,0
19275,1
51919,0
7586,0
7432,1
72372,0
28051,1
38341,1
70715,1
52485,1
8304,1
48276,0
29069,1
21865,0
26234,1
26120,1
9540,0
47262,0
29398,0
37400,1
2304,0
68492,0
51303,1
43695,1
15048,1
47107,0
42913,0
42301,1
22915,0
35481,1
28084,0
8903,0
20041,0
64585,0
45903,0
15744,1
1288,0
53629,0
46420,1
5944,0
17961,0
63322,1
55147,1
74185,0
67781,1
24078,0
18486,0
57533,1
22268,1
62255,0
34908,0
19170,0
33401,0
27424,1
75176,1
53975,1
19617,1
54763,0
38797,1
72917,1
8315,0
56257,0
51046,0
44670,1
68238,0
28438,0
69001,0
51242,1
24914,0
49144,0
53896,1
23899,0
13547,1
43427,0
38057,1
47845,1
46495,1
59699,1
25420,0
46147,1
1131,1
34370,0
63091,0
70359,1
41233,1
73715,0
34984,1
7121,0
69589,0
7582,0
58805,0
53623,0
75328,1
50628,1
12640,0
21401,1
29708,0
23411,1
71839,1
36266,1
51434,0
3464,1
55658,0
23788,1
7522,1
32534,0
50036,1
74989,1
19444,1
72120,1
26616,1
55602,0
31395,0
20264,0
27498,1
24750,0
46099,0
6242,1
57452,1
32589,1
65846,1
61141,1
17287,0
54887,0
16795,0
34292,0
25278,1
37703,0
9756,1
46969,1
27697,1
66338,1
56349,0
5385,0
59913,0
3251,1
30161,0
18346,1
14561,1
1771,0
25188,0
38714,0
60999,0
19429,1
62649,1
35292,1
19989,1
75400,1
20981,1
57560,0
17397,1
70056,0
32441,1
72227,1
42594,1
59469,1
42314,0
67348,1
29347,0
75574,0
19744,1
64574,0
2842,0
70995,0
51194,0
27252,1
5283,0
47821,1
44268,0
40323,1
14582,1
61444,0
34320,0
33772,1
29745,1
447,0
39154,1
34448,0
75689,0
39664,1
73135,0
40810,1
60857,0
18740,0
37979,1
39092,1
14953,0
16921,0
9616,0
62888,0
51546,1
75449,0
16332,0
22481,0
23517,0
25911,1
13304,0
52466,0
15356,1
71212,0
37771,0
71126,0
41319,0
48752,1
56483,0
58003,0
61132,0
14555,1
62906,0
32758,1
2025,0
3497,0
7796,0
40986,0
67331,1
72552,1
73384,0
48855,1
22436,1
47271,1
70222,0
34768,0
9954,1
35288,1
43287,0
15565,0
51869,0
21223,1
14592,1
54591,0
53009,1
73956,1
61554,0
36791,0
50340,0
55154,1
63147,1
40598,0
14431,1
19884,1
59184,0
6887,0
65081,1
54984,0
41361,0
8365,1
22502,0
51775,1
12944,0
35314,1
4383,1
48640,0
43958,0
468,1
70377,0
11884,1
65134,0
51996,1
49800,1
73968,1
36154,1
10845,0
54789,1
14554,1
17874,0
4411,1
28284,0
68391,0
52885,0
26115,1
75096,1
47834,0
58652,1
59570,0
14336,0
51190,1
18850,1
60909,0
58493,0
40861,1
43922,1
23493,1
70843,0
66058,1
58833,0
25073,1
36509,1
31713,0
28854,0
26373,0
64184,0
58117,0
40103,1
7892,1
36692,1
24894,0
70583,0
21683,0
64671,1
8470,0
10014,1
45896,1
73382,1
11450,0
20099,1
9045,0
52902,1
34877,1
54914,1
71357,1
72350,0
71977,0
57590,1
35198,0
58757,0
71946,0
31422,0
25060,0
16234,1
70216,1
2042,0
13832,0
28365,0
45120,1
2650,0
2575,0
48094,0
31267,1
43708,1
27175,0
35394,1
18939,0
30224,1
12199,0
64097,0
68277,1
32132,0
62491,0
23704,1
23806,0
30796,0
30111,1
28675,0
43924,0
6544,0
39623,0
74893,0
32626,0
54049,0
64758,0
14300,0
4810,1
15299,0
24474,0
56046,1
54257,0
47693,1
17669,1
6062,1
68756,0
73107,0
72524,0
36371,0
25339,1
38384,0
34764,1
39309,0
30234,1
37318,0
14810,1
27499,1
42578,1
7035,1
12394,1
59191,0
60460,1
11744,0
28511,0
33362,1
46959,0
55607,1
31416,0
39767,0
25751,0
72464,0
72275,0
22685,0
35085,1
20188,1
11284,1
30171,0
72249,1
2340,1
37481,1
9239,1
72713,0
74970,0
42819,1
42396,1
47963,0
62171,1
22981,1
30368,0
59621,0
52128,0
22459,0
9178,0
30273,0
54460,0
37447,1
75556,1
11456,0
69242,0
56274,0
54239,1
30382,1
21986,0
43514,1
4671,0
54408,0
50887,1
19882,1
17992,1
11582,0
63037,0
14335,0
56718,1
22447,0
41928,1
29826,0
58938,1
4789,1
48695,0
18883,0
63929,0
2866,1
41258,0
28382,0
33353,1
56528,1
41731,1
39397,1
72979,0
60505,1
3712,0
1590,0
51115,1
26758,1
16853,0
21060,0
41744,0
19424,1
62849,1
2957,1
30547,0
69704,0
72307,0
53553,0
44926,1
19821,0
49173,1
39157,0
64008,0
43976,1
4334,0
26380,1
64959,0
30736,0
60074,1
31616,0
15773,1
47761,1
58767,1
67352,0
74414,1
70761,0
3877,0
60501,1
41646,1
46294,0
31498,0
2792,0
71906,0
70313,1
41508,0
56611,1
20259,0
45627,1
34878,0
15175,0
5589,0
37635,1
26031,1
53926,1
31856,0
11478,0
18607,0
22853,0
12963,0
45393,0
43109,1
63108,0
38409,1
57608,1
42936,1
35261,0
20286,0
35617,1
10625,0
8110,1
39627,1
48600,0
33627,0
48429,1
30360,1
60511,1
36344,0
68994,0
66844,1
18084,0
28831,0
48877,1
444,0
17976,0
3146,1
16256,1
18772,0
32318,1
51904,0
68979,0
59304,0
42592,1
20060,0
35784,1
21622,0
71019,1
10906,0
13777,0
1269,0
11265,0
53673,0
45926,1
60413,0
6979,1
53957,1
9481,1
74595,0
25312,1
40073,1
14170,0
19129,1
70528,0
68316,1
56613,1
54821,0
28656,0
10429,1
5333,1
49711,1
65211,1
2023,1
22922,1
33899,1
32835,1
53439,0
39353,1
5739,0
6806,0
19996,0
38125,1
21783,0
24487,1
71851,0
54589,0
28821,1
3217,1
42107,1
45664,0
38134,0
56248,0
45340,0
41681,0
69169,1
49429,0
72662,0
22729,1
64873,1
62032,1
31899,0
68661,1
35937,1
45789,1
66094,0
31420,1
1957,0
38735,1
40194,0
71711,1
5660,1
38011,0
50712,1
62272,1
64835,0
36977,1
70276,1
6479,1
70290,0
64186,1
8849,0
7029,0
60329,1
64797,1
58733,0
16898,1
63434,0
28758,0
15375,1
40482,1
53630,0
43911,1
5929,1
8564,0
41167,1
42172,1
21458,0
4489,0
24981,1
71384,1
8533,0
12662,0
44751,1
62855,1
57155,0
57522,1
49446,0
68873,1
26397,0
33533,0
34127,1
65423,0
54157,0
49550,0
50122,0
40938,0
32109,0
11417,0
47922,1
70644,0
70353,1
47807,1
40228,0
31147,0
33204,1
40535,1
37934,0
14619,1
71666,0
61244,1
37737,0
61039,0
33352,0
63350,0
32031,0
47199,0
57759,1
70503,1
68823,0
43563,0
70151,1
23312,0
5825,0
51867,0
65417,0
58634,0
6841,0
74321,0
42099,0
11125,0
25450,0
67012,0
28859,0
17919,0
22145,0
10092,1
25855,1
61316,1
72039,1
54498,0
12967,0
66542,1
1061,1
17700,1
67180,1
67373,0
61731,1
23478,0
40805,0
75687,1
21757,0
71454,0
43472,1
12332,1
1508,1
38095,1
9464,0
68620,1
31098,0
3176,1
73924,0
63742,0
58260,0
5918,1
23841,1
61161,1
22084,0
9140,1
43283,1
44954,0
45272,1
27564,1
14504,0
62543,0
65990,1
65219,0
52970,0
38951,0
6788,0
14119,1
20890,0
44962,0
30583,1
19596,0
42507,1
9160,1
9999,0
74866,1
34194,1
7625,0
27481,1
41944,1
68221,0
33886,1
72300,1
6760,1
20947,1
39444,1
59895,0
68781,0
15196,0
20594,1
6457,0
64515,0
33480,1
70442,0
61824,1
7107,1
46627,0
2822,0
75418,1
30525,0
52386,0
21128,1
56851,1
63389,0
50332,0
47368,0
23989,0
52815,0
57908,0
43999,1
43586,1
45209,1
36710,0
67356,1
53558,1
62967,1
57361,1
20051,1
60049,0
893,1
17917,0
66832,1
30421,1
36050,0
36590,1
4027,1
13907,0
74681,1
63224,1
21843,0
75792,0
65712,0
7818,0
17694,0
20757,1
64557,1
69513,1
16561,1
43735,0
3958,1
17202,0
26018,0
14314,0
73467,1
24450,0
39437,1
69598,1
28098,1
69207,1
45897,1
44953,0
14055,1
23243,0
7179,0
26055,0
16331,0
10970,1
26122,1
23799,0
44487,0
21673,0
67390,1
57044,0
68709,0
61733,0
36666,1
69553,0
5774,1
24843,0
23485,0
3897,0
20220,0
33386,1
43398,1
71420,1
57041,0
60510,0
34985,0
47581,0
33389,1
56116,0
38623,1
43983,1
22185,0
59194,1
18217,0
55200,1
74787,0
45952,1
29615,1
59463,1
58637,0
47079,0
24346,0
2702,1
1959,1
71709,0
31199,1
36648,0
37992,0
73814,0
65206,0
54290,1
67807,1
9926,0
16583,1
15236,1
63208,1
25213,1
31323,0
3328,1
10733,1
35381,0
27270,1
3719,0
35092,0
31879,0
73374,1
51393,0
17375,1
54425,0
28664,0
11560,0
33428,0
61970,0
53340,1
46731,1
32290,0
11858,1
16958,0
5417,0
41412,1
16414,1
54805,1
69552,0
40226,0
42193,1
16541,1
34397,1
44403,1
46604,1
18709,1
21732,0
46407,0
72748,0
47745,1
51182,1
47480,1
43186,1
36749,1
71573,0
36038,1
69301,1
6658,1
63230,1
68098,1
59388,0
43806,1
46943,0
12958,1
24227,0
63541,0
54296,1
32431,1
39311,1
7021,1
25765,0
41531,1
70690,0
56639,0
13948,1
19228,1
37062,0
31244,0
74956,0
61412,1
14650,0
13902,1
20159,1
18542,0
17928,0
64942,0
62349,0
70886,1
50225,0
8439,0
38314,0
69474,1
7090,0
33501,1
31053,1
43095,0
17967,0
38226,0
35883,0
22397,1
25917,1
29719,1
11386,1
371,1
35041,1
73221,0
68641,0
2065,0
24361,1
59641,0
10030,1
73928,0
56657,0
30892,1
48136,1
69094,0
12454,0
56447,0
1100,0
16834,1
29503,0
18845,0
50028,1
29278,0
1767,0
33446,0
65847,1
55971,0
6558,0
28490,0
51733,0
45743,1
4430,1
57202,0
17243,0
52210,1
35320,1
13301,1
27941,0
44407,1
28405,0
45347,1
50221,0
27199,1
26724,0
51715,0
40755,0
16790,1
41297,0
11257,1
55889,1
53212,0
55033,0
53678,1
46829,0
46339,1
46601,1
34355,0
19021,0
59317,1
25289,1
46547,0
47359,1
61719,1
15436,0
26136,1
43549,1
7141,1
39479,1
63260,0
36919,0
13146,1
46304,1
58283,1
47263,1
62753,0
8145,0
28358,1
59028,0
43724,0
36989,0
34781,0
35331,0
49176,1
51731,0
53339,0
1126,0
47043,1
37662,1
61547,0
64039,1
35825,1
44955,1
45141,0
66477,0
73921,1
45259,0
5771,1
12830,0
7576,0
26236,0
6104,1
67242,0
4249,1
38606,1
52889,1
44538,0
24167,1
46792,1
9951,1
21782,0
5911,0
9391,0
62116,1
28201,1
63813,0
12888,0
28015,0
56561,1
31052,0
66059,0
41981,0
24997,0
30924,1
31336,0
18712,0
52389,0
44023,1
74792,0
48865,1
8581,1
8541,0
56068,0
34785,0
56299,1
59098,1
20843,1
18301,1
13912,1
48229,1
27061,0
1712,1
69538,1
53765,0
15988,1
34922,1
18366,0
57384,1
25833,1
9214,1
73005,0
44017,1
3181,1
3056,0
16202,1
67220,0
72658,1
61407,0
68550,1
3555,0
45651,1
21692,0
55776,0
21555,1
56148,0
62382,0
24824,1
2406,0
68673,0
59021,0
67214,0
10003,0
75402,0
21215,1
41696,0
46405,1
35460,0
70088,1
7517,0
24852,1
2002,0
18175,0
38440,1
34088,1
8556,1
39207,0
60009,1
32606,1
8486,1
46217,1
75582,0
10155,1
48586,1
4235,0
9764,0
12131,0
72877,1
15009,0
24839,0
68233,1
66179,1
59831,1
12334,1
62975,0
39996,0
49271,1
61885,0
43691,0
45426,1
24798,0
8788,1
51330,1
8292,1
943,0
31033,1
66783,1
18270,0
11050,1
6684,0
56968,1
69238,1
2168,0
28516,0
34822,1
55419,0
29600,0
73550,0
45520,0
2996,0
67553,0
20879,1
20786,1
6765,1
25266,1
62795,0
42624,1
29371,0
39482,0
62780,0
45097,0
27932,1
759,0
12735,0
65468,0
1626,1
25774,0
42206,0
74757,0
58059,1
74646,1
73799,0
7639,1
74086,0
63363,0
15658,1
14036,0
9770,1
57868,0
12543,0
61315,1
54025,0
56615,0
35530,0
57698,1
47029,1
4754,0
11040,0
73770,1
24788,0
40802,0
47372,1
22258,1
12768,1
13473,1
42636,1
27095,0
61411,1
57688,1
51858,0
35768,1
61159,0
26239,0
72232,0
75425,1
36684,1
71542,1
65428,0
59074,1
46233,1
21009,0
9755,0
29610,1
38886,1
53534,0
48517,0
22033,0
51544,0
24436,1
56087,0
3338,0
69322,0
57062,0
37903,1
10209,1
57814,1
11384,0
49554,0
24499,0
36571,1
38067,1
37247,1
25608,1
37795,1
66233,1
14419,1
68714,1
35514,1
69829,0
3776,1
23518,1
62782,1
26617,1
63086,1
41092,1
46906,0
74463,1
48843,1
56306,0
24107,1
66010,1
16336,0
49931,1
10994,0
16950,0
29758,0
48159,1
39162,0
6507,0
30687,0
6944,0
48005,1
4601,1
27401,1
37112,0
45119,0
41145,0
38167,0
13646,0
49585,0
2163,0
75531,0
62593,1
43244,1
33907,1
52241,0
25107,0
8884,0
5205,1
26868,0
9474,1
43471,1
39732,0
54250,1
57966,0
58235,0
26125,0
49096,1
17299,1
46237,1
36037,1
57415,1
18601,0
63999,0
17930,1
45607,1
49442,0
28307,0
9323,0
62031,1
23913,0
9853,0
11990,1
24901,1
68045,0
47302,1
67217,0
63186,1
25718,1
23555,1
24799,1
65729,1
75786,1
31855,0
64748,0
54392,1
48122,0
31177,1
53414,1
2993,0
52713,0
41034,1
45580,1
8867,1
64961,1
72428,1
64860,1
9234,0
40488,1
12431,0
56126,1
55830,0
19103,0
68006,1
3731,1
28661,1
30983,1
24266,0
35668,1
73809,0
44338,0
1284,1
10746,1
38360,1
75715,0
55937,0
27093,0
52468,0
51750,1
63885,0
35114,1
30492,1
68435,0
44562,0
20634,1
499,1
33198,1
69398,1
51984,0
22031,0
18747,1
348,0
34365,1
8992,1
779,0
43088,1
36290,0
7422,1
45378,1
70524,0
49850,0
30086,1
4915,1
27429,1
11984,1
31867,0
49910,1
66413,1
68598,1
41442,0
18606,0
18961,0
65101,0
43440,0
35350,1
27404,0
13296,1
25101,0
34404,1
18194,0
65026,1
30391,1
65280,0
41901,1
63259,0
69192,1
37684,0
58383,0
6198,1
75162,0
54146,0
36783,0
56850,0
42668,1
64948,1
26840,1
74042,0
47944,1
19067,0
15374,0
15131,0
60366,1
20828,0
50292,1
7170,1
34697,1
4121,1
18813,1
54536,1
75301,1
58251,0
20767,0
24940,0
62557,1
25223,0
12008,0
46129,1
22701,0
74035,1
75126,0
17644,1
70641,0
10201,1
6698,1
45150,1
14775,1
40500,0
10299,0
21617,0
73658,1
21972,1
24449,1
13176,1
70500,0
74176,0
37994,1
61893,1
25069,1
53622,1
25224,0
22789,0
5110,0
32771,0
44598,1
57118,0
55121,1
21371,0
1002,0
72600,0
828,1
16405,0
75610,1
72566,0
40341,1
71781,1
56292,1
56336,0
65291,0
12319,1
58052,1
16242,0
46124,0
60370,0
45948,1
41725,1
14437,1
35730,0
24516,0
59455,1
41274,0
18706,1
58585,1
72003,0
73943,1
20546,0
18604,1
4349,1
67360,1
36358,0
3987,1
50148,1
74487,0
66510,0
37487,0
65208,1
72084,0
60071,1
12318,0
38534,0
48575,0
47401,1
15078,0
19585,1
59221,0
12940,1
30188,0
18070,0
70740,0
56427,0
12117,1
59138,1
28049,0
49415,1
51552,0
2130,1
73703,1
40654,0
19586,0
16241,0
68493,0
67357,1
66332,1
34364,1
4011,1
61717,0
14546,0
44503,1
57795,0
2772,0
27160,0
61070,0
38730,1
73620,1
16916,0
60791,1
47192,0
40560,0
16837,1
7642,0
3099,1
66342,1
30811,1
74696,1
31962,1
41634,1
17151,0
44581,0
38180,0
38298,1
33233,1
47687,1
17192,0
62881,1
39630,1
74812,1
40842,0
32578,1
33290,0
44771,0
2686,1
35778,1
42831,1
63179,1
74751,1
68218,1
41376,0
1512,1
66538,0
47224,0
18331,1
10347,0
37677,0
7791,0
44049,1
3086,0
64686,0
131,1
57186,0
27643,1
74855,1
4058,1
17773,1
15594,0
52898,1
28662,0
59619,0
46002,0
37376,1
62175,1
68463,0
21206,1
22919,0
49197,0
63096,1
1493,0
57519,1
23413,0
50539,0
984,1
43176,1
73021,0
36591,0
75351,0
31358,1
52174,0
71265,1
1014,1
37381,0
63481,0
44910,0
24392,1
74248,1
50147,0
37350,0
42435,1
46414,1
60601,1
49312,1
37938,1
61648,1
23541,0
2712,0
38880,1
31256,1
3427,1
65218,1
2046,1
63544,0
19060,0
10038,0
74334,0
14780,1
38981,1
75810,0
12490,1
18535,1
47024,0
6616,1
72415,1
23983,0
39383,1
61310,1
71995,0
38163,1
49236,1
25138,1
22050,1
633,1
17008,0
48407,1
44726,1
31134,0
7769,0
5903,1
9992,0
38113,1
15456,1
58990,0
6756,0
62981,0
16746,1
27817,1
62983,1
16505,0
33409,1
55739,0
36227,1
3473,1
11410,0
22425,1
45672,0
70691,0
27596,1
35161,1
26013,1
12652,0
65444,1
72055,1
71903,0
54862,0
36401,1
49213,1
23164,1
66759,0
5713,0
66923,0
4065,1
57181,1
597,1
60624,0
41064,1
4509,0
41067,0
55772,0
34324,0
44827,0
71373,1
53960,0
2761,0
66910,1
18661,0
5297,0
19427,1
44161,0
8162,1
25528,0
43035,1
45544,1
56325,0
62835,1
69375,0
57201,1
68875,0
25628,0
52767,0
22412,1
65317,1
48013,0
9370,0
66048,0
30688,1
20667,1
13592,1
370,0
71518,1
56807,0
12496,0
75747,1
51070,0
1540,1
47084,1
60956,1
23305,1
15610,0
50579,0
39321,1
58712,1
35983,1
49632,1
23973,0
27626,1
67414,1
34692,1
21766,1
21533,1
44863,1
67930,0
75596,0
50849,0
57169,0
6917,0
54781,0
1352,1
74840,1
43492,0
36884,1
54330,0
31712,1
46156,1
16506,0
60803,1
56969,1
4816,1
14818,1
45856,0
37896,0
60261,0
28955,0
9778,1
59751,0
33225,1
14050,0
63519,0
57834,1
60654,1
50930,0
45345,1
24225,1
4862,1
7332,1
6565,0
50358,0
27847,0
21887,1
72645,1
17438,1
19696,1
10304,0
57940,1
41756,1
19380,1
31117,1
56577,0
22838,0
47338,0
48721,1
57270,1
16691,0
55627,0
15537,0
62225,0
38928,1
43915,1
42187,0
74180,0
42561,0
26699,0
73821,1
62159,1
54869,1
59475,0
61183,1
9480,0
34184,1
11370,0
39156,1
46484,1
7635,0
22092,0
41718,0
54727,0
24543,0
15017,1
27964,1
64751,0
35866,0
19115,1
58627,1
65660,0
74012,1
61521,1
7607,1
33285,1
26283,1
33605,1
33043,0
73262,0
20238,0
56215,1
50177,0
34491,0
63157,1
52265,0
65754,1
52273,1
44866,1
49485,1
66380,0
3824,1
57087,1
54527,1
23906,1
26743,1
1684,0
14239,1
50994,1
54276,1
12600,1
16717,0
14249,1
52373,1
44777,0
6023,0
7931,0
25257,0
37642,0
74897,0
38388,0
41741,1
3297,0
65197,0
71260,0
23137,1
36192,0
57196,1
6780,1
31825,0
56671,1
73361,1
24862,0
51560,0
39348,0
32192,1
72164,0
38087,0
58648,1
5363,1
52553,0
69359,1
50369,0
41986,0
33221,1
68967,1
46681,0
58431,0
8103,0
51147,1
63647,0
18509,0
10359,0
13764,1
8418,1
73606,0
52619,0
58873,0
46375,1
41907,0
12894,0
26423,1
41903,1
27851,0
23264,0
20040,1
55977,0
6655,1
15309,1
71701,1
37048,0
59953,0
64035,0
70844,1
45212,0
46541,1
15953,1
4732,0
11727,0
50753,0
32808,1
18544,1
5683,0
72845,0
74214,1
67129,1
44415,1
57280,0
25194,1
70700,0
16676,0
62551,1
9430,1
2662,1
35549,0
37837,1
38324,1
36044,1
59574,1
39133,1
34071,1
9225,0
6770,1
32812,0
31014,1
53207,1
42573,1
12617,1
70207,1
51966,1
51809,0
4440,0
16542,1
7737,0
49694,0
63448,1
4643,1
6552,0
46437,0
13300,0
39131,0
9903,0
27655,0
61114,0
3835,1
41651,1
9811,1
36823,0
32037,0
51541,1
52407,0
26039,1
38766,0
45552,0
55148,1
14853,1
60045,1
47980,1
17996,1
27296,1
40924,0
39653,0
49326,0
34207,1
40736,1
49810,1
52695,1
4561,1
60606,0
3599,0
26341,1
60948,1
28579,0
33551,0
23280,0
14193,1
57597,0
23396,0
67997,0
55954,1
59432,0
66407,0
25318,1
73794,0
37511,0
43012,1
66697,1
25982,0
25663,1
7285,0
52538,1
62113,0
19305,1
25535,1
56669,0
60226,1
61533,1
45808,1
56943,1
11324,1
57915,0
55397,1
58745,0
39868,1
30383,0
45735,1
40492,1
67398,0
67976,1
58909,0
42801,1
4812,0
8216,1
19135,1
2731,1
65768,0
60975,0
25177,0
37574,1
5802,0
18757,1
39342,0
15069,0
53201,0
57256,0
62592,0
31175,1
71251,1
44220,0
68623,0
4330,0
2221,1
13811,0
25934,1
65141,1
55302,0
25747,0
65381,0
5234,1
2967,0
72583,1
13182,0
2870,0
73443,1
38283,0
57306,0
45151,0
44459,1
13400,1
12159,1
25072,0
42160,1
39965,0
63654,1
36255,0
47533,1
67266,0
22458,0
59977,1
52871,1
52625,0
25061,1
39068,1
53540,0
11177,0
51702,1
54976,0
15296,0
63339,0
47202,0
68,1
8825,1
57860,1
72651,1
4117,1
65268,1
27327,0
40889,0
44322,1
14697,0
31184,0
7739,1
43254,0
28320,0
31707,0
75566,0
72177,0
50614,0
13546,0
33535,1
19284,1
9220,0
18922,1
10261,1
24466,1
6307,1
25728,0
2654,1
66243,0
32945,1
12134,1
39763,0
24688,0
51935,1
70739,0
48881,1
60960,0
47417,0
37430,1
66633,1
7992,0
33263,0
63402,1
37603,0
1206,1
71130,1
807,1
50692,1
71273,0
57884,0
42605,0
23121,1
12346,1
31872,1
75630,1
51533,0
21926,0
1464,0
37017,1
19069,0
53557,1
18225,1
15968,0
44045,1
67417,1
17112,1
50430,1
25927,1
179,0
6326,1
11151,0
37258,1
48336,1
48962,1
68603,1
21563,1
41403,1
13496,0
71640,1
15787,0
61336,1
68384,1
64976,0
41999,1
59401,0
42681,0
46081,0
74136,1
4436,1
51608,0
24580,0
34580,1
53585,1
60655,0
24150,1
68740,1
41482,0
62333,0
68282,0
56166,0
55010,0
70285,1
21338,0
6416,1
68858,1
1718,0
70920,0
70236,1
54850,1
42023,0
32302,1
22413,0
64991,1
64597,1
27302,1
19081,1
13918,1
42278,0
69909,0
6189,0
32623,0
22109,1
6914,1
73737,0
72994,1
42346,0
64415,0
1280,0
29944,0
43912,1
9722,0
49936,1
53441,0
51749,1
58533,1
41121,1
62588,1
51478,1
2624,0
50673,1
72255,0
39175,0
54603,1
24692,1
64754,1
41493,1
47610,0
9962,1
45435,1
50709,0
2219,1
58112,0
23278,0
18800,1
30212,1
8962,1
32027,1
52215,0
26311,0
72895,0
21200,0
42613,0
31553,1
32112,0
35898,0
52988,1
54075,1
2305,1
6865,1
31909,1
7706,0
60591,0
23849,0
63582,0
25549,1
61017,1
44940,1
5272,1
5970,1
74166,0
28204,0
11706,0
60233,1
58664,1
35702,1
14843,0
21905,0
12277,0
14449,0
33824,0
31748,0
42869,1
13204,0
40637,1
67610,0
52135,0
416,1
52507,1
49343,0
18220,0
31570,0
35349,0
10954,0
61606,0
39081,0
7024,0
2391,1
15688,0
33385,1
16656,1
63059,1
68081,0
49563,1
54655,1
1802,0
34805,0
75035,1
67901,0
34011,1
44202,1
7782,0
43606,0
50114,0
36347,1
10776,1
36493,0
48661,0
29443,0
36414,1
62873,1
49900,0
1541,0
19363,0
40330,1
27688,1
71565,1
40251,1
4078,0
14176,1
74102,0
51367,1
62001,1
72478,1
56465,0
71580,0
27832,0
4209,0
8071,1
12913,0
28870,0
27621,0
73509,1
5914,1
47301,1
63573,1
36696,1
42044,1
30751,1
61655,1
58244,1
32796,0
12263,0
55962,0
73413,0
54484,0
1569,0
14727,0
33845,0
61538,0
13366,1
16398,1
63264,1
69105,1
61018,0
42989,1
17948,0
26854,0
46025,1
62023,0
63881,0
19024,1
60399,0
40385,0
50202,0
26253,1
67293,0
33514,0
70569,0
23247,0
16745,0
60194,1
35016,1
26321,1
1840,1
70607,0
47076,1
72459,1
3131,1
34905,1
61619,1
50636,0
1313,1
69774,1
33966,0
42474,1
9997,0
41578,1
16149,0
75379,0
16713,0
40347,1
37098,1
30424,1
54720,1
29969,0
37234,0
72185,1
22192,1
71568,0
21700,1
3137,0
74472,0
67596,0
43522,1
60641,1
36836,0
14588,1
48940,1
50316,0
14163,0
41530,0
75592,1
52217,0
72060,1
66950,1
7019,0
12931,1
17031,1
30658,1
11805,1
32573,0
10052,0
56961,0
31848,1
12107,0
20454,1
37143,0
61069,0
26521,0
25822,1
54038,0
33500,1
26201,1
38943,1
1638,0
55965,0
67854,0
73969,1
43071,0
21527,0
9084,0
40925,0
7490,1
13753,0
19521,0
653,1
22815,1
57373,0
26046,1
28981,0
12111,0
10166,0
23246,0
27305,1
47461,1
10693,0
8228,1
13845,1
40369,1
35363,0
73660,0
73439,1
13177,0
51525,0
64346,0
18640,0
53372,1
22228,1
31221,0
40640,0
54219,0
66274,0
64177,1
36657,0
31439,0
18945,0
34601,1
13531,1
9733,0
845,1
54990,0
10128,1
4820,1
66620,1
71313,0
54705,1
70751,0
68486,0
59701,1
54888,0
56119,1
1507,1
39662,1
7788,1
10549,0
811,0
13695,0
47878,0
30895,0
54786,1
39045,0
62733,0
41853,0
69264,1
9268,0
68438,1
23187,1
27362,1
62942,0
42360,0
43145,1
56314,0
8187,1
19018,1
29796,1
7915,1
67421,0
25076,1
2177,0
53723,0
41327,0
21367,1
56548,1
11539,1
19620,1
13798,1
30041,0
18511,1
13317,0
26409,0
12774,0
55020,0
19323,1
55632,0
11080,1
29300,1
71101,0
74839,0
35874,1
39645,1
34663,0
14380,0
74800,1
19384,1
8634,0
32211,1
26495,0
23624,0
68851,1
1117,1
68118,0
70475,0
8704,1
62703,0
9686,0
19653,0
74815,1
60355,1
21328,1
15539,1
11209,1
61754,1
17510,0
30230,0
16644,1
63491,0
38899,0
61240,1
12327,1
26219,1
11095,0
70849,0
43019,1
69206,0
38610,1
5197,0
28005,1
20152,0
39050,0
33276,0
12286,1
64804,1
34340,0
34863,1
27837,0
71947,1
81,1
20885,1
61272,1
70954,1
48801,0
42618,1
15407,0
10172,0
13542,1
19843,1
73133,0
52955,0
15315,0
6686,0
39946,0
62935,1
29372,1
69092,1
43406,1
67372,0
13765,1
10277,0
27873,1
46410,0
30438,1
66148,0
52569,0
64478,0
57434,1
3902,1
35383,1
18386,0
10519,0
32719,1
27521,1
64594,0
62193,1
55573,0
63111,1
31535,0
71141,1
59462,0
62252,0
75336,0
14006,1
50146,1
32619,1
4824,0
39635,1
4889,0
71537,1
45820,1
13275,1
1971,1
60811,0
56531,1
19287,1
67645,1
9256,1
43326,1
59389,0
47048,0
26977,0
40905,1
56695,1
8967,0
54099,1
72932,1
40214,0
21917,0
71773,0
2238,0
52081,1
41543,0
2004,1
1264,1
2553,0
28104,1
72362,0
50546,1
42428,1
72749,1
14932,1
1652,0
11365,1
15036,1
54404,1
24258,1
66508,0
69676,0
51413,1
19435,0
43435,1
20637,1
4379,1
9825,1
73185,0
61653,0
7104,0
34443,0
57929,0
62095,0
32400,1
74656,0
5209,0
38605,0
2829,0
14934,0
46556,0
51927,1
5909,0
15711,0
7887,0
60668,1
69739,1
12793,1
50573,1
71139,1
36663,0
11563,1
71445,1
37076,1
1954,1
48278,0
34170,0
16891,1
48582,1
21741,0
61791,0
50908,1
67676,1
31610,0
26437,1
43245,1
8749,0
4456,1
8913,0
35834,0
37697,1
74051,1
7315,1
5731,1
25884,0
17863,1
1057,1
32941,1
63431,0
4002,1
6162,1
26097,1
27431,1
4886,1
54307,1
738,1
74583,1
26560,0
48212,0
5783,0
51815,1
43759,1
16315,1
51177,0
21682,1
23877,1
26550,0
27475,1
53962,1
72021,1
40893,0
31436,0
130,0
55913,0
961,0
72853,0
61530,1
72922,1
25423,0
19941,0
21373,0
1028,1
31307,0
13194,0
72807,1
5634,1
3663,1
67798,0
53196,0
35489,1
66116,1
8893,0
7247,0
48923,1
19300,0
5657,1
53337,1
55649,0
10580,0
14320,0
41899,1
61527,1
14236,1
70943,0
11777,0
48041,1
34585,1
11250,1
49862,1
67114,1
4699,0
50983,0
63914,1
33320,1
9021,0
21053,1
11100,0
64791,1
73706,0
46067,1
69638,0
52654,1
73571,0
27048,1
53856,1
47908,1
15622,0
43215,1
48434,0
64146,0
47105,0
7860,1
71240,1
2148,1
49156,1
45169,1
21927,0
48266,1
44941,0
16112,1
36800,0
6629,0
26894,0
28218,1
52576,0
38654,0
51139,0
55963,1
68397,1
43643,1
40337,0
72088,0
67674,0
41111,0
53935,0
49039,0
224,0
21251,1
40787,0
15277,0
75277,1
52800,0
62790,1
67605,0
68134,1
37990,1
71960,0
63992,1
69190,0
39337,0
59723,0
9741,0
72850,1
50012,0
70354,0
10312,0
33793,0
4680,0
61151,0
47778,1
70287,0
52291,1
63053,1
66842,0
24310,0
10084,1
69668,1
34421,1
4047,1
47722,1
47161,0
61242,1
57392,1
41311,0
24300,1
522,0
7557,1
51618,1
1759,0
26885,0
23676,0
3781,1
42995,1
69548,0
6463,0
23016,1
65899,1
44247,0
3177,1
740,0
71541,1
68745,1
49320,1
16007,0
53700,0
11642,1
54704,0
23995,0
73839,1
51038,1
363,0
30105,1
74335,1
71144,1
43509,1
29862,0
29241,1
5014,1
61557,0
40370,1
12592,1
5397,1
27674,0
46659,1
62793,0
6661,0
45751,0
6171,0
63997,1
6481,1
5907,0
70204,0
22356,1
67091,0
47725,1
11006,0
43358,0
73989,0
39417,0
18479,0
6748,0
40589,0
75227,1
26135,1
20404,0
19773,0
67664,1
43410,0
26970,1
71071,1
33781,1
72543,1
42855,1
17254,0
57616,0
35733,1
14590,1
28140,0
33075,1
57411,0
34818,1
1723,0
16993,1
21901,1
9015,0
61523,1
54287,0
47825,0
37986,1
6895,1
71746,0
74606,1
49925,1
72176,0
58601,0
22422,0
28426,1
6016,1
2172,0
10595,1
31068,0
16507,0
43351,1
51027,0
53780,0
54421,1
37301,0
72256,0
60178,1
43536,0
59772,0
30891,1
63030,1
12243,1
20724,1
33118,0
20308,1
4868,1
37667,0
56315,0
29855,1
48978,0
2101,0
30836,0
64200,1
61062,0
63630,1
55764,1
71114,1
7248,1
397,1
29382,1
53161,0
47772,1
48985,1
4220,0
48821,1
71671,1
28798,1
35066,1
47685,1
29223,1
28472,0
35495,1
72760,1
60354,0
18329,0
59821,1
70129,0
49198,1
57527,1
26022,0
52775,0
74628,1
32781,1
35719,1
20525,1
64613,0
50222,0
16776,1
66646,1
70504,1
66939,1
6902,1
25867,0
47508,1
67036,0
59087,0
74187,0
10591,0
53373,1
69020,1
66336,1
38182,1
16836,0
65775,0
5969,0
29939,1
5052,1
66157,1
66277,0
14901,0
59519,0
72456,0
37668,1
67815,1
57892,0
50661,1
3985,1
18613,0
16613,0
8025,1
54563,1
23430,1
60806,0
34883,1
56520,0
9605,0
48331,0
73890,1
65673,0
1699,1
51782,0
3905,1
21489,1
69546,0
193,0
27646,1
6909,1
54225,0
1989,1
38039,0
59707,0
41666,1
30096,0
73511,0
69204,1
41517,1
71102,1
25337,1
75362,1
7215,0
1191,0
43681,1
67270,1
41340,0
34441,0
22801,0
15690,1
19283,1
49928,1
50129,0
72906,1
30152,0
57391,1
72874,1
48385,0
54934,0
39942,0
11393,1
6807,0
32765,1
13868,0
58311,0
13724,1
37371,0
65138,1
46123,0
7392,0
43977,1
8622,1
57905,0
59797,1
62546,1
6790,0
34470,1
53882,0
55414,1
28349,1
40150,0
49293,0
57114,0
26527,1
70228,0
46917,0
45595,0
66716,1
28354,0
12736,0
33981,0
10135,0
35705,1
48449,1
10749,1
15502,1
63039,1
2673,1
19911,1
71403,0
73572,1
38742,1
69534,1
62701,0
7594,0
25449,0
61763,0
70924,0
62268,1
51954,0
39261,1
62422,1
2053,1
25604,0
212,0
964,1
31490,0
39042,0
6439,0
28507,1
71202,1
64858,1
75554,1
73762,0
41289,1
73616,1
16238,1
18996,1
43312,1
21211,0
11675,1
33878,1
7294,1
13075,0
70015,0
28000,1
60678,0
6196,1
43523,0
7204,0
66099,1
72925,0
70071,1
38372,1
50338,0
44864,1
47757,1
37469,0
34947,1
59811,0
36526,0
12771,0
60449,0
9596,0
2510,0
4176,1
17470,0
9553,0
29643,0
28078,0
49084,1
9466,1
12953,0
65915,0
70712,1
56721,1
36450,1
25587,1
20562,0
36670,1
61931,0
34860,0
5346,1
27471,1
32518,0
45529,1
14533,0
40486,0
28916,1
53118,0
47628,1
16284,0
52262,0
29567,0
42174,1
19601,1
32798,0
5123,1
32470,1
28517,0
24711,1
67808,0
52148,0
53147,0
30837,0
72826,1
8963,1
13822,1
32212,0
47044,0
21326,0
55940,0
48513,0
34195,0
20727,1
49113,0
69902,0
38958,0
43718,1
12118,0
3647,0
21552,1
11118,0
10270,0
53160,0
62965,0
62335,1
39494,1
66022,0
41253,1
27338,1
36106,1
64232,0
66038,0
46004,1
36671,1
75108,0
23351,1
34336,0
24600,1
30459,0
71683,0
30045,0
4208,1
7719,0
43851,1
15902,0
6090,0
35792,1
16153,0
728,1
16209,1
45375,1
24057,1
11824,1
44311,0
1140,0
58010,1
58779,0
32269,1
56825,0
56384,0
6844,0
16350,0
23167,0
44916,0
3106,1
12023,1
1378,1
17568,1
68448,0
70459,0
67334,0
58131,0
24458,0
26319,1
56743,1
5941,0
34000,1
8199,0
21650,1
65474,1
32181,0
16277,0
61345,0
4503,1
69667,1
15905,0
75087,1
32517,1
38259,1
53308,0
4224,0
62402,0
15499,0
73612,1
53148,0
21796,0
52689,0
56800,1
73409,0
11239,0
52949,1
18347,1
929,1
56106,0
17346,1
33452,0
15959,0
48628,1
41497,0
6480,1
29504,1
49731,1
44655,0
37197,0
22965,1
13221,1
6849,1
18614,0
32548,0
50105,1
12514,0
37073,1
73744,1
37025,1
12762,1
38970,0
15587,1
31803,1
70803,1
71645,1
28954,0
46177,1
40587,0
49289,1
13032,1
63129,0
40208,1
21752,0
55728,0
51012,1
7116,1
26438,1
33381,0
8995,1
69430,1
53303,0
57143,1
10143,0
50124,1
5517,0
36947,1
63922,1
30405,0
34571,1
27756,1
40712,0
28226,0
15416,0
27065,0
32747,1
41922,1
22927,0
71563,1
32814,0
47599,0
39219,1
27244,1
7941,1
1732,0
71831,1
25657,0
312,0
59782,1
13185,1
35885,0
59448,1
9309,0
69417,1
41678,0
42289,0
53621,1
25367,0
22740,0
44142,0
15210,0
37093,0
486,0
54618,0
31452,0
46253,1
32357,1
39757,0
54937,1
18414,0
30586,0
61946,0
45587,1
15108,1
30792,0
43201,0
40562,0
21159,1
21008,1
13516,0
37533,0
38786,1
74755,0
64857,1
38990,1
63419,1
30025,0
61404,1
38403,1
47261,1
60529,1
38936,0
66430,0
16977,0
3774,1
12590,1
51267,0
60078,1
70648,1
19944,0
12390,0
23719,0
47917,0
40558,0
55374,0
72590,0
321,0
51407,0
69337,1
37216,1
4645,0
12471,1
47059,0
9096,0
4221,1
37706,1
19635,1
46835,0
51693,1
16258,1
18030,1
46307,1
32863,1
34612,1
6086,1
63211,1
49160,1
6350,0
45593,0
73831,1
54717,1
71028,0
59202,1
23532,0
60576,0
8949,0
48124,0
68976,1
29068,0
17533,1
29420,0
71057,1
12001,0
6239,0
17324,1
53594,0
48868,1
5807,1
57979,1
35639,0
51664,1
68194,1
65191,0
61925,0
58167,1
55132,0
66961,0
49352,1
50323,1
58446,0
62771,1
73692,0
28404,0
8193,0
16133,1
665,1
11652,0
645,1
59671,0
46319,0
13772,0
20406,0
19401,0
59537,0
22551,1
14325,0
5306,0
17598,1
62194,1
32419,1
15031,0
72399,1
35688,0
104,0
64077,1
44332,0
69044,0
6417,0
19602,1
42640,1
36015,1
15200,1
4309,1
16163,0
51057,1
6078,0
33848,1
54794,0
61932,0
8285,1
7548,0
16466,1
53806,0
42404,1
18993,1
12361,1
24916,0
45624,1
58621,1
52985,1
42463,1
20620,1
12838,1
25178,0
61529,0
35388,1
53092,0
4090,1
41759,1
74237,1
36673,0
64925,1
59032,0
2563,1
56428,1
20442,0
47598,1
68724,1
5696,1
20050,1
49371,1
14056,0
3021,1
70481,1
67900,0
7710,1
25016,1
47010,1
75248,0
20574,1
26176,0
53171,0
23369,1
33939,1
17545,1
45338,0
21291,0
65781,1
49860,1
7804,0
54057,1
54207,1
52267,0
16489,0
33974,1
41086,0
66216,1
33928,1
57897,1
29205,1
44893,1
53888,0
68068,0
28546,1
44750,0
23612,1
12826,0
2975,1
54941,0
24971,1
74211,0
10458,0
1851,1
17703,1
37185,1
40716,1
15289,0
21148,1
32465,0
48988,1
57471,1
25517,1
28789,1
63329,1
5581,1
10859,1
6532,0
28265,0
24883,0
33215,0
46623,0
69981,1
31866,0
67431,0
50089,1
29541,1
49308,0
8294,0
17177,1
7580,0
45635,1
34743,0
36593,0
58551,1
49767,1
59322,1
72292,1
15127,0
60185,0
48850,0
42309,0
32977,0
24802,1
74585,0
49887,1
38297,1
11970,1
36373,0
71069,1
43267,1
60011,1
64759,0
46432,1
10738,0
22288,0
6482,1
67725,1
45333,0
54344,0
5390,0
46859,0
18432,1
37491,1
20573,1
41216,0
74409,1
54181,0
32699,0
56770,1
67839,1
75516,0
63407,0
74103,1
55208,1
31258,1
27727,0
6866,1
34408,1
448,1
29903,1
38976,0
72308,1
10169,1
32428,1
15042,1
34380,0
15859,0
26601,0
44395,0
47363,0
60059,1
49598,1
75406,0
38806,0
73199,1
11377,0
39089,1
51132,0
56084,1
44423,1
48343,0
25384,0
32512,0
19259,1
38755,0
2461,0
17384,0
7459,1
27863,0
28092,0
24261,0
48515,0
58684,0
61509,0
37544,1
69674,0
59302,1
45822,1
29529,1
29625,0
27796,1
72709,0
41419,1
40827,1
64972,0
8993,1
73164,0
26744,1
34281,1
41435,0
435,0
63958,0
69979,0
21306,0
23507,1
71766,0
19836,0
71911,0
50888,1
38459,0
51199,1
3636,0
74994,0
28110,1
37418,1
69444,1
39737,1
40233,0
13622,1
34748,1
15180,0
8375,1
10051,1
11540,0
32020,1
26579,0
41682,0
53832,0
13759,1
10660,0
61233,0
38418,0
54066,0
18579,1
54785,0
13611,1
53266,1
19599,0
42080,1
45456,0
59116,1
7738,0
73069,0
26983,0
27608,1
46445,0
52742,0
69567,0
36308,1
39570,0
39404,1
48844,1
70275,1
42696,0
71869,0
74647,1
71365,1
569,1
39005,0
49479,0
61131,1
61721,1
45902,1
8586,1
72133,1
58951,0
44770,1
70336,1
43341,1
23224,1
33245,1
63406,0
43802,1
36446,0
4949,1
70438,0
73800,0
71744,0
31388,0
20922,1
45104,0
11781,1
69011,1
22846,1
31900,1
28090,0
7712,0
43906,0
38710,0
51154,0
3723,0
61561,1
59118,1
50082,0
71987,1
6710,1
10531,1
21437,0
69532,0
24175,0
71528,0
62613,0
13050,1
52464,1
60150,0
52049,1
41898,1
39523,1
6212,1
4040,0
37768,0
17525,0
49938,0
19218,0
38853,1
111,1
16201,1
46637,1
13703,1
65232,1
23737,0
22737,0
42329,1
73738,0
19699,1
2070,0
42785,1
54069,1
22512,1
12519,0
3117,1
17434,1
38065,0
23087,1
11489,0
69620,1
72624,1
1513,1
65983,1
72258,1
29729,0
11522,0
59499,1
32642,0
27177,1
56202,0
23614,1
20414,1
8844,1
9102,0
9195,1
58531,0
31995,0
26429,1
36902,0
56979,1
8729,0
2518,0
42330,1
7815,0
36458,1
42716,1
59408,0
19674,0
57461,1
37585,0
56445,0
27348,1
33482,0
60490,0
8933,1
60652,1
29179,0
33877,1
27797,0
73675,1
58066,0
41425,0
56923,1
24527,0
12382,1
64018,1
29096,1
12397,0
50006,1
44349,1
3587,1
32721,0
69075,1
2534,0
67694,1
35397,1
23672,0
38375,1
61165,0
23932,1
63413,0
58686,1
49223,0
67093,1
60719,1
10076,1
32819,0
62287,0
59103,0
8421,1
31530,0
43202,0
40317,1
58176,0
44093,1
3139,0
33812,1
37522,0
67493,1
64895,1
30668,1
72993,1
13758,0
18513,0
12585,0
56026,1
25910,0
22588,0
69942,1
1374,1
72678,0
62416,0
9518,1
14638,1
62874,1
3660,0
15023,0
57951,1
72714,0
62097,1
32919,0
58337,0
14171,0
74142,1
45255,1
29257,0
18756,0
8353,0
75562,1
1398,1
67767,0
3973,1
29994,0
49640,1
71844,0
70480,1
9369,1
67125,0
50215,0
74875,0
68640,1
72781,0
16400,1
32841,0
55838,0
14192,1
65748,1
69205,0
70952,1
44617,1
43705,0
67001,1
4475,0
15010,1
60604,0
19008,0
5120,0
42473,1
68562,1
49560,0
49251,1
4651,0
51623,1
2109,0
60238,0
58710,0
62674,0
48250,1
66047,1
24604,0
8177,0
39571,1
36175,1
54694,1
52324,0
72246,1
70650,0
12132,1
34492,0
3033,0
40098,0
36340,1
57241,0
49475,0
38105,1
37030,0
74489,1
31705,1
35466,1
5004,1
57257,0
31836,1
44950,0
7927,0
17015,0
40072,0
17416,0
53933,0
54792,1
4660,0
40745,1
38085,1
70387,0
45153,1
22091,0
42643,1
48061,0
55177,0
34152,1
21966,0
40140,0
9928,0
71866,0
7561,0
49547,1
340,1
72436,1
46928,1
37579,0
62818,1
68117,0
53617,1
57292,0
23599,1
5948,1
49867,1
11228,0
22536,0
13378,0
14875,1
25068,0
15059,0
34505,0
25465,1
6267,1
67735,1
4178,0
13559,0
60357,0
61401,0
22851,1
61580,0
44572,1
11533,1
28969,1
59752,0
16123,1
12097,1
20780,0
47400,1
1992,0
27638,0
51907,1
39191,1
19128,1
28377,1
21690,1
34133,1
1189,1
12994,1
17618,0
52652,1
71530,1
13236,1
40075,1
10881,0
70642,1
4251,0
57146,0
28658,0
64665,0
56099,0
23557,0
42990,0
52376,0
4492,1
9800,1
3952,1
45358,0
23193,1
32875,0
21406,0
37452,1
3829,1
72582,1
37355,0
33502,0
49262,1
53562,1
21874,1
6792,1
27261,1
46881,0
30619,0
73683,1
65669,1
63190,0
49842,0
15419,0
14777,1
33399,0
61455,0
35539,0
8800,1
6572,0
47208,0
66521,0
54381,1
48468,1
15404,1
1019,1
30974,1
6591,1
36212,0
20585,0
68314,1
53956,0
42266,0
34206,1
2054,0
441,0
68237,1
57652,1
60851,0
61011,0
33464,0
16678,1
64893,1
8218,1
40823,0
32982,1
9332,0
16239,1
61121,0
68119,1
57178,1
56058,1
33869,0
38851,1
29140,1
4845,1
6983,1
71230,0
52741,1
11595,1
37860,0
53878,0
24189,0
60317,1
21666,1
14159,1
64321,0
27896,1
7465,0
44898,1
31278,0
9757,0
57737,0
37848,1
5874,1
31967,1
40440,1
14014,1
26784,1
17163,1
21860,0
63808,0
9929,0
73109,0
71228,1
46154,0
39335,1
30707,0
1295,1
44882,0
35180,0
71871,1
32865,0
68090,0
18456,0
7112,0
30998,0
22261,0
66729,1
63971,1
47435,1
517,0
60042,1
57775,1
10947,0
3662,0
29002,0
14955,0
66800,1
40769,1
51188,1
33513,1
28542,1
54037,1
16175,0
44119,0
57314,0
32057,0
40026,0
335,0
43740,0
13800,1
36176,0
12645,0
37146,1
7240,0
10402,1
34008,0
57671,1
53322,0
53389,1
2472,0
12893,1
9998,0
13633,1
50481,1
52850,1
10091,0
14377,0
22404,0
63451,0
45377,0
25807,1
6593,0
67701,1
49673,1
18128,1
51591,0
42834,1
21315,1
33667,1
11159,1
50409,0
1871,1
1260,0
42616,1
68317,1
22043,1
64356,1
34607,0
36841,0
49065,1
35033,1
26760,1
43229,0
61550,1
56261,0
19118,1
28195,1
14307,0
45411,1
6749,0
49494,1
46288,0
8589,1
16180,1
69714,0
33801,1
44118,1
62464,1
39993,1
22416,0
63468,1
53317,1
19683,0
4726,0
29607,0
64029,0
39739,0
38335,0
10385,1
66979,0
58009,1
37285,0
30948,1
74412,0
59366,1
11146,0
61406,0
61801,0
27174,1
47824,1
53095,1
60153,0
63290,0
24244,1
25955,1
11461,0
75598,1
42664,0
51006,1
64941,0
13585,0
14676,1
7795,1
48185,0
56367,0
33776,1
56456,0
31105,1
29188,1
10953,1
25685,0
19667,1
3525,1
25808,0
70701,1
27001,0
51414,0
30297,0
3838,1
62418,0
8021,1
71296,1
10991,1
9515,0
26641,0
21412,0
68234,1
213,0
22623,1
58747,1
49348,0
25439,0
53704,1
19713,0
38092,1
23213,0
27894,0
14579,0
35744,1
72679,0
50542,1
74204,1
30597,1
52636,0
22357,0
47855,1
44472,0
34826,0
13196,0
39004,1
33150,1
62920,0
15143,1
14203,0
2063,0
54391,1
35218,0
25161,1
43213,0
18950,1
45206,1
69649,1
61705,0
51945,0
42974,0
28243,1
12057,1
32179,1
40452,1
68576,1
358,1
43960,0
63956,1
30349,0
4716,1
68748,0
25315,0
32861,0
26369,1
34831,0
10300,0
58739,0
51083,1
1754,1
42132,0
75783,1
17301,0
3164,1
25011,1
39375,1
56120,1
74455,0
73642,0
27800,1
29056,0
34749,1
44442,0
45388,1
21268,1
11400,1
65017,1
39384,1
73136,0
3216,0
2614,1
29867,1
23037,1
18504,0
52232,0
8367,1
13985,1
43653,0
48839,0
23594,1
53484,1
18214,0
24352,0
13725,1
40100,0
21188,1
49007,1
538,1
40607,1
19825,1
50047,0
66454,0
23936,0
53333,1
33912,1
30475,1
72782,1
8142,1
34897,1
22882,0
20209,0
32767,1
21567,0
14076,0
69719,0
65867,0
8932,0
38168,1
35738,0
65139,1
39125,1
55611,0
47882,0
27428,1
74038,0
29782,1
70491,0
23421,0
9670,1
18970,0
71992,0
13519,1
27971,1
65460,0
4939,0
1060,0
17092,1
67149,0
57040,1
4934,0
32539,0
23260,0
65718,0
58849,0
17141,1
59560,0
7820,1
6828,1
25615,1
15838,1
25926,1
71338,0
58379,0
28416,0
58291,1
30497,0
34376,0
52082,1
42367,1
70531,1
10919,0
25818,1
68633,1
55312,0
48050,1
44851,0
44072,1
43721,0
43474,1
28578,1
46649,0
52704,1
2388,0
36830,1
47815,0
43371,0
11881,1
9222,0
64755,0
71204,0
29383,1
6230,0
13216,0
22444,1
43057,0
57557,0
40487,1
56681,0
70765,1
71790,1
467,0
34680,1
73730,0
38392,0
50005,0
73853,1
16543,0
50330,1
16422,1
25359,0
36617,0
71718,0
17657,1
55701,0
10607,0
31710,1
67047,1
52763,0
39698,0
51830,0
18807,0
65501,1
69750,1
27334,1
73659,0
40437,0
64298,1
29873,0
31271,0
37531,1
28011,1
59490,0
37539,1
73563,1
53064,0
12517,0
15271,0
55118,1
16735,0
63516,0
19864,0
38359,1
31379,0
8807,1
4089,0
61078,0
22769,0
61202,1
1419,1
7729,1
39666,1
2394,0
53031,0
14709,0
57960,1
55723,1
2194,1
20320,0
34834,1
60710,1
51195,1
41087,0
1119,1
31810,0
31915,1
42741,0
73650,1
31090,0
47255,1
67655,0
45416,1
45280,1
4733,0
32108,1
65441,1
69081,0
59158,0
22791,1
58426,1
65778,1
42006,1
8359,1
5795,1
9251,0
31928,0
28588,0
72096,0
63931,1
67535,0
66458,0
29407,0
25373,1
68676,0
25496,1
64854,1
69609,1
62487,0
13783,1
21487,0
11864,1
26431,1
52321,1
14426,0
11205,0
42585,0
40945,1
29911,1
10624,1
66203,0
49359,0
35187,0
26892,1
15459,1
34519,1
39612,1
14452,1
62367,1
64734,0
27361,1
8679,0
72383,0
3679,0
28777,0
46686,0
72490,1
32870,0
7904,0
12355,0
22929,0
51811,1
32728,0
59281,0
20904,0
74207,0
49501,1
14865,0
35681,0
17396,1
48085,1
24086,1
48053,0
60711,1
21095,1
69883,1
24825,1
33293,0
70951,0
16525,1
40868,1
40715,1
3128,1
6092,0
10043,0
42645,0
57159,0
70334,1
27377,0
45703,0
45390,0
51929,1
61941,1
50934,1
34356,0
73998,1
20388,0
51622,0
17204,1
31724,0
3980,0
57916,1
9658,1
66552,0
29254,0
33742,0
19414,0
12501,1
7118,1
73477,0
39389,0
12799,1
16772,0
29658,0
28494,1
71046,0
73918,1
15994,1
19033,1
63314,1
12155,0
56731,0
72859,0
13856,0
30985,0
11551,0
70012,0
19841,0
52249,1
72170,1
55850,1
31510,1
36811,0
45750,0
43762,0
37575,0
493,1
24785,1
73915,0
3857,0
28715,0
69033,1
73484,0
11519,0
70814,0
37163,1
13672,0
1077,1
74684,0
14848,0
65435,1
2632,0
13580,0
65676,0
31674,1
7062,1
9696,0
59602,0
28373,0
72338,1
39426,1
16533,0
6050,0
61500,1
69994,0
55099,1
5544,1
62572,1
13860,1
57841,0
23054,0
70173,0
19148,0
68978,0
10539,0
17940,0
20307,0
57449,1
3115,1
25804,0
18938,0
23830,1
26195,1
20875,0
59392,0
36069,1
52372,1
58666,1
43907,0
19956,1
4631,1
75152,0
60504,1
39464,1
27709,0
40163,0
59765,0
3008,1
24500,0
18816,0
46365,1
40748,0
28019,1
21469,1
44125,0
6461,0
57466,1
68251,0
38161,0
11314,0
74114,1
25452,0
61320,1
58786,1
49243,1
6622,0
195,1
22472,0
66858,1
35545,0
24944,0
36819,1
43330,0
60516,0
46968,1
62069,1
19345,0
30180,1
51648,1
44296,0
30019,1
51241,1
22550,0
46701,0
35502,1
68995,1
36680,1
50380,1
69259,1
23494,0
69770,0
44194,0
27987,1
6969,1
49839,1
8747,1
58252,0
21797,0
47200,0
43105,1
53649,0
64559,0
48558,1
47876,0
33321,1
6107,1
28563,1
74694,0
12143,1
34045,0
3094,1
75327,1
4762,0
42457,0
55189,0
75374,0
53543,1
42318,1
14344,0
57565,1
45157,1
67915,0
35369,0
56866,1
61651,0
53799,1
41299,1
56569,1
14457,1
49133,0
25007,1
14372,1
69041,1
60884,1
9534,0
51717,1
42926,1
65822,0
37825,1
65992,1
30598,1
49516,1
3258,1
26657,0
10503,1
12492,0
14936,1
3206,0
73523,1
46255,1
25462,0
70183,1
25422,0
69935,1
72411,0
26737,0
63273,1
9181,0
42197,1
35339,1
38703,1
26929,0
13583,1
30500,0
67449,0
15750,0
53392,1
45315,1
45294,1
59648,0
19252,1
14080,0
29549,1
70580,1
69153,1
43633,0
22697,1
74445,0
69887,1
60021,1
52270,0
58528,1
4417,0
24794,1
35816,1
25666,1
2454,1
71923,1
12578,1
58374,1
62916,1
15230,1
30284,1
8692,1
48788,1
74879,0
38245,0
64270,1
49794,0
72562,0
15604,1
71678,0
59686,0
11808,0
13923,1
75571,1
43601,1
46355,0
21321,1
74870,1
60598,1
74304,1
68551,0
50051,1
43316,1
55285,1
44225,0
20877,1
75139,0
62628,1
65792,0
72158,0
14566,0
65265,1
42294,1
37524,1
47205,1
14783,0
70023,0
55594,1
57341,1
25057,1
51848,0
3375,0
703,1
32972,0
41159,1
8248,0
72041,1
8348,0
9119,0
66839,0
12820,0
34143,0
69871,1
33044,1
72754,0
23279,1
61259,1
634,1
2811,1
23513,0
23686,1
22179,0
12809,0
51363,0
74977,1
36708,0
28302,1
73725,1
27073,0
72352,0
47056,1
33814,1
21789,1
56808,1
59915,0
993,1
72206,0
39122,1
69531,1
17213,1
52362,0
45626,0
60054,0
66385,1
29885,1
29022,1
33913,1
27077,0
1602,0
8289,0
24966,1
41867,1
25458,0
33975,1
43959,1
40343,0
53456,0
27962,0
74752,0
40982,1
8390,0
53271,0
66471,1
24209,0
19684,0
70301,0
35558,1
5244,1
51159,0
48324,1
58455,1
36659,1
21830,1
54185,1
56532,1
15487,0
113,1
24509,0
58442,0
1306,1
6816,1
66899,0
15929,1
29572,1
24770,1
75419,1
67296,0
45737,0
57748,0
10960,1
67838,0
62028,0
48534,0
54321,0
63686,0
9088,1
62242,1
34405,0
17970,1
17026,1
20935,0
53455,1
60211,0
5852,0
61586,0
75240,0
48024,1
4697,0
18123,1
61747,1
49448,1
55911,0
60427,1
17860,1
56022,1
47743,1
49846,0
55246,1
10317,0
5376,0
69504,1
75033,0
27744,1
3315,0
28626,0
50337,0
34955,0
31840,0
54629,1
39166,0
58798,1
62258,1
7257,1
54505,1
13934,1
52881,1
30223,1
57326,1
12561,0
36047,1
19052,0
55513,1
38924,1
58870,0
31277,1
13056,0
73398,0
25873,1
8372,1
45291,0
3888,0
19948,0
40595,0
3285,0
31876,0
59783,1
50314,0
63714,0
12013,1
4951,1
21513,0
1702,0
9107,1
56424,1
69557,0
15040,1
44364,1
54743,0
44197,0
64325,0
66868,0
56002,0
40289,1
70934,0
26955,1
30559,1
31979,0
55683,1
62737,1
73846,1
6738,1
73208,1
14975,1
32342,1
39558,1
72593,0
24983,1
56931,0
53698,1
22406,1
44631,1
62682,0
30815,1
40165,0
17845,0
7168,1
6293,1
22212,1
43056,0
40294,0
10680,0
52177,1
28939,0
27267,1
59731,0
7601,0
18681,0
13785,0
69756,0
32598,0
49879,1
31390,0
65298,1
34344,1
65108,0
26469,1
42532,1
52602,0
68412,0
8854,1
1141,0
57502,1
71150,0
39658,1
18120,0
40573,1
72697,1
40854,0
55969,1
72596,0
59644,0
69963,0
43697,0
64275,1
55468,0
61544,0
34994,1
54021,1
52979,0
58462,1
62426,1
34230,0
49354,1
39509,0
6779,0
65556,1
65573,0
10902,1
37297,0
62291,1
1728,1
9985,0
24276,0
62848,0
60347,1
27159,1
44107,1
29581,1
18147,0
60167,1
50695,1
47748,1
34118,1
22566,0
69681,1
56993,1
56503,1
47210,1
75178,1
39124,0
25292,1
30949,1
3266,0
20222,0
46519,0
74509,0
62409,1
23283,0
62537,1
69613,1
32525,1
48000,0
1883,0
11558,1
45182,0
62081,0
65094,0
59992,0
31360,0
33983,0
45925,1
70157,0
61866,0
70517,1
62585,1
4866,1
4356,0
29830,0
54114,0
3499,0
40751,1
71478,0
17406,1
46472,1
73778,0
28453,1
3726,0
838,0
46111,0
70281,1
26555,0
271,1
69344,0
66246,1
69617,0
71307,1
10593,1
31658,0
61663,0
39506,1
42536,0
48223,0
48356,0
10366,0
61269,0
43419,1
55459,1
14604,1
52440,0
51981,1
75798,0
68838,1
19094,1
12140,1
55039,0
41894,0
40261,0
67054,0
34146,1
59473,1
6604,0
40275,1
21057,0
49818,0
47355,0
54560,1
42260,1
73157,0
55314,0
20850,1
63123,1
55635,0
41729,0
68671,1
43488,1
21126,0
70086,1
5407,0
33875,1
10962,0
30081,0
13936,0
43391,0
56086,1
67338,1
26553,1
55625,1
58153,0
20173,1
34828,1
3239,0
33431,1
12482,0
44584,0
3490,0
5442,0
35643,1
5077,0
12215,1
63203,0
71986,1
3575,1
67079,1
28915,1
5968,1
66995,1
9649,1
18678,0
64030,1
66217,0
27425,1
72305,1
19270,0
59037,0
12041,1
59090,0
35990,1
64399,0
73769,0
45303,0
19468,1
42379,0
57779,0
54373,1
1572,0
74285,1
72242,1
11301,0
38077,0
33177,0
12991,1
31892,1
18639,0
63115,0
17912,0
23900,1
29121,0
18403,1
61330,0
67428,1
10012,0
43929,0
24999,0
8666,0
35072,0
72982,0
49556,1
7397,1
68392,0
39953,0
48701,0
73433,1
59856,0
12388,1
24231,1
15116,1
33102,1
885,0
57278,0
73750,1
28182,0
26742,1
60735,0
42563,1
44392,1
57632,1
60418,0
24962,1
74109,1
3205,0
44862,0
12201,0
10916,0
10824,1
32916,0
24638,0
69755,0
46344,0
75292,1
60531,1
29669,1
50990,0
56552,0
64125,1
43909,0
37594,1
67837,1
31721,1
13591,0
35160,0
54394,0
69333,1
8770,0
9131,0
16031,1
24020,1
27599,1
7032,1
6515,0
70696,1
67186,0
54967,1
56047,0
74548,0
52562,1
13569,0
65922,1
9465,1
30306,0
34005,0
45075,1
67793,1
52434,0
42453,0
21325,1
57839,1
183,0
18367,0
51291,1
18523,0
41038,0
45976,0
68334,0
63479,0
68536,1
32698,1
32153,1
7074,0
52551,0
25863,1
36194,1
46953,0
27125,1
2814,1
4748,1
34461,1
54740,0
51078,1
2270,0
75550,1
71864,1
44965,0
5452,0
36777,0
48761,0
71066,1
26938,1
25063,0
36183,1
70521,1
66371,1
1859,1
70179,0
59911,1
37284,1
22976,0
19198,1
51804,1
22743,1
18015,0
7476,1
2061,0
70257,1
63447,1
22161,1
55447,1
36403,1
72173,1
23492,0
71592,0
66878,1
44724,1
67436,1
25629,1
52514,0
19327,0
45842,1
8499,1
26364,1
44109,0
67689,1
34463,1
70045,1
40786,0
40271,1
49757,1
7388,1
62589,0
20806,1
22423,1
69575,1
10911,0
26515,0
59888,1
73047,1
57057,1
2840,1
52155,1
59547,1
13509,0
16291,1
28136,1
22707,1
43986,0
40999,1
24709,0
9009,0
68607,1
64127,1
38697,1
57553,1
64814,0
1965,0
57263,1
68312,1
20692,0
44512,0
35259,0
51527,1
30897,0
30700,1
74258,1
43051,0
2751,0
51551,0
42915,1
957,0
28248,0
59262,1
75238,1
48330,0
26466,0
53198,0
45478,0
26307,0
62114,0
12244,0
42471,1
17044,0
38962,1
37892,1
58278,1
72804,1
60636,1
11434,0
30356,0
47699,1
60225,1
628,0
11401,1
16108,0
75745,1
873,1
20241,0
54953,1
14293,1
73177,1
31949,1
46988,0
34039,0
15286,1
52801,1
31906,1
66678,0
44563,0
63080,0
44788,0
26257,0
15880,0
51530,1
5664,1
54978,0
25491,1
28319,0
46981,0
11042,0
63475,0
5164,1
42524,0
47080,1
55351,0
72916,0
22923,0
49010,0
9640,0
37872,1
52854,1
47064,0
19980,0
3194,1
65541,1
5013,0
59804,0
55257,1
46311,1
23190,0
33855,0
25815,1
5590,1
17410,1
25039,1
29937,0
23276,1
16288,0
51318,1
6447,0
29440,1
12314,0
20531,1
40969,0
65186,0
23061,1
39982,1
17965,0
42567,0
38672,0
22766,0
63774,0
25652,0
56819,0
38702,1
51443,1
47835,0
38827,0
14017,0
37678,0
23753,0
47848,1
8307,0
44474,0
32254,0
18355,0
63341,0
42073,0
27781,1
7746,0
18503,0
7932,0
46814,1
53760,1
63894,0
63056,1
54856,0
43868,0
21996,0
51364,0
65448,1
16688,1
62727,1
8244,0
60323,0
43966,1
45502,0
63902,1
67885,1
36419,1
9561,0
37484,1
6744,1
7525,1
11785,1
66145,0
45164,0
27700,0
54469,0
4119,0
2106,1
70520,0
26320,1
75246,1
10021,0
60562,1
25377,1
48425,1
41382,0
48920,1
72473,1
63085,0
25237,0
67593,0
35774,0
8316,1
70976,1
73597,0
47667,1
52766,1
8141,1
46268,0
35706,0
21778,0
20490,0
13055,0
55553,1
35446,1
53343,0
27010,1
65910,1
37309,0
64434,0
66418,1
36249,0
34682,1
2753,1
29967,1
71829,0
44601,1
46475,0
40863,0
15636,1
27070,1
31418,0
50553,1
33384,0
15155,1
42688,0
68001,0
10342,0
74219,1
26631,1
13532,1
34210,1
35844,0
41638,1
31562,1
11424,1
1654,1
43292,1
14358,0
41636,1
38686,0
15573,1
6413,0
22831,0
60444,1
29426,0
59830,0
4031,1
6563,0
42937,0
42207,1
33599,1
49777,1
43964,0
21900,1
37211,0
55392,1
7895,0
15559,1
11092,1
41195,0
11535,0
64306,1
36579,1
31622,0
64715,1
15095,1
22799,0
71207,1
53751,0
55274,1
71020,0
43477,1
59251,0
60170,1
20755,1
30354,0
3279,1
11597,1
71385,1
71802,0
40464,0
28285,0
57965,0
2709,1
15172,0
62719,0
51372,0
59502,0
28861,1
8278,1
65824,1
4804,1
38130,0
71841,0
9798,0
230,1
34909,1
15194,0
26827,1
5622,0
38733,0
66978,0
49361,0
61873,0
49675,0
35090,0
22383,1
72080,0
57410,1
17070,0
8171,1
48927,1
73018,0
29109,0
67564,0
17824,1
74539,0
74863,1
41456,0
9678,0
13052,0
67965,1
69725,0
25488,0
19043,0
62421,1
52392,0
52400,0
28193,1
71939,1
10363,1
58147,1
26444,0
41661,1
46505,0
67722,1
26887,0
17034,1
41860,0
14688,0
59849,0
48168,0
65002,0
35234,1
43187,1
61964,0
25228,0
39724,0
66374,1
47860,1
24941,1
38863,1
35888,0
35104,1
39109,1
37212,1
48376,0
26584,0
15044,0
3337,0
49322,0
50319,1
71599,0
5954,0
30870,0
50097,1
54812,1
18330,1
57497,1
9326,0
53222,0
52452,0
18482,1
75685,1
4017,0
29578,0
59978,1
67402,0
40156,1
41102,0
49621,1
65520,1
235,1
38453,1
69346,0
63879,0
74638,0
19781,0
64954,1
73178,0
7505,1
10417,0
26130,0
50759,1
73319,0
65430,0
65827,1
58778,1
23812,1
10890,0
45779,1
16725,1
44975,1
37342,1
71782,0
65553,1
68610,0
66515,0
10573,1
24827,1
28292,1
56551,1
19281,1
26732,0
46887,0
35217,0
13061,1
47542,1
29091,1
35946,0
147,1
19509,0
59819,0
12529,1
58944,1
34823,0
35749,0
65398,0
32370,1
73287,1
62370,0
48523,0
28841,0
61347,1
75673,1
12214,1
38598,1
56717,1
31702,0
54286,0
57659,1
44762,0
572,1
4839,0
12873,1
38147,1
66141,1
21270,0
14396,0
17529,1
9857,0
22477,0
41201,0
40848,0
28917,0
18274,1
49799,0
64737,0
43382,1
50690,1
51626,1
37996,0
40794,1
57224,1
1089,0
67312,0
36849,0
64309,1
70231,1
9602,0
63729,0
51642,1
3001,1
59429,1
19957,0
51113,0
36209,0
71824,0
34302,0
41399,1
55193,0
43192,0
46499,1
34507,0
1988,1
23007,1
25269,1
6510,1
31937,1
51734,1
25409,0
32827,1
5559,0
73154,0
11111,1
33737,0
35517,0
52191,0
66981,1
70621,1
69605,1
72733,1
29023,1
42759,0
65538,0
61752,0
40695,1
21858,1
35131,0
9673,0
35795,0
74153,1
42418,0
68476,1
62851,0
47531,0
31478,1
71531,1
38744,1
57514,1
27783,1
73825,1
62918,1
42597,0
29827,1
22716,1
41447,1
21456,1
75789,1
42660,0
31566,0
1856,0
26733,0
37262,0
32754,1
24519,0
62673,1
61949,0
57648,1
71063,0
14062,1
18652,1
55077,1
73665,1
44521,1
38432,0
25336,0
56542,1
44346,0
13174,0
63396,1
66215,1
2653,1
36079,0
23342,1
21498,1
9517,0
74260,0
20581,0
53111,0
17477,1
3754,1
53022,1
33624,1
30841,1
68162,1
41219,0
69461,1
18121,0
27849,0
43987,1
50278,0
61108,0
67327,0
74468,1
41727,0
73747,1
37465,0
37320,0
18259,1
19311,0
44583,1
64904,0
27085,0
26350,0
64535,1
15448,0
17927,0
75062,1
5520,1
72251,0
42192,0
38904,0
26809,1
32421,1
23132,1
28761,1
35586,0
4958,1
28534,0
67159,0
45421,0
70255,0
22790,0
6322,1
38538,1
33743,0
11624,1
41381,0
8708,1
20700,1
63006,1
15163,1
50971,1
51519,1
46093,1
30806,1
57686,0
42631,0
33796,0
29159,1
22576,1
19719,1
9053,1
39511,1
28898,0
24830,0
50999,0
70752,1
44127,0
7446,0
56401,0
3724,0
61077,0
28992,1
51959,1
67090,1
7128,0
1675,1
24556,0
25002,0
72773,0
63239,1
45475,1
20025,0
6206,1
1497,1
60643,1
25618,0
62576,1
26020,0
3088,0
34554,0
23821,0
37564,0
45057,0
23495,1
70221,0
18621,1
45799,0
5952,1
48158,0
2833,1
54633,1
13608,0
2313,1
38844,0
46908,0
25017,1
31687,1
65132,0
59966,1
1411,1
18332,0
11520,0
15372,0
70016,0
55702,0
50310,1
74649,1
28855,1
56212,0
71825,1
2175,1
17812,1
4926,1
59946,0
58598,0
25843,0
26831,0
56103,0
48197,1
42327,0
7218,0
74814,0
27264,0
33804,0
38309,0
12760,1
68916,0
43674,1
35109,1
49395,1
40586,0
2827,1
27701,1
7676,0
41141,1
17590,1
37780,1
6935,1
9069,0
71269,0
72615,1
65854,1
36333,1
29856,0
27731,0
21595,0
70327,0
64794,0
38611,0
20148,1
54314,1
5260,1
23323,1
7695,0
27715,0
41051,0
20195,1
61160,1
65023,0
4863,1
24584,0
55767,1
50580,1
60642,1
60971,1
21438,1
19002,0
74850,1
56846,1
35875,1
9143,0
65836,1
56815,0
30991,1
55643,0
16117,0
69515,0
65511,1
15760,0
56352,1
74611,1
31127,0
6988,1
70452,1
17897,0
46120,1
68965,1
42274,0
11373,1
31004,0
23384,0
13576,1
30299,1
3353,1
46971,1
35148,1
53093,0
71853,0
13464,1
60016,1
53232,1
39762,1
64525,1
5497,1
26112,0
8529,0
73460,0
11578,1
34542,1
41160,0
578,1
58342,1
53561,1
72186,0
18550,0
56547,0
12990,1
4700,1
8386,1
61674,0
3668,0
75264,0
62075,0
49281,0
59100,1
14099,0
53003,1
25396,0
14428,1
30996,0
61654,1
3507,1
21243,0
4232,0
12711,0
42240,1
44662,1
52236,1
37407,0
13875,0
14139,0
29319,0
35044,1
60626,1
28635,0
41320,1
14543,1
19922,1
40955,0
19244,0
75779,1
15176,0
1455,1
71579,1
27995,1
10735,1
65967,0
33,0
44760,0
70474,1
25589,1
54056,1
7441,1
7637,0
47248,0
16065,1
22794,1
62366,1
65200,0
14369,1
23712,1
2876,1
47931,1
16814,0
73065,1
10391,0
31844,1
31389,0
24749,0
53230,1
43567,0
44929,0
39905,1
21267,1
17571,0
18231,1
70871,0
12376,1
58877,0
45204,0
6840,0
12439,1
2412,1
10755,0
50343,0
8186,0
32071,0
25217,0
11786,1
23984,0
50132,1
72245,1
62514,0
59934,1
6014,1
63484,1
47896,0
43636,0
9897,0
42194,0
63662,0
59407,0
63974,1
47760,1
7028,1
27719,1
11803,0
23340,1
3725,0
30097,0
12922,1
18582,0
2570,1
49307,1
22020,0
68145,0
35840,1
36922,1
21864,0
10644,0
41538,1
68968,1
52360,0
44360,0
2847,1
48882,0
41259,1
8500,0
22438,0
14819,0
43640,1
53290,1
16701,1
52558,0
52627,1
65167,1
27399,0
39878,0
24434,0
717,0
29007,1
60596,0
2133,1
21643,0
19273,1
950,1
65488,1
63008,1
62463,0
4664,1
47463,0
14751,0
46507,0
73341,0
46386,0
32878,1
47851,1
61610,0
43006,1
5607,1
5126,1
1557,1
13962,0
41781,1
9381,0
60954,1
23758,1
68693,0
69144,0
20491,0
54274,0
36291,1
55017,1
22876,1
71594,1
49942,0
17048,0
40768,1
66124,0
40644,1
52946,1
28481,0
64800,1
42368,1
15179,0
19133,1
60331,1
58133,1
42198,0
45770,1
68618,0
13073,1
25018,0
56565,1
57080,1
44357,1
75728,0
35079,0
34144,0
7790,1
72984,1
25967,1
31698,0
2698,0
42804,1
72816,1
64231,0
57028,0
43224,1
66553,0
7169,0
40584,0
10676,1
32180,1
41926,1
14351,1
63797,1
15866,0
3540,0
10915,1
924,1
59808,0
5325,0
55818,1
53264,0
1176,1
46444,1
50689,0
73387,1
13644,1
15815,1
41687,1
63473,0
57098,0
59405,0
8147,0
45067,0
42878,1
74666,1
3447,1
1573,1
71509,0
55418,0
1734,0
52470,0
59445,0
59301,0
56652,1
30191,0
3872,0
53995,1
24575,0
5719,1
31880,0
26333,0
69257,0
20976,0
54482,0
23793,1
27483,0
31468,0
65528,1
7310,0
32026,0
60096,1
64292,1
47566,1
66847,1
14629,0
33086,0
75339,1
39015,0
16252,0
43972,1
47456,1
64545,1
27448,0
42675,1
67013,1
8698,0
29757,1
9874,1
43299,1
53272,0
33818,0
35273,1
55309,0
52055,1
61996,1
11587,1
2446,1
74712,0
75053,1
21346,0
39178,1
2265,0
71381,0
23844,1
4331,1
60746,1
33856,1
29538,1
32479,0
69488,1
9936,0
18626,0
24706,0
70968,1
36060,1
46010,1
29612,1
20604,1
26900,1
49199,1
48465,1
70907,1
18021,0
46088,0
68464,0
55906,1
11505,1
62380,1
23004,0
1165,1
1571,1
71398,1
50115,1
9192,1
19563,0
70067,1
4517,0
16087,0
3966,0
1913,1
27924,0
20958,0
55827,1
67828,0
39324,1
65445,0
2469,1
53315,1
23173,0
73388,0
71293,1
63842,1
51010,1
62879,1
29044,0
25264,0
5085,1
50403,0
60917,1
33663,0
21912,0
9487,0
68767,1
25676,1
18519,1
28764,1
10892,0
31523,1
58764,0
70269,1
27456,1
60812,0
54284,0
2656,1
10717,0
32892,1
44328,0
56501,1
25734,0
24832,1
9911,0
60002,0
24265,0
26262,0
36350,0
73702,1
32510,1
67477,0
51235,1
29688,1
17009,1
44736,0
67717,1
63682,0
36011,0
46187,0
29749,1
37752,0
66737,1
66013,1
35165,0
70493,0
58307,1
27879,1
13043,1
13015,0
28786,1
806,0
44544,0
23521,1
24217,0
41285,0
4138,0
39921,0
17589,0
61278,0
4635,1
68178,1
38875,1
3323,1
40774,0
26424,1
50972,0
60177,0
75447,0
37438,1
42339,0
20677,0
52133,0
24007,1
62541,0
65449,0
64531,1
66461,1
22822,1
45847,0
10917,1
12536,1
63700,1
73972,0
28162,1
42767,0
18578,0
4448,1
29766,0
72771,0
48243,0
32766,1
23034,1
47491,1
58850,1
16334,0
54443,1
55199,1
10592,1
11784,0
61508,1
63673,1
5157,1
9469,0
69362,1
17025,1
1185,0
56692,0
71229,0
41446,1
22054,0
38250,0
35781,0
38671,0
35945,0
13279,1
21656,0
15426,0
42213,0
7918,1
13097,1
1642,1
41827,0
36400,1
45650,1
28066,1
37016,1
9330,1
49030,1
51673,0
37228,1
17957,1
13153,0
48556,1
17123,0
40030,1
4711,0
1884,0
17758,0
24062,0
57847,0
24521,1
6026,1
50317,1
69697,1
821,0
15961,1
51412,1
21958,0
68311,0
50876,0
43337,1
23483,1
58998,1
70697,0
43833,1
49768,0
25464,1
13676,1
60502,0
37486,0
29043,1
23460,0
33650,1
65534,0
10332,0
58509,1
63639,1
52973,1
51361,1
34788,0
42130,0
8374,1
27220,1
72354,0
39173,0
25064,1
74300,0
29020,1
63889,0
3038,1
42128,0
45567,0
22253,1
61948,1
64648,1
72888,0
62925,0
51609,1
53922,0
36742,0
72062,1
47069,1
37214,1
51920,1
3381,0
57977,1
75663,0
62772,1
25530,1
63614,1
59368,0
72447,1
31947,0
23652,1
72573,1
45140,0
46380,1
63623,1
32329,1
58774,1
33028,0
31711,0
57998,1
56962,1
70780,0
28964,1
44117,1
73720,1
52365,0
42371,0
1477,1
22755,0
31619,1
37329,0
69760,1
37839,1
45015,0
58776,1
29662,0
43468,0
51472,0
61391,0
67141,0
6226,1
11128,0
846,1
54713,1
73041,0
33186,1
36599,1
33850,0
74942,0
71582,0
51126,1
41213,0
67657,1
14089,0
46935,0
5649,1
3915,0
29403,0
16079,0
23177,0
43091,0
66543,0
26041,1
28694,1
53740,1
23548,0
62955,0
69973,1
11488,1
51114,1
71348,1
55474,0
48533,1
65565,1
23489,1
18090,1
23986,0
48282,0
7559,0
29789,1
50656,0
35272,0
42117,1
45300,1
53311,1
71289,0
53802,0
56080,0
26199,0
24876,1
50235,0
46051,1
34819,1
46209,1
64575,1
29143,0
73414,0
41930,0
44121,0
35934,1
37044,1
117,0
17512,1
14573,0
33833,1
22870,1
29957,0
30642,1
5160,0
32017,0
68616,1
37237,1
63697,0
24739,0
12044,0
29823,0
51976,1
46621,1
75477,1
55916,1
20800,1
39144,1
31974,1
51344,0
51165,0
7827,0
53419,0
66478,1
13257,1
20542,0
3682,1
12867,0
60741,0
21104,0
22395,0
9165,1
74,0
49111,0
3207,1
49572,0
60168,0
60263,0
56496,1
8645,0
38044,0
57968,0
36228,0
30738,0
27417,1
62035,0
3643,0
42182,1
71133,1
42929,1
59789,0
30239,0
70509,1
22058,1
59199,0
21070,0
68228,1
44971,1
27842,0
19592,1
15996,1
67335,1
54695,1
41513,1
67029,0
24029,1
39689,1
4052,0
74795,1
73039,0
6228,1
48724,0
50631,1
22467,1
52334,0
62006,1
63266,1
63960,1
31896,0
2408,1
46860,1
29606,1
56029,0
19199,1
18279,1
74140,0
47158,1
75487,0
52294,1
75121,0
26620,1
64304,0
30843,0
4898,0
34712,0
47913,0
28206,1
73986,0
72361,0
36437,0
75502,0
20593,0
50011,0
54030,1
13368,1
20056,0
6288,1
55178,1
59923,0
989,1
67702,0
73668,0
12581,1
61891,0
40191,0
35468,0
23426,0
17922,1
51081,0
68638,0
41341,0
58032,0
46655,0
34280,0
38728,0
63478,0
41304,0
68139,0
61115,0
74148,0
50590,0
28714,1
65605,1
70074,1
31021,1
67370,0
74538,1
36730,0
12524,0
3785,0
11769,0
44233,0
50093,0
52326,0
12571,1
56897,1
6670,1
9831,1
75319,1
19681,0
50086,0
43844,1
30103,0
18931,1
37382,0
42401,0
4895,0
10852,0
132,1
75326,0
31450,1
39534,0
57792,1
11116,1
3082,0
41393,1
38166,1
68432,0
62978,0
62635,0
42656,1
40551,1
482,1
14834,1
2693,0
27515,1
6908,0
45183,0
13587,0
53278,1
32475,0
85,1
62068,0
52980,1
53589,1
68160,0
393,1
44664,0
69217,1
73646,0
68526,1
37926,0
13074,0
62215,0
38729,1
8835,0
59369,0
9606,0
73965,1
72833,0
3065,0
55485,0
42527,0
42426,0
63655,0
6644,1
63457,1
62976,0
8534,0
14630,0
49865,0
65930,1
15082,1
9888,0
12889,1
46675,0
8840,1
70906,0
46350,0
31344,1
42919,1
32364,1
41800,1
44644,0
11855,1
8083,0
36107,0
69364,0
34312,1
1721,1
1799,1
70495,1
65971,0
20834,1
5129,0
35746,0
48138,0
13554,0
68452,1
47900,0
65467,0
27354,1
35570,0
23065,1
31332,1
59076,1
58548,0
39615,1
7015,1
27211,1
32493,0
61898,0
43092,1
39469,0
62926,1
13537,1
3536,1
73207,1
39158,1
11234,0
4069,0
63982,1
18992,0
66319,0
16229,1
46210,1
25393,1
13727,0
38615,1
75421,1
16021,1
4541,0
49497,0
12174,1
20108,0
67341,1
1592,0
63771,1
66082,0
68501,0
26251,0
35973,0
33021,0
44646,0
67055,1
64311,1
35482,0
36991,1
38817,1
19301,1
62966,1
48787,0
47946,1
24538,0
65739,1
48023,1
45066,0
21657,1
37937,1
54458,0
13590,1
32099,1
17753,0
41809,0
29842,1
934,1
32646,0
6938,1
57985,0
26402,1
38659,1
56707,0
33526,0
58785,0
54070,1
60540,1
40571,0
25394,1
14190,0
26269,1
47521,1
10206,0
16628,0
23012,0
62256,0
61994,0
60289,0
28318,1
22812,1
29517,1
7853,1
415,0
43706,1
36392,0
6941,1
67861,0
27586,1
69530,0
10160,0
15026,1
35526,0
30655,0
34867,0
73148,1
68974,0
69978,0
43199,1
75084,0
3984,1
21883,1
69518,1
62584,1
7125,0
38098,1
63524,0
52601,0
32937,1
52277,1
71223,1
7407,0
49155,1
26329,1
56235,1
28212,0
32477,0
50237,0
29728,1
17292,0
31281,0
42566,1
54385,1
75708,0
72919,0
56640,1
46874,1
45535,1
36064,1
26378,0
60435,1
64646,0
70065,1
40718,1
48012,1
57752,0
3213,1
824,1
65705,1
18311,1
51262,1
6287,0
30955,0
18847,0
2807,1
60022,1
345,0
41261,1
40976,0
8576,1
20055,1
37558,0
65420,0
49468,0
73992,1
16213,1
33244,0
66025,1
51722,1
28239,1
36148,1
32075,0
14565,1
31035,1
51690,0
49078,0
43376,1
48933,0
54776,0
18891,1
50944,1
4092,1
14749,0
61992,1
59801,0
75763,0
34522,0
46858,1
28286,1
45970,1
44492,0
72698,1
15156,0
36901,1
15074,0
9762,1
73163,1
36093,0
2259,0
13318,1
72448,0
53105,0
29751,1
55411,0
37857,0
4740,0
46098,0
69499,0
64319,1
21139,1
39420,1
52345,0
58769,1
22742,1
72393,1
75028,1
47763,0
53058,1
68321,0
20465,1
11818,1
70611,1
51134,0
69403,1
1777,1
74408,0
11907,1
22343,1
14948,1
41185,1
66632,0
23675,0
16956,1
61592,1
40602,1
56304,0
43265,1
2268,0
1006,1
67025,1
45385,0
10180,0
7064,1
66784,1
49624,0
56919,1
69032,1
35541,1
51999,1
64357,1
72497,0
33984,1
69040,0
38447,0
53635,1
14434,1
37266,0
63732,1
61525,0
69543,1
35618,0
11630,1
72534,0
36816,0
2191,0
22402,1
10161,1
51555,1
6974,0
41093,1
69737,0
47864,0
48871,1
38090,1
50003,0
73981,1
20596,1
42891,0
50415,1
15545,0
23987,0
20444,0
20301,1
14606,1
12053,0
40051,0
7871,1
70793,0
16854,0
51335,0
61895,0
25821,1
33048,0
59379,0
11346,1
18916,0
47145,0
68307,1
59330,1
46160,0
20626,0
29801,1
11666,0
39814,1
15366,0
74949,0
16051,0
33091,0
72831,1
38170,1
17233,0
75289,1
20572,0
22349,0
20697,1
41964,1
74235,1
38913,0
61470,0
41054,1
51030,1
3010,0
1098,1
48873,1
22558,0
38072,1
60356,0
69709,1
25861,1
72482,1
62531,1
30652,0
69507,0
68420,1
22908,0
4076,1
46643,0
27451,1
65724,0
23510,1
50326,0
31340,1
39894,1
65550,1
20537,0
37168,0
54562,0
29034,1
43965,0
1236,0
66808,0
70133,1
33178,0
25622,0
50902,0
55694,1
68331,0
44509,0
24879,1
66931,1
38670,1
55809,1
21027,0
3981,1
24636,0
42313,0
43867,1
56359,1
42781,1
67290,0
58318,1
48351,1
4016,0
72175,1
18770,1
34486,0
44061,1
70688,0
51890,0
37659,1
25014,1
46589,0
4465,0
20807,1
50305,1
67120,0
27950,0
46730,0
55400,0
66816,1
48784,1
64120,0
9947,0
42475,1
60764,0
32417,1
50647,1
44363,1
57010,1
35571,0
21686,1
31589,0
3783,1
40963,1
6874,0
4074,0
24991,0
54616,1
49510,0
55137,0
23322,0
36296,0
44895,0
4170,1
9399,1
24936,1
17527,1
60585,0
34802,0
73308,1
60351,0
3084,1
43323,1
27146,0
24935,1
15614,1
37800,0
28151,0
19505,0
50346,1
67050,0
3204,1
39201,0
30058,0
72379,1
7221,1
40094,1
33903,1
22168,1
21413,1
1550,1
60241,1
32807,0
72642,1
54325,1
33202,1
71808,1
2156,1
59614,1
13850,1
16982,1
28111,1
73716,1
19119,0
5036,1
73880,1
68556,0
40496,1
31347,1
38927,1
347,1
34699,1
63426,1
47321,1
61363,0
25055,1
56458,1
71275,1
69369,1
52740,0
17896,0
56684,0
34112,1
39600,0
30327,1
42195,0
9994,1
20384,1
63246,1
51464,0
29386,0
38486,1
74658,0
11109,0
44273,1
19466,1
26017,1
14391,1
74193,0
62107,0
53374,1
28403,1
52699,0
68398,0
19829,1
49980,0
20636,0
24245,0
42403,1
5693,1
37505,1
19991,1
55054,1
10189,1
42565,1
10322,0
5950,0
33100,0
54935,0
30157,1
54473,1
47292,0
45522,0
28918,1
2593,1
42173,1
33635,0
16634,1
2966,1
62210,1
28340,0
44653,1
21155,0
58734,1
51744,0
64637,0
52819,1
46793,0
12996,0
8752,1
5026,0
16698,0
6653,0
50412,1
12247,0
7165,1
18023,0
33748,1
48699,1
19525,0
55045,1
21535,1
61670,1
54884,1
49486,0
25114,1
28118,0
3378,0
6009,1
29943,1
56363,0
68102,0
5994,0
3412,1
23450,0
72274,1
31585,0
68339,0
51823,0
45523,1
38724,1
70888,0
59651,0
49999,0
58781,0
11343,1
48667,0
74515,0
26400,0
21340,1
33524,0
44710,1
55891,1
68264,1
53251,1
59105,1
24867,1
34403,1
9327,1
13993,1
55107,1
42246,1
14331,1
54854,1
69535,1
6595,0
35174,0
6328,1
34687,1
46622,0
55967,0
40678,0
70406,1
20766,1
25793,0
65578,0
41858,0
3635,0
46476,1
25920,0
35871,0
21087,0
66654,1
58027,1
51406,0
48260,1
28912,1
43077,0
49408,1
63394,1
43947,1
30952,1
12727,1
69526,0
36003,1
39432,0
59003,1
65645,0
55403,0
2965,1
10985,0
68973,0
70983,0
66608,0
9180,0
39339,0
32077,1
48333,0
67209,1
68489,0
74500,0
58709,1
59582,1
25900,0
24782,1
66624,1
27986,1
38883,0
56463,0
10687,0
6284,0
44284,0
69660,1
12997,0
30126,0
40154,1
16861,0
14480,0
16976,1
45863,0
46256,0
21556,1
9902,1
37455,1
49179,1
69451,1
39687,0
38193,1
32879,1
66731,1
48113,0
59231,0
13082,0
9991,1
71538,1
13673,1
45228,0
63989,1
8042,0
5990,0
59944,0
67062,0
9611,0
72648,0
10280,0
28823,1
57200,1
32455,0
6081,0
8798,1
49374,1
34840,0
74226,0
72457,0
62958,0
19405,0
17682,1
47025,1
13653,0
56632,1
29479,0
65140,1
30113,1
14998,0
11328,1
59778,0
21808,0
1335,0
63464,0
22126,1
75119,0
49541,0
44281,0
55308,1
60308,0
28535,0
54765,0
56881,1
74819,1
29377,0
17165,1
29956,0
27603,1
23982,1
54928,1
46423,0
70915,0
25413,0
63302,0
69733,0
72956,0
14798,1
10427,1
33448,0
4163,0
31080,1
70032,1
58002,0
34937,1
74495,1
15496,0
53467,0
69477,1
46026,0
38782,1
53864,1
20269,0
1079,0
60126,1
37729,0
5358,1
41761,0
5979,1
42689,0
47919,1
34503,1
60565,0
34282,1
13360,0
25280,0
12236,1
16434,0
56199,0
57881,0
61759,0
64783,1
705,0
21334,1
22970,0
28785,1
22902,1
26485,0
46441,0
40105,0
4984,0
35712,1
50264,1
66730,1
38475,0
66386,0
57812,1
7383,0
4413,1
13749,0
34401,0
27918,1
8276,1
43602,1
35260,1
55106,0
52991,1
21174,0
52791,0
3538,1
58536,0
24299,1
23325,1
66389,1
21965,1
34431,1
45287,0
47670,1
10403,0
49676,0
28491,0
60619,1
13226,0
4453,0
31247,0
70598,0
66501,0
65642,0
48222,1
70567,0
31087,1
3066,0
64630,0
65955,0
31575,1
10608,1
59770,1
28937,0
15513,1
6580,1
13997,1
47789,0
1417,1
56973,0
59229,0
52010,0
2594,1
21286,1
34987,0
71367,0
63847,0
74015,0
34464,0
18566,0
1963,0
55150,0
35065,0
32701,0
70573,0
2276,0
44387,0
72087,0
52127,0
2363,1
38326,1
63168,0
67580,1
3684,0
55811,1
77,0
74320,1
12126,0
32347,1
65698,1
55120,0
10451,1
26859,0
67315,0
3369,0
53937,0
13910,0
29788,1
14367,1
68135,1
32463,1
56187,1
6126,1
64856,1
61894,0
45091,1
43042,0
25641,1
26926,1
18953,0
47399,1
2637,1
49035,1
71279,1
56489,0
63778,0
70730,0
23626,0
75350,1
56874,1
25238,0
69263,0
20797,1
69104,1
17660,0
29312,0
10629,1
44258,0
15184,0
74533,0
29209,0
66453,1
30338,1
75158,0
61339,1
52582,0
21284,0
64891,0
19351,1
28857,0
44784,0
70805,1
73568,0
34710,1
58591,1
12413,1
4385,1
63528,1
55145,0
56484,1
43094,1
58953,0
69133,0
36218,1
18469,1
34183,0
21446,0
11129,0
50479,0
31539,0
50666,1
40621,0
43041,0
40760,0
68424,0
45693,0
74984,1
46227,1
56455,1
25830,0
28703,1
35365,0
29045,0
25403,0
1714,0
3458,1
67418,1
19404,0
25536,1
24514,1
4244,1
53636,0
20603,1
11416,1
19279,0
72260,1
58210,1
66663,1
4912,0
3500,0
33587,1
72855,1
38371,0
55234,1
8503,1
47345,0
57666,1
34583,1
64736,0
40424,1
3050,1
16235,1
723,0
52329,1
5773,1
60487,0
61264,0
70092,1
66065,0
11315,0
2357,0
72364,0
23084,0
38217,0
66550,0
289,1
37712,0
72432,1
23580,0
49575,0
28743,0
28433,1
50989,1
54154,0
43085,0
51163,0
1177,1
7008,0
23613,0
31063,0
46986,1
41650,1
52175,1
60419,1
21305,1
13357,0
50976,0
70487,1
56797,1
75770,0
67541,0
66125,0
27597,0
72821,0
23184,1
74120,1
62400,1
31279,1
49477,1
73521,1
5187,1
58106,0
68335,1
37139,0
32920,0
69646,1
71105,0
49416,1
55712,1
73687,1
54442,0
25285,1
49791,0
43599,1
23951,1
2775,0
1819,1
31346,1
74630,0
56366,0
1012,1
56599,1
62943,1
53930,1
70302,0
14362,0
9493,1
50247,1
32436,1
35091,1
54749,0
60957,0
74358,0
64907,1
67080,0
46501,1
4588,1
55575,0
16635,1
54532,0
2746,0
49118,0
19893,0
3377,1
29571,0
51261,0
55317,1
6095,1
38900,0
58443,1
16753,0
46539,0
69099,1
71485,1
72560,1
52357,1
32283,1
30746,1
46941,1
1488,1
62553,0
22346,0
69847,0
73372,1
41142,1
64950,1
4008,1
72226,0
29542,0
38004,1
67346,1
67911,1
26902,0
67748,1
7000,1
898,0
40167,0
63976,0
44908,1
15007,1
23407,1
38448,0
68852,0
20312,1
68241,0
25809,0
4248,0
39528,0
64069,0
30130,0
40871,1
18166,0
21172,1
4837,1
10566,0
37307,0
27461,1
51723,1
30930,0
21793,0
32270,0
70724,1
50771,1
55293,0
11892,1
52396,1
74194,0
30833,1
31946,0
1315,0
42560,1
9917,1
66310,0
62359,1
71248,1
38045,0
33306,1
12621,0
11463,0
59964,0
27861,0
25437,0
33564,1
29635,0
41163,1
75204,0
23784,0
72336,0
42956,1
47249,1
51695,0
56976,0
43652,1
65950,0
69929,0
36426,0
51052,1
872,0
46808,1
69820,0
16150,1
64577,0
72106,0
5440,0
9250,1
18761,1
20859,0
48471,1
54416,1
61944,0
42695,0
46338,1
57963,1
55519,0
74516,0
28479,0
74710,1
17507,1
54275,0
29193,1
62708,1
53932,1
72849,1
12165,1
42996,1
55843,1
37968,1
24129,1
73011,1
38305,1
41889,0
23807,0
22317,0
23079,1
57678,0
73561,1
47589,0
12886,1
14730,1
20076,1
31556,1
61967,1
9113,1
42060,0
62314,0
22181,1
34123,1
29228,0
16559,0
28930,1
4798,0
17405,1
30336,1
46139,0
66324,1
35183,1
59349,1
42871,1
16316,1
73071,1
51677,0
16758,1
4322,0
64131,1
2625,1
23389,0
12791,0
34498,1
1520,1
23237,1
53795,0
67499,1
57701,1
72086,1
62742,0
8897,0
296,0
38596,0
21330,0
15119,1
56191,1
46592,0
24672,0
55620,1
3078,1
52307,1
4388,1
16546,1
42502,0
32735,1
7626,0
33851,0
23649,1
15870,0
33842,1
44057,1
72927,0
70304,0
24645,1
13726,0
38049,0
23392,0
28988,0
60338,0
74542,0
39984,0
13271,0
29839,1
22478,1
14482,0
17101,0
42711,1
5980,0
45933,0
35566,0
26680,1
41347,1
39046,0
55230,0
49328,1
9266,1
69520,1
249,1
73966,0
3560,1
28923,1
60907,1
61277,1
21562,1
6303,1
1669,1
38501,1
43995,0
68345,0
44552,0
66736,0
20733,0
7882,1
3096,1
45610,1
17304,0
9231,0
52784,1
26404,1
55833,1
42896,0
75694,0
4116,1
22585,1
16240,1
42655,0
74257,1
65214,0
59341,1
52560,1
74586,1
68742,1
55955,0
74507,0
48506,0
40688,1
54623,0
72604,0
33768,1
63536,0
44434,0
41821,0
65951,1
71810,0
35073,0
40041,0
65713,0
15745,0
66712,1
73873,0
58324,1
74693,1
37160,0
66803,0
38487,0
74424,1
15849,1
35977,0
57180,0
41961,0
20036,1
33435,0
63140,0
28002,1
10900,0
25890,0
57290,0
63507,0
6973,0
37480,1
49362,0
73832,1
69123,1
31697,0
56421,0
2204,1
51766,0
37609,1
12264,0
792,0
9224,1
44269,1
52181,1
50269,1
18066,0
29898,1
32685,1
68881,0
10634,1
42378,1
52523,0
54545,0
57835,1
20172,1
25866,1
36220,0
22724,1
67706,0
2260,1
63867,0
12209,1
36859,1
41625,0
25588,1
45573,0
15963,1
9048,0
57245,1
30515,1
4241,1
2659,1
41803,1
34738,1
17806,1
49864,0
63293,1
74228,1
67907,1
72836,0
41294,1
54788,1
8627,1
41760,1
73197,0
50280,0
26717,0
32886,0
5572,0
69076,1
41987,1
6318,1
28811,1
1486,0
4236,0
38616,0
190,1
4343,1
6437,1
61085,0
41711,0
62745,1
67803,0
43102,0
47600,0
74436,1
39468,0
73386,0
8017,1
58469,0
62842,1
37846,1
65194,1
62321,1
58464,1
33060,1
30549,0
31458,0
6940,1
23539,1
4514,1
42201,0
16103,1
15763,1
67358,0
1527,1
30965,1
46176,0
63752,1
58264,0
13474,1
6965,0
68975,0
22883,0
7416,0
42973,0
69437,0
68149,1
18252,0
51424,0
43274,0
70008,0
51387,1
74387,0
11860,1
8647,0
43745,1
27578,0
14535,0
15202,0
75794,1
40485,0
64923,0
34751,0
40304,0
10869,1
41948,0
13261,0
70340,0
60139,1
32144,1
27473,1
50982,0
30235,0
63418,0
23287,0
48902,0
50796,1
47349,1
14731,1
9023,1
24520,1
14523,0
63910,1
18902,0
52037,1
55892,1
67978,0
30960,0
40702,0
34668,0
45683,1
15749,0
72131,1
23306,0
47144,0
15781,0
58718,0
63785,0
35374,1
7114,1
65981,0
58065,0
2149,0
21375,0
53923,1
29617,0
41617,1
8734,0
74853,1
59397,0
68254,1
66815,1
65972,0
39637,0
31313,0
31598,0
11994,1
62821,1
75116,0
42634,0
64439,1
74008,1
24847,0
71753,1
12827,1
72091,1
46548,1
66760,0
31494,1
63427,0
63641,1
2780,1
70722,1
35300,0
70027,0
35473,1
57602,0
29182,0
72743,1
53650,1
55295,0
62066,1
25325,1
1418,1
11801,1
57829,1
46331,1
20588,1
19913,1
2288,0
56515,1
73732,0
55165,0
12863,1
18389,1
37391,1
23253,0
20117,0
17278,1
33216,0
55424,1
68158,1
22731,1
71603,0
6778,1
504,1
8457,0
27463,0
30589,0
46562,1
9179,1
60842,0
49163,1
4633,1
66376,0
74505,0
56538,1
68894,0
43932,1
17539,1
11556,1
60302,0
31642,0
6630,1
10874,1
38599,0
35629,0
14686,0
22224,1
15331,1
56413,0
46573,0
48545,0
64546,0
24582,0
68015,0
60404,0
1329,1
20122,1
62858,0
56732,1
769,0
8406,1
47839,0
22620,0
56909,0
56705,1
54742,1
30304,1
42032,0
69510,0
31796,0
25136,0
42490,0
52185,0
33572,0
63598,1
15613,0
22081,0
43952,0
33347,0
23722,1
16913,0
19606,0
48672,1
24404,1
40880,1
3597,0
45093,0
75199,1
6877,0
69355,0
29897,1
36265,1
2825,1
64195,1
43615,0
56749,1
30340,1
17057,0
1099,0
15542,0
71944,1
12614,0
51689,0
42543,1
23866,1
47323,0
36057,1
73191,1
34871,0
22246,1
51701,1
1599,0
45885,0
71958,1
31076,0
24196,1
26962,0
72477,0
15055,0
31601,0
49278,1
50538,0
34035,1
74709,1
44734,1
420,1
25204,1
73674,0
49330,0
19768,0
19291,0
63874,1
20440,1
19717,0
54237,1
70709,0
22710,1
16711,0
12296,1
58255,0
21534,0
56744,1
75690,0
35958,1
13485,0
28097,0
11103,1
38156,1
48170,1
6722,1
51989,1
12634,0
36463,0
48893,0
29341,0
63113,1
35651,0
51392,0
4183,0
56321,1
24547,0
48538,0
19935,1
19830,1
38825,1
1150,0
22725,0
10469,1
3199,0
74032,0
67599,1
71262,1
37552,0
14141,1
73538,1
32951,1
56262,0
4646,0
2749,1
16010,0
75337,1
59355,0
50604,1
248,1
2527,0
14264,1
70326,1
27185,1
44172,0
44557,1
2441,1
24206,1
18187,1
6082,0
36661,1
38526,1
43896,0
4399,1
33995,0
3153,1
22535,0
31966,1
47513,1
1087,1
23047,1
60146,0
72311,1
34530,0
1836,1
59294,0
27720,1
70401,1
60244,0
23372,1
54672,0
73676,0
5826,1
9818,1
43004,1
1765,0
16206,1
64792,1
74367,1
38181,0
72089,1
35961,1
24671,1
5018,1
13330,1
40947,0
43413,1
2683,0
16474,0
25335,0
10100,0
66001,0
20253,1
58246,0
16081,1
44257,1
31428,0
16952,0
22220,1
2979,1
71710,0
5323,0
37778,0
22674,1
66742,1
29236,0
34935,0
27398,1
57594,1
34990,1
46972,0
10754,0
50054,0
232,1
9035,1
63222,1
32105,1
24756,1
51244,0
8463,0
49977,0
31239,0
5858,1
2781,1
32476,1
9835,1
3853,0
43765,1
56701,0
65412,0
74735,1
60759,1
63526,1
24413,0
45423,1
6851,1
30101,0
48460,0
57826,0
30528,0
52253,0
43422,0
38780,1
48348,1
1217,1
236,1
11470,1
48482,0
9821,1
46488,1
19889,0
26606,1
16401,0
39787,0
44052,0
16578,1
70282,0
33488,1
932,1
16325,1
31120,0
46211,0
23864,0
74677,0
1886,0
43618,1
71650,1
69579,0
54764,0
36982,1
3645,1
46165,1
37314,0
29168,1
57014,0
57491,1
6513,0
2726,1
37006,1
2555,1
67977,1
61702,1
70321,0
48115,0
36715,0
72066,0
26037,1
38034,0
43251,0
75105,1
53410,1
25968,0
31171,0
7340,1
20092,0
50823,1
64314,0
29444,0
52533,0
28485,1
4848,1
64986,0
66848,1
51515,1
67727,1
754,0
11219,0
28739,0
65608,0
39955,1
21750,0
67068,1
5409,1
31081,0
69809,1
60836,0
60429,0
45806,1
20764,0
48342,1
36961,0
37660,0
8105,1
35732,0
75038,0
16161,1
3416,1
1509,1
26065,0
37225,0
32291,0
19009,0
67585,1
51641,1
46741,1
40604,0
52915,1
72069,1
7394,0
66564,0
57158,1
39746,1
4459,1
27559,1
22780,1
8712,1
47773,1
61231,1
19776,1
41950,0
11584,0
11839,1
14882,1
805,1
13849,0
5548,0
3788,1
19318,1
30195,1
41148,1
10668,0
43938,1
32030,1
52947,0
60046,1
12545,0
67267,1
50350,1
26526,0
42617,1
14285,0
46685,0
68557,0
9410,1
41932,1
57793,0
34251,0
29133,1
54526,0
50565,0
34111,1
42151,0
14001,0
44906,0
17706,1
30737,0
12525,1
12167,0
17264,1
23011,0
75059,0
51832,0
26117,1
3666,1
19796,0
45566,1
32140,0
23249,1
61933,1
63453,0
57605,1
35046,1
6553,1
25298,1
16073,1
25498,1
61888,1
70296,1
17804,1
56654,1
55307,1
8796,1
48461,0
75712,1
75572,0
26070,1
66920,0
47735,0
75485,0
20123,0
21615,1
70310,1
5577,0
12686,0
59006,0
237,0
22355,0
22700,1
10504,1
2523,1
41023,1
61420,0
72128,0
73150,0
54209,1
17442,1
47783,1
45867,0
33557,0
68906,0
67329,1
58037,0
16567,0
65883,0
48674,0
38734,1
72752,0
71039,0
72958,1
35994,0
8370,1
23261,0
13029,1
61973,1
47196,0
49647,1
6496,1
23368,1
56170,0
41965,0
28731,0
45873,1
49761,0
27110,0
59893,0
58416,1
12362,0
59048,0
27917,0
12246,0
39821,1
65332,0
39123,1
71448,1
45875,1
49398,1
63527,0
33531,0
25712,0
67325,1
55079,1
22964,0
53778,0
49771,0
64965,1
47535,1
16318,1
41771,0
47440,1
20062,1
4747,0
12398,0
30696,0
10616,1
10011,0
62048,1
27472,0
6566,1
16856,1
50456,0
17062,1
71326,1
18716,1
35869,1
50367,1
63405,0
68736,1
30677,1
27346,1
19975,0
9075,0
15145,0
46769,0
29001,0
27466,0
64542,1
14764,0
56941,0
7661,1
2244,0
23449,0
40864,1
2131,1
30510,0
2802,1
42657,0
37658,0
35870,0
71733,1
5024,1
41483,0
24572,0
47625,0
22171,1
25268,1
5803,1
27474,0
29763,1
40401,1
11850,1
35853,1
24084,1
48396,0
60721,0
66467,1
8617,0
17833,1
25115,1
39210,0
17018,0
52739,1
48857,1
24873,1
25639,0
21645,0
4409,0
41643,1
36415,1
22469,0
29553,0
54583,1
40215,1
72603,0
5499,1
10401,0
28330,0
38088,1
36096,1
69441,0
50501,1
38443,1
70022,1
3498,1
31186,1
62184,1
45274,0
46747,0
8904,0
11288,1
4364,1
60258,0
820,0
13011,0
29029,1
75699,0
55881,1
26624,1
7205,1
52913,0
16811,1
67127,1
15706,1
21124,0
47140,0
49406,1
63378,1
74298,1
11187,0
2447,1
67968,0
39033,0
30621,0
8793,1
15073,1
64560,1
21511,0
44481,1
54710,1
56188,1
56387,1
70684,1
54315,0
72110,0
54980,0
43238,0
74492,0
18320,1
55964,0
23316,1
58414,0
40209,1
1610,0
1677,0
25613,0
44453,1
16692,1
12970,0
64989,1
27539,1
33345,1
1967,1
63135,0
27676,0
35678,1
7585,1
23897,0
24920,0
64329,1
1568,0
22283,0
51662,1
36695,1
44025,1
37557,0
25844,1
55438,1
30864,1
71743,0
71901,0
32873,0
28141,1
8099,0
47681,0
10309,0
55487,0
28121,1
51102,1
73158,0
64913,1
62515,1
16184,1
56405,0
45148,1
13913,0
49666,0
28067,0
40511,0
74213,0
24540,0
18053,1
74581,0
25525,0
36045,1
72040,0
60142,1
19325,1
32374,0
9336,0
56625,1
21073,1
43680,0
11332,1
38536,0
5737,0
24394,0
34759,0
74523,1
25463,1
35713,0
29224,1
31649,1
52577,1
51916,0
38978,1
49729,1
35357,1
10129,1
43632,1
26935,0
44344,0
23786,1
71596,1
72851,0
21081,0
73487,0
45425,1
74574,0
48945,0
15463,1
25759,0
31072,0
70512,0
73436,0
36745,0
56296,1
71304,0
19388,1
54602,0
50746,0
32568,1
2652,0
16173,1
56540,0
17197,1
65121,1
49168,0
47129,1
45959,0
53254,1
31683,1
66937,0
64825,1
3998,0
55762,0
25374,1
43279,1
1756,1
51589,1
12359,1
65106,0
13037,0
19195,0
70526,0
63699,1
55402,1
38568,1
4269,0
59159,1
49532,0
57638,1
48292,1
75440,0
28462,0
26714,1
62550,0
43399,1
29865,1
52703,0
55795,0
35333,1
54188,0
47731,1
8968,0
38776,0
61958,0
52937,0
33655,0
46071,0
23397,1
23439,1
7956,1
51169,0
70172,1
25230,0
11277,1
20336,0
24180,0
58573,1
46847,0
25943,1
46325,1
5383,1
8379,0
67631,0
40563,1
52319,1
52668,1
7727,1
47374,1
23248,1
66668,1
68289,1
72083,1
31391,0
72211,1
75473,0
75436,0
70753,0
24648,1
40274,0
15446,1
49089,0
14254,1
73914,0
3699,1
29320,1
39912,0
63782,1
51283,0
57873,1
42410,0
60461,0
65523,0
61541,1
40420,1
63569,1
21337,1
49184,1
74659,1
34056,1
59767,1
59776,0
25941,1
10979,0
49726,1
17435,1
37135,0
18117,0
35724,0
4893,0
209,0
18151,1
20330,0
73909,1
1181,1
63779,0
4366,1
20507,1
15507,1
13550,1
42887,0
56842,1
34639,0
6484,0
59985,1
10349,0
34010,1
72520,1
5534,0
27278,1
75242,1
17886,1
30563,0
4082,0
51124,0
13337,0
46553,1
22804,1
32471,1
20809,1
33707,1
15383,0
46569,1
9872,1
66584,0
32363,0
9208,1
64548,0
57745,0
6294,0
61802,1
67049,0
3801,1
35179,1
35935,1
22816,1
15152,0
36427,0
25054,1
33185,0
57182,0
62164,0
16210,0
22330,0
14265,0
33008,0
51681,1
28619,0
62964,0
2874,1
8683,1
40940,1
14097,1
65319,0
38838,0
48069,1
67019,0
31902,0
15783,0
75183,0
70436,1
26853,1
71363,1
66261,0
51880,0
32572,1
75817,0
4923,0
57095,1
44537,0
33698,0
38642,0
62527,1
38258,1
67568,1
7841,1
11536,1
56123,1
62845,1
75497,0
7450,0
7076,1
4055,1
52587,0
6161,1
70267,0
30480,0
49127,0
48935,1
67769,0
62406,1
4093,1
73849,0
14954,0
52667,1
42078,0
21430,1
74141,0
47579,1
47714,0
73757,1
53326,1
1522,1
56385,1
36436,0
75599,0
39362,0
59038,0
73765,1
3435,0
46361,1
66009,1
19317,0
28467,1
7504,1
37704,1
72951,1
58262,0
61382,0
3248,1
9688,1
70591,1
48247,0
5506,1
66980,0
37410,0
46580,0
33926,1
74937,1
23671,0
61764,1
54144,1
29389,0
69862,1
31430,0
34488,0
14296,0
11227,1
21982,1
13402,1
22230,0
14219,1
13884,0
74706,0
62634,1
57301,0
71926,0
22893,1
50935,1
71962,1
2182,0
11667,0
40000,1
17841,1
22166,1
57451,0
12338,0
50992,1
48399,1
39359,0
24897,1
43005,0
33819,1
55006,0
69503,0
2789,1
8061,1
35878,0
8284,0
45445,0
53730,0
49805,0
44084,0
19673,1
41481,1
29306,0
59193,1
11783,0
26365,0
52581,1
39235,1
64372,0
58813,1
23769,1
71896,0
73758,0
33368,1
39195,1
58297,0
1895,1
25952,1
37869,1
22009,1
60446,1
7514,1
27923,0
7486,0
59755,1
43637,0
63775,1
60348,1
40987,0
51814,0
32627,1
75744,1
42239,1
65254,0
75097,1
4462,0
72221,1
19507,0
27660,0
53613,0
34374,1
27342,0
39371,0
64370,1
51201,1
13804,0
55042,0
4630,1
9858,0
70505,0
62840,1
54046,1
51854,1
47039,0
44681,0
52068,1
11153,0
18161,0
28270,1
30446,0
68330,1
4940,0
10335,0
29433,1
23904,0
20090,0
33123,1
61486,1
19416,0
66987,0
16558,0
7343,1
3310,1
23885,1
37969,1
63688,1
480,1
41691,1
43684,1
42113,0
65890,1
9791,0
29871,0
66151,0
21678,0
64662,0
60662,0
74843,1
62722,0
22236,0
16387,1
34884,0
74161,1
7590,1
72050,0
52564,0
12535,0
74199,0
49739,0
42394,0
1727,1
61884,1
33112,0
39168,1
56592,1
3276,1
27823,0
73505,0
70989,1
25507,0
55016,0
74707,1
4114,0
65886,1
47354,0
24369,0
20057,0
19655,1
29674,0
10301,1
44987,0
17990,0
67998,0
27963,0
68708,0
37851,0
25782,0
10606,0
56307,1
13149,1
36482,0
69158,0
51120,0
29202,1
40675,1
29872,1
29060,1
56062,1
20109,0
27339,0
60899,1
25612,0
72442,0
9386,1
32993,0
46998,1
48542,0
34727,1
45688,1
45766,0
30091,0
74110,0
31597,0
29047,0
31993,0
75468,1
53659,0
41424,1
74845,1
51465,0
5249,0
65531,0
2590,0
52591,1
41595,0
72614,1
34553,0
19584,0
22555,1
3070,1
48387,1
27459,0
71226,0
19138,0
67824,0
26106,1
37654,0
8820,1
74474,0
42446,1
15054,0
9885,0
75508,0
3617,0
61128,0
28759,0
1717,1
59186,1
42514,1
45146,0
68646,0
47968,0
33946,1
10031,0
21507,1
54240,1
3961,1
54202,0
8455,1
64571,1
37495,1
19394,0
56031,0
28980,0
68893,1
31091,0
22645,0
58393,1
37059,1
32506,0
71607,0
66018,1
25265,1
49737,0
51838,1
36117,1
33685,1
26177,0
60215,1
25838,0
47639,1
2365,1
53840,1
45889,1
57716,1
8686,1
44545,1
66636,1
58233,1
49869,1
11898,1
20277,0
28390,1
32229,1
8624,0
7411,1
65496,0
58821,1
12504,1
36633,0
35905,1
22278,0
10480,0
19089,1
33468,0
44012,1
60519,1
55622,0
48875,0
64631,1
61707,1
18236,0
31673,1
26051,0
63428,1
42992,1
65233,0
40650,0
64355,1
13293,1
22982,1
27972,0
6894,1
47075,0
43846,0
53436,1
41739,0
33523,0
43142,0
58200,1
65753,0
22140,0
22102,0
15801,0
33462,0
7708,1
21953,1
72556,1
31963,0
30783,1
39255,0
34713,0
43547,1
64343,1
28592,1
61742,1
59569,1
55866,0
74608,0
20693,0
6404,0
39295,0
73383,0
10946,1
11598,0
65525,0
68992,0
63857,1
47156,0
23839,0
10726,0
67506,0
31716,1
64130,1
39889,1
20400,1
37437,1
48681,0
70747,1
58970,1
16063,0
36999,0
57356,1
9613,0
25557,0
50840,1
13575,0
4384,1
32271,0
24205,1
17780,1
12409,1
57529,1
58827,0
25962,0
5064,1
45127,0
15710,1
56566,0
26890,1
40777,1
23832,0
55360,0
32567,1
30216,0
9742,0
47296,1
19106,0
74369,1
1570,0
64413,0
6400,0
62442,1
45281,0
12808,1
24690,0
6003,0
11037,1
67848,1
15015,1
35438,1
73344,1
67932,1
6648,1
51963,1
54028,0
15409,1
44558,0
59042,1
43866,1
74074,1
12925,0
45499,1
22960,1
6175,0
14012,0
1780,1
23927,1
6628,1
61930,0
11188,1
3570,0
30376,0
72488,0
46660,0
71415,0
27725,0
47916,1
43665,0
36314,0
55761,1
10297,0
73728,1
51640,1
12152,1
33840,0
7829,0
60757,0
67188,0
71433,1
69411,1
39167,1
50766,1
10426,1
13848,0
9429,1
27191,0
50216,0
18616,0
73868,1
4406,1
70855,1
44224,0
22844,1
26454,1
20873,0
39938,0
4968,1
74084,0
64350,1
45202,0
49802,1
72606,1
20263,1
50818,0
58680,0
30454,1
31213,1
21914,0
30626,0
18173,0
69685,0
24731,1
73464,1
55986,1
55718,0
74337,1
65013,0
8824,0
38290,0
55103,0
41072,1
26678,1
47674,1
8588,0
14658,1
52965,0
28906,0
73079,1
58137,0
14968,0
55056,0
63048,1
47159,1
40681,1
21669,1
44248,0
70588,0
34726,0
9571,1
1234,0
52278,1
62507,1
25887,1
56801,0
56025,1
42868,0
54568,0
62525,1
51137,1
60207,0
497,0
1697,1
53039,1
24681,0
61463,1
27784,1
6651,1
22255,1
127,1
61775,1
14173,1
30131,0
53665,0
1102,0
32307,1
42287,0
63195,1
62424,1
35916,0
31193,1
29085,0
50035,0
44223,1
58175,1
58500,1
51913,1
3244,0
124,0
36149,0
34962,0
48975,1
19702,0
37255,1
13405,0
55024,1
61750,0
19431,1
65949,0
72700,0
33491,0
70469,1
62102,0
41210,1
74091,0
13689,1
64500,1
68442,0
28378,0
38183,1
3442,1
68328,1
45819,1
36993,1
42026,0
374,0
59603,0
72755,0
36102,1
27887,1
23665,0
31684,0
69604,1
25881,0
14109,1
52300,1
73420,1
7345,1
52579,0
74705,0
3429,0
48462,1
71572,1
12802,0
31809,0
3476,0
18727,1
26656,1
90,1
64241,1
3420,1
30208,0
3755,1
37111,0
29058,1
7703,1
15784,1
58058,1
71609,0
8357,0
67592,0
34520,1
75219,0
36461,0
49574,0
19023,1
52374,0
45805,0
21773,0
31873,0
5779,0
50703,0
70137,0
71490,1
23024,1
8437,1
32315,1
66378,0
66628,1
28324,0
19680,0
17727,1
5694,1
64168,0
26823,1
14927,1
14784,1
29348,1
5606,0
68853,1
59844,1
56788,1
57122,1
59568,0
49390,1
5709,0
44136,1
40406,0
44961,1
27537,0
67746,0
12354,1
55491,0
57490,1
59616,0
61002,1
56286,1
16072,0
44002,1
53388,1
43014,1
4715,0
4103,0
15987,1
68643,0
68946,1
72378,0
34384,1
6367,1
54899,0
43356,0
8609,0
7155,1
11921,1
50268,1
14439,0
74250,1
66989,1
47841,0
38910,0
532,0
42589,1
2860,0
50463,1
55420,0
40029,1
11248,0
69860,0
67343,1
18290,0
61961,0
69126,0
4753,0
983,0
24927,0
2113,1
46684,1
56927,1
63978,1
67117,1
61966,0
33959,1
20151,1
17554,0
42323,0
33051,1
50351,0
4650,1
64285,1
67487,0
8420,1
68210,1
15266,0
72738,0
35209,0
65124,1
9130,1
73452,1
45024,1
50621,0
8491,1
61248,1
36978,0
7855,0
12877,0
49708,1
43776,0
11225,1
66178,1
74852,0
50119,1
17960,0
47016,1
48127,0
22900,0
1123,0
15939,1
67511,0
10494,1
68419,0
1757,1
1977,1
12566,0
57777,1
3102,0
58224,1
67053,1
59914,1
29494,1
42948,0
18759,1
4105,1
60079,0
3354,1
24326,1
66796,1
4441,0
27238,0
31373,0
31459,0
44938,0
46418,0
21518,0
56709,0
33034,0
63153,1
39779,1
13387,1
39678,0
4652,0
31396,1
31263,1
65869,0
57289,1
9363,0
71558,1
58309,0
5150,0
19457,1
66571,0
66472,1
11013,1
4611,0
25576,0
32902,1
25841,0
32054,1
49586,1
51204,0
50997,0
52000,0
46449,0
24370,1
62934,0
17747,0
55597,0
61591,1
58045,1
19759,0
2722,0
9766,1
7264,0
32410,0
7603,1
6620,0
45603,0
47356,0
74780,0
62597,0
43865,1
62057,1
68323,0
6929,1
3309,1
70743,1
35341,1
910,0
66405,1
8096,1
19456,0
68730,0
37279,0
36551,1
21238,0
31729,0
17129,1
32786,0
13666,0
303,0
599,0
69777,0
54340,1
11390,0
40240,0
67898,1
25997,1
31037,0
56468,1
7812,0
17817,1
7202,1
64744,1
26981,0
56809,0
63741,1
31747,1
15386,0
5433,0
34799,0
17624,1
30187,0
57317,1
55331,1
44128,1
23455,0
31635,0
58929,1
40944,0
41931,1
37153,1
8094,1
9046,0
26505,0
55720,1
52861,0
43476,1
221,0
49970,0
53045,0
59544,1
21801,1
5682,0
53256,0
21061,1
70558,0
5769,1
68898,1
39386,1
36697,1
48203,0
6146,1
20638,1
74421,0
62953,1
18575,1
7466,1
1566,0
59238,0
923,0
12179,1
55814,1
1931,0
54109,0
57157,1
42149,0
66500,1
44181,0
64567,0
38687,0
63002,0
60384,0
5418,0
50223,0
2732,1
24373,1
61794,1
58234,0
28521,1
51103,1
29107,1
14450,0
12935,1
62988,0
58839,1
7234,0
2068,0
36970,1
28475,1
50610,1
20896,1
36327,0
23327,1
73040,1
2485,0
61906,0
38438,1
12572,0
72,1
31885,0
8320,1
32973,0
31036,1
12018,1
45268,0
32779,0
75738,0
28080,0
61737,0
47537,0
5546,0
57368,0
8914,1
2099,1
57092,1
22047,0
2871,0
22167,0
46867,0
37929,1
16600,0
74838,0
45707,0
2990,1
57331,0
24,0
75031,1
22398,0
8877,1
41480,0
28659,1
11528,0
33142,1
16050,0
37478,1
66199,1
72646,0
34155,1
71035,0
9148,0
42469,1
44470,1
65828,1
27068,0
58547,1
34690,1
28959,1
52730,1
55061,0
18821,0
19032,0
24446,1
21132,1
33266,1
17469,1
26006,0
41346,0
24482,0
57921,0
46417,0
39566,1
52140,0
25799,1
63435,1
27161,0
23759,1
53890,1
16750,0
24236,1
67699,1
67154,1
14169,1
44855,1
37137,0
34734,0
51914,0
10560,0
50952,1
47176,0
48176,0
19720,0
28224,0
45907,0
49266,1
5033,1
25848,0
28630,1
1171,1
74639,0
59173,1
35598,0
52940,0
43296,0
54595,1
51825,1
8789,1
22712,0
72803,0
881,0
44685,0
9763,1
12396,0
23993,0
72505,1
11719,0
23810,0
45680,0
69647,1
34890,0
14208,1
50470,0
36355,1
50469,1
62844,1
4609,1
15405,0
47591,1
51,1
9868,1
23490,1
25443,0
60055,1
2344,0
42522,0
23814,0
41792,1
51625,0
37032,0
16442,0
72622,1
29027,0
9028,0
63638,0
51816,1
37356,0
73557,0
15848,1
26960,1
39999,1
55997,1
17345,1
46116,1
55466,1
52252,0
21716,0
29454,0
8632,0
4520,1
59694,1
12241,1
61360,0
70263,1
64490,0
70332,1
72332,1
568,1
62206,1
40394,1
18723,0
72264,0
39139,0
18717,0
12300,0
67072,1
66795,1
62783,0
54791,0
53545,1
52610,0
52573,0
50275,1
14222,0
19185,0
52570,1
73822,0
3735,1
29232,1
2147,1
46966,1
52897,0
60496,1
54320,0
46755,0
57478,1
60359,1
6080,0
8028,0
34107,0
68683,0
25942,0
51902,1
29311,0
26484,0
32774,1
52731,0
27111,1
66120,1
56448,1
17891,1
65857,0
67856,0
14246,1
39450,1
43696,1
54707,1
62243,1
13266,1
56290,1
21597,0
62907,1
58913,0
6627,0
56180,0
41919,0
67277,1
30168,1
38868,1
22480,0
74919,0
50165,1
60945,1
28473,1
53363,0
8462,0
18156,1
63364,1
52403,1
4056,0
49125,0
14832,1
43596,1
1676,0
50594,0
28961,1
67253,0
41061,1
10079,0
68370,1
32618,0
27337,0
40301,0
32224,1
21807,1
13524,1
61513,1
70146,1
32868,0
53239,1
29634,0
58669,1
5833,0
25534,1
10849,0
21625,0
11267,0
46752,1
26611,0
55935,1
64890,0
4644,0
26628,0
68696,1
54117,1
61438,1
40456,1
24996,0
53774,1
66879,1
25233,1
31082,1
20179,0
40417,0
53934,0
8841,0
57582,0
71612,0
46293,1
23787,1
53638,0
7686,1
64181,1
63201,1
32790,0
62325,1
50513,0
45224,0
28370,1
20871,1
54384,1
60318,0
50077,1
4473,1
48359,1
47320,0
1281,1
34676,0
41139,1
62618,1
44501,1
11731,1
34549,0
64104,1
53523,0
7366,1
48731,1
25070,0
55729,1
72875,1
38966,0
22302,0
14297,1
33538,1
49066,1
45564,1
68728,1
59687,1
39159,1
71793,1
5427,0
42599,1
22013,1
44444,0
66999,0
42256,0
19917,0
39408,1
54620,1
11399,0
35163,0
23836,1
59245,0
24279,0
64583,1
8286,1
67805,1
22877,1
61962,0
17239,1
9276,1
74154,0
50204,1
15742,1
20789,1
27550,1
4549,0
22646,0
52733,1
60265,1
47028,1
16751,1
46872,1
2077,1
2354,1
37631,1
16421,1
26403,0
47651,1
43800,0
54029,0
28548,1
39112,1
66914,0
56015,1
51761,0
12650,1
15212,1
24067,0
17122,1
19701,0
67656,0
15455,0
35529,0
37451,1
45840,1
20913,1
39251,0
67393,1
22935,1
12093,0
22056,1
52688,0
16267,1
26243,0
15438,0
35605,0
48633,1
38151,0
8082,0
40803,1
25914,0
71935,1
73483,0
37433,1
67708,0
20662,0
67979,0
3241,0
21795,0
12351,0
30625,0
24728,1
35093,0
4172,0
21827,0
68267,1
48541,1
52930,1
72018,0
64763,0
3847,0
1314,0
43357,1
72726,1
25165,1
62313,0
39963,1
72370,1
73719,1
45749,0
36103,0
8518,1
66574,0
3247,0
47458,0
61616,0
38763,1
63858,0
43677,0
29199,1
5180,1
31594,1
21564,1
32497,0
37911,1
21739,0
27568,1
39086,0
1962,1
37578,0
25640,0
40902,1
7477,1
17013,0
7974,1
40331,0
11049,0
50985,1
61628,1
26104,1
32805,0
10295,0
41656,1
21354,0
70841,0
7499,0
46800,1
14179,1
16614,0
38206,0
243,0
17734,0
57025,1
38515,1
56271,1
38583,0
523,1
40049,0
69573,0
43212,1
52020,1
21820,1
27076,1
12245,1
9582,0
22320,0
11426,1
6289,1
47888,0
55794,1
9297,0
62350,0
16655,0
48694,1
53694,0
53829,0
59852,0
47096,0
42472,1
73811,1
1500,1
6099,1
62810,1
38993,1
22607,0
4215,0
26449,0
5879,0
72954,1
10287,0
42393,1
9814,0
39907,1
35048,1
56659,0
33324,0
26514,1
54447,0
20516,0
18553,1
63632,1
13016,0
73903,1
58630,0
37217,1
21410,0
59639,0
33847,1
229,0
31929,1
33528,0
71727,0
26904,0
47907,1
72900,1
73269,0
24603,0
59328,0
27410,1
40117,0
41912,0
32021,1
40113,1
8891,1
56433,0
29694,0
72358,1
43184,1
45545,0
64390,0
10378,1
55936,0
20734,1
9344,1
61792,0
4935,0
31657,1
38483,1
15919,1
28271,0
42750,0
27517,1
22196,0
35900,1
20138,1
10352,0
75058,0
53615,1
21333,0
24678,1
33392,0
45413,0
37868,1
35419,1
74279,0
38668,1
33300,1
56550,0
2361,1
49812,0
32010,1
9027,1
25986,1
57324,1
65224,1
27375,1
57679,0
8468,0
62993,0
11397,1
3493,1
52743,1
48087,1
57740,1
54779,0
54891,1
43070,1
52430,1
18810,0
40835,1
14647,1
62765,0
40679,0
54462,0
28518,0
41955,1
30880,0
65719,0
48679,1
46725,1
61993,0
71970,0
12583,1
29172,0
38014,0
58306,1
39703,0
5585,0
38425,0
27870,1
53955,1
70424,1
55494,1
10882,0
5075,0
41300,0
99,0
61666,0
18793,1
30534,0
64024,1
66866,0
15001,0
61497,1
11567,0
65741,0
15396,1
21377,0
53281,0
23258,1
25410,1
9621,0
16884,0
34657,0
45498,1
75674,0
8680,0
35462,1
54192,0
71155,1
53708,0
61826,0
17211,1
74758,0
60134,1
48991,0
5099,0
46700,0
32495,0
4803,0
71237,1
9437,1
24767,0
29904,0
29816,1
22517,1
13776,0
50550,1
33205,0
61876,0
32717,0
70878,1
32065,0
25702,0
16598,1
4790,0
31677,0
55973,0
45054,0
74201,1
43122,1
72832,0
46886,1
21806,1
66738,1
29173,1
24063,1
21303,1
24267,0
63315,0
11923,0
62101,1
75804,0
37000,0
45085,1
50556,1
68101,1
33003,0
67365,0
26044,1
67740,0
36706,1
63533,0
38565,1
53479,1
58765,0
5891,0
31406,0
36253,1
12876,1
151,1
6539,1
51666,0
36089,1
61312,0
30593,0
25561,1
2058,0
65061,1
49088,0
28014,0
26834,1
61807,0
52240,1
38877,0
2256,1
58448,0
47260,1
67662,1
30828,1
57778,0
17776,0
13315,0
26810,1
12807,0
36792,1
30447,1
44087,0
702,1
62832,0
11180,0
55874,1
1194,1
2161,1
50131,0
15631,1
54186,1
4552,0
60391,1
22830,1
49438,1
75294,0
67295,0
46435,0
10190,1
67831,1
1899,0
59203,1
22434,1
198,1
64078,1
9663,1
64935,1
66406,0
42065,0
61376,0
21414,0
73097,1
46754,1
35362,0
66417,1
51988,0
58139,0
48441,1
72094,1
47092,0
27915,1
15520,1
63460,0
16868,0
26504,0
14924,1
27982,1
16451,1
67468,0
73194,1
12258,1
68578,0
22643,0
64193,1
30939,1
55550,1
69407,1
21040,0
44768,1
40003,1
17432,0
3184,1
29768,0
45525,0
40798,0
42041,1
26659,1
71775,1
10797,0
35223,1
44195,0
21396,0
28478,0
4126,1
22449,1
28986,0
68049,1
2952,0
27911,1
71340,0
16933,0
60980,0
74876,0
57459,1
59903,1
69467,1
63118,0
43405,1
13854,1
1722,1
53013,1
3748,1
32575,1
8208,1
56301,0
38793,0
23639,0
11204,1
72660,0
56605,0
28601,0
56050,0
5128,0
38155,0
62372,1
1294,0
30969,0
61907,0
21723,0
28158,1
54370,1
7865,0
65587,1
13454,1
49781,0
50180,1
33450,1
73789,0
70357,0
53741,1
29062,0
70913,1
65302,0
16137,0
18101,0
31306,0
59824,1
2589,0
21386,0
7145,1
34393,0
24896,1
54111,1
75781,1
13099,1
72763,0
55381,0
34824,1
18224,0
204,1
52995,1
66789,1
25752,1
49379,1
35736,0
29589,1
33694,1
20407,0
3366,0
72471,0
1671,0
8034,1
62991,0
14464,0
67462,1
29585,0
20199,1
58007,0
11218,0
33509,0
18500,1
42382,1
57992,0
29849,0
44168,0
22905,1
64128,0
13410,1
54119,1
28314,0
62971,1
54001,0
52451,1
13677,1
40646,1
3367,1
2835,0
59901,0
66052,0
19765,1
64480,1
47386,0
51940,0
36361,1
68355,0
62489,0
73613,0
27486,0
54210,1
13775,0
70213,1
47269,1
8154,0
69278,0
15754,1
18581,1
27294,0
24254,0
42746,1
43447,0
62775,0
6274,1
14670,1
8989,0
15273,0
54311,0
21202,1
34849,1
59761,0
65343,0
47546,0
57733,0
28205,1
36342,1
39590,1
67594,0
18615,1
68723,1
46672,0
53825,0
34904,1
12946,0
62864,0
60979,0
5726,1
6136,1
57442,1
11680,1
34634,1
50551,0
56327,1
65831,0
64936,1
51440,0
46984,0
25306,1
5883,0
56200,0
26980,1
52690,1
26785,1
47180,0
24694,1
54016,1
63836,0
48614,0
24317,0
8487,1
40549,0
48943,1
10049,1
36073,0
59511,0
69163,0
7288,1
23847,1
51891,0
67789,0
16343,0
19373,1
67964,0
39541,0
65616,1
21296,0
34432,1
17481,0
36222,1
32722,0
18839,1
70407,1
37844,1
44783,1
18730,0
28564,1
1750,1
27298,0
27504,1
72346,1
33059,1
39,1
17315,1
63605,0
60898,1
14103,1
4134,0
64276,1
49638,0
27322,0
75753,0
9243,1
13207,0
22172,0
41464,1
67065,1
36838,0
64204,1
75228,1
63357,1
8112,0
40567,1
72707,0
34435,1
25051,0
67015,0
34021,0
42430,1
72145,1
33690,0
4744,1
443,1
7303,1
70896,1
48216,1
12384,0
24695,1
45644,0
28351,1
17341,0
23941,0
30406,1
31385,0
55922,0
28283,0
58872,1
53750,0
41861,0
3765,1
46324,1
24660,0
41449,1
10290,0
58060,0
70903,1
46079,1
13906,0
21168,0
2936,0
42619,0
58169,1
75172,1
71684,1
64048,1
2540,1
37908,0
2235,0
63658,0
73233,1
12301,0
33131,0
57492,0
23459,0
31194,1
17227,0
74883,0
37776,1
67762,0
10995,1
4075,0
34718,1
66799,1
14532,1
59353,1
28512,0
338,0
22473,0
37148,1
45159,1
57262,0
22361,0
3269,0
20559,1
25160,0
16145,0
74449,1
16379,1
30937,0
46540,1
54248,0
44042,0
6502,1
14738,0
60541,1
15891,1
71072,0
6158,1
23220,1
58359,1
9419,0
33506,1
42757,1
13371,1
58192,1
5702,1
57506,0
32612,1
2817,1
18792,1
47120,1
73168,0
65691,0
30217,1
46612,1
69325,0
42985,1
59220,0
10637,1
2062,1
57747,1
28329,0
6875,0
16709,1
19572,0
503,0
21425,0
15240,1
49298,1
62998,0
65622,1
14813,1
4693,1
40454,0
70373,0
18812,1
57242,1
52906,0
7079,1
20201,1
26761,0
35955,0
20170,0
44506,0
65085,1
40402,0
14333,0
42444,0
39681,0
68923,1
68091,0
20399,0
26158,0
63715,0
35421,0
38101,1
41572,0
25989,1
16773,0
18736,1
52504,0
4245,1
56217,0
24075,1
75203,0
54661,0
67603,1
5203,0
63317,1
24512,1
66750,1
67672,0
52818,1
61697,1
18897,1
49138,1
16875,1
68972,0
30885,1
53993,1
31469,0
68497,0
20087,0
22277,0
39305,0
53867,0
46662,1
75156,1
63906,1
37640,0
29822,1
49695,1
23357,0
23377,1
51233,1
17985,0
6621,1
35406,1
68521,1
2742,1
60620,1
1267,1
64522,0
43920,1
14587,0
20471,0
16612,1
36455,0
37674,1
38895,0
60605,1
46158,1
43668,1
56224,1
39895,0
59749,0
50281,0
39606,0
53417,0
19735,0
48475,0
54026,0
6708,1
8695,0
2239,1
52722,0
1333,0
67044,0
61043,1
43219,1
40458,1
73349,0
55886,1
73883,1
2551,0
10213,0
34609,1
4605,1
8265,1
61987,1
11349,0
34630,1
18028,0
15705,0
3186,1
34765,0
67995,0
56783,0
29207,1
50279,0
29595,1
30329,0
33067,0
39290,0
68383,1
62756,1
30865,1
65785,1
56340,0
52113,1
22583,0
64331,1
30749,1
13006,0
49573,1
15532,0
13365,0
20398,0
44732,0
41206,1
14421,1
46963,1
61768,1
8941,0
34003,1
38238,1
8073,0
71477,0
72946,0
61223,0
7414,1
27184,0
59332,1
66263,0
487,0
28088,0
57624,1
51050,0
73960,0
11615,1
50424,0
48580,1
61853,1
1043,1
44756,1
29150,0
50889,1
373,0
57284,1
37621,0
38132,1
64450,0
73245,0
14490,1
67005,0
50528,0
71131,0
35858,1
48778,1
25770,0
67427,0
44013,1
31828,0
56545,0
59623,1
1801,0
68528,0
65945,0
3316,0
15429,0
45002,0
54652,1
61332,0
47413,0
1286,1
9388,0
38192,0
17206,0
69381,0
34537,1
38667,1
31230,1
12098,1
28984,1
25349,1
15510,0
61475,0
7839,0
64422,1
52235,0
66005,1
23843,1
5899,1
32245,1
5518,1
55721,1
6614,0
6421,0
41170,0
27819,1
47611,1
40620,1
71033,1
60561,1
68561,0
52271,1
34385,0
57079,1
3362,1
66391,1
31172,0
8839,0
75762,0
59121,0
727,1
18642,1
15486,0
11374,0
23156,1
67871,1
56134,1
17937,1
1361,1
12349,1
62293,1
5342,0
27891,1
15689,1
30786,0
21288,1
31206,1
68152,0
59962,0
35920,1
44298,1
46140,1
18858,1
14037,0
67526,1
35647,1
2027,0
2249,1
12464,0
65856,0
223,0
74589,0
8505,1
23068,1
65582,1
22593,1
8167,0
50065,1
34575,1
36885,0
45665,0
20511,1
31362,1
22487,0
24518,1
8040,1
37967,0
56772,0
72014,0
10806,0
13862,0
57769,0
13728,0
70643,0
67404,0
839,1
7861,0
3483,1
19891,1
47072,0
60442,0
64255,1
39018,0
45088,1
58350,1
33387,0
74567,1
51706,0
30508,1
29127,1
44068,0
67681,0
59255,1
54993,1
29160,1
22580,1
23176,1
44190,0
53474,1
47207,0
57693,0
51065,0
30272,1
12825,1
25691,0
51801,0
58887,1
58211,0
71187,1
3346,1
50136,1
20372,0
63943,0
73827,1
68343,1
15743,0
62441,0
65893,1
17514,1
44874,0
54017,0
63761,1
65699,0
53042,1
30634,0
6255,1
52279,1
2291,0
21475,0
33515,0
32067,1
66275,1
71520,1
7826,0
24659,1
58275,1
28252,1
5258,1
73614,1
57708,0
9516,0
20182,1
67542,0
7671,0
34521,1
7751,0
71917,1
55074,1
53810,1
71667,1
28793,1
64381,0
2793,1
6329,0
69209,1
6759,1
33284,0
28069,1
12250,1
37177,0
19746,0
47307,0
19520,1
24596,1
38680,1
47098,1
30940,0
57713,1
67993,1
28146,0
75168,1
32733,0
53277,0
7652,1
57336,1
41963,1
48728,0
30717,1
24587,1
64453,1
70887,0
27426,1
57164,1
48966,1
20629,1
31311,1
38818,0
16731,0
59248,1
12623,0
6665,0
28711,0
42101,1
10327,1
68582,0
51969,0
67623,0
31994,0
60802,1
867,0
25044,0
32659,1
2183,1
24784,0
32048,1
65956,0
58328,0
30695,1
9018,0
33673,0
18143,0
9159,0
42994,1
3319,1
32587,0
47534,1
33823,1
56310,1
62216,0
70205,0
61909,0
25778,0
17006,1
7592,0
30539,1
536,1
8121,0
5473,1
19909,0
38003,1
3170,0
29117,0
9079,1
64157,0
2073,0
8513,0
35052,0
59128,1
56487,1
61398,0
8552,1
55428,0
5233,0
70440,1
6236,1
72774,0
41235,1
70734,0
10509,0
11398,0
48072,0
8004,1
51146,1
37859,1
25038,0
53970,0
5921,1
10254,0
38634,0
50444,1
32389,0
25971,0
42526,1
63853,0
20544,1
22322,1
6469,1
50903,0
50050,0
35600,0
18591,0
33187,1
19611,1
697,0
43558,1
38960,1
74778,1
49393,1
24558,1
26465,1
44884,1
36421,1
51973,0
49046,1
68368,1
16383,0
9543,0
15038,0
64338,1
52226,0
7226,1
36768,1
24550,0
8024,1
16925,0
19502,0
54822,1
7296,0
6860,0
3255,1
12787,0
60575,1
75471,1
65731,1
19241,1
59054,0
55844,1
4050,1
23898,0
18211,1
7996,1
33275,1
22221,0
28822,1
66643,0
18006,0
46707,0
48476,0
51257,1
16303,0
29825,0
27495,1
25020,1
23349,1
63501,0
60,0
9683,0
69199,1
74816,1
63480,0
61479,1
45727,1
73565,1
63347,0
38769,0
52698,1
52583,1
74791,0
1775,1
47204,0
37734,0
72118,1
18263,1
30274,0
47114,0
41695,0
16190,0
39314,1
15703,1
71691,0
55529,0
7963,1
14559,0
19365,1
33400,0
11017,0
24066,1
4537,0
38282,1
34913,0
15125,0
30035,1
36797,1
33152,0
53845,0
50773,1
63920,1
18348,1
1873,1
18082,1
1763,1
48244,0
12918,1
32345,0
10689,0
7199,1
35124,0
9780,0
51382,0
71748,1
12891,0
7953,0
17160,1
42071,1
12593,1
73248,1
4292,0
3392,0
36258,0
58587,0
71351,0
29742,0
71835,1
909,1
1897,1
45769,1
66580,1
58642,0
64992,1
15945,0
47771,0
28360,0
45474,1
8856,0
54298,1
40313,0
68630,1
24043,0
37023,0
24882,1
68363,0
3634,1
53324,1
30592,1
36146,1
7274,0
45448,1
33329,0
55928,1
51768,1
7500,0
52428,1
35577,0
61563,0
74580,0
19480,0
54584,1
20943,0
53146,1
37086,1
29103,0
14402,1
66906,1
23032,0
15575,0
15835,1
59171,1
46493,0
18851,0
54353,0
44873,1
9995,0
23706,1
6070,1
12075,1
31734,1
28131,0
17834,0
29098,0
39196,1
64875,0
59983,1
55912,1
26277,0
13684,1
70059,1
34086,0
1262,0
43886,0
71878,0
20601,1
49503,1
71196,1
38768,0
11300,1
58902,1
44859,1
54646,1
32331,1
32744,0
53693,0
74057,0
51575,1
13627,0
264,0
65174,0
24666,1
57050,1
69869,1
15726,0
4542,0
72282,1
45981,0
33147,0
49645,0
52613,0
21434,0
1407,0
61568,0
28016,0
33815,1
68835,1
5532,0
16584,0
40735,0
70674,0
55345,0
33168,0
59497,0
73363,0
74216,1
29303,0
30248,1
64466,1
5464,0
11069,1
47938,1
43880,0
21663,1
72419,1
13945,1
40119,1
5730,0
40135,1
22842,1
58385,0
66943,1
24257,0
7690,1
57661,0
15912,1
4880,1
61573,0
23222,0
66611,0
73462,1
30675,1
59053,1
13741,0
21879,0
69256,0
36476,0
28651,1
54630,1
48838,0
25869,0
4099,1
51278,0
55648,0
44571,1
24663,0
2333,1
64253,0
2546,1
74767,0
66098,0
14013,1
9394,1
26674,1
50293,1
60388,0
23310,0
68545,1
74493,0
721,0
66854,0
30856,1
14123,1
50683,0
56264,1
19898,0
68687,1
63539,0
10351,1
57223,0
57801,0
70382,0
64468,0
34951,1
9785,0
47785,0
22371,1
33510,0
57210,0
73161,0
12459,0
61736,1
46688,0
28644,0
23182,1
31555,0
17521,0
53348,1
70433,0
69008,0
49833,1
6695,0
3661,1
18677,1
43373,0
57609,0
10943,0
11273,1
31236,0
42354,1
182,0
39826,1
71446,1
1246,1
6542,1
38890,0
32503,0
16660,1
48239,0
66159,1
63996,1
63640,1
59291,1
42666,1
74527,1
58404,0
50600,1
29149,1
62653,0
56365,1
58836,0
11112,0
68631,1
72287,0
17188,0
57463,1
68309,1
22282,0
42572,1
58751,1
25457,0
19835,1
8619,1
25647,0
33495,1
15056,1
25835,1
60521,0
17303,0
39879,0
34075,0
32564,0
38421,0
36364,1
69111,0
16886,0
51106,1
28847,1
19165,0
29777,1
3889,0
17014,0
50718,0
47501,0
48219,1
1296,0
25239,1
43857,1
39545,1
50265,1
62850,1
10311,0
47023,1
160,1
6459,0
39733,1
149,1
21204,0
38892,1
4739,1
26817,0
42245,0
22873,1
70501,0
11367,0
40792,0
42635,1
53640,0
22772,0
59437,0
22821,0
5922,0
73630,1
30627,1
8347,1
28692,0
24586,1
24998,0
30557,1
73356,0
13472,1
43891,1
74145,0
47189,0
68426,0
58198,1
6017,1
71094,1
12895,0
26458,0
66438,0
61656,0
9123,0
10411,1
66457,0
1535,1
31075,0
57996,1
47635,1
49874,0
20190,1
19654,0
34429,1
23696,1
19760,1
16018,1
17723,1
24864,1
66452,0
35444,1
28660,0
4666,1
15431,0
28753,1
18208,0
51260,0
64229,1
7081,1
29599,1
34864,1
22103,0
30389,0
1713,0
4942,1
54489,1
17574,1
15232,0
26223,1
23320,1
7044,0
48209,0
37669,0
55013,1
59823,1
7232,1
55713,0
56211,0
9599,1
28421,0
59181,1
21800,0
51292,0
39741,0
48765,0
69682,1
8479,1
56853,1
47668,0
31357,0
56457,1
8814,1
40353,1
52719,0
68889,1
1953,0
815,1
29233,1
8710,1
23512,1
65771,1
2769,1
47293,0
9067,0
61416,1
8539,1
70220,0
68697,1
44089,1
71875,0
66693,0
31380,1
9097,0
46009,1
3728,0
18633,1
70772,1
58402,0
63590,0
22175,0
65655,0
66874,0
58511,0
32794,1
50893,1
59232,0
53606,0
51961,1
72902,1
12108,0
631,1
1205,1
15894,1
47266,1
34744,0
775,0
15506,0
71099,0
46598,1
58093,1
19793,0
9190,1
15792,0
11637,1
21198,0
50067,0
60013,1
34804,1
44337,0
21671,1
46170,1
7467,1
30458,1
23729,0
71639,1
64956,0
51526,0
29166,0
47164,0
46416,1
56537,1
66604,1
49994,1
33092,0
30064,1
24872,1
73539,0
47861,1
64210,1
51265,1
73627,0
62612,1
72199,1
50183,1
47094,1
40118,1
60466,1
47637,1
63277,1
46768,0
51013,0
25514,0
25990,1
71082,0
55479,1
1348,1
34487,0
12156,1
75004,1
28572,1
42517,1
66870,1
9173,1
22222,1
6485,1
50246,1
62680,0
10546,0
8879,1
25767,0
10534,1
67970,1
18605,1
30346,1
75461,0
51207,0
72913,1
8048,0
70199,0
44191,1
10456,0
67254,0
58429,0
27803,0
13870,1
5901,1
69211,1
63443,1
17542,1
64528,0
70224,0
49353,1
50181,1
19368,0
45238,0
64934,1
73922,1
33374,1
40855,1
55083,0
57859,1
49838,1
19750,1
48690,1
41199,1
63690,1
71311,1
14696,0
43733,0
41309,1
29834,1
71702,1
69639,0
59865,1
26921,1
53383,1
27609,1
53487,0
39651,1
38152,1
48169,0
64778,1
54142,0
12130,0
7767,1
24949,1
50033,1
48055,0
75194,0
23919,0
4429,1
20059,0
5665,1
54272,1
58810,0
31812,1
58420,1
73137,1
71123,1
67677,1
38494,1
52849,0
66883,0
17028,0
34959,0
24239,1
766,0
17830,0
18398,0
67513,1
69658,0
48363,1
7939,0
60408,0
7945,1
46492,1
41750,0
29767,1
49208,1
53454,1
70790,1
51841,0
42886,0
44430,0
58700,0
45232,0
13167,1
69042,1
33229,0
15051,1
44437,0
42591,0
67310,0
2245,1
61620,1
11996,1
3951,0
17777,1
19755,0
47549,1
74302,0
39620,0
59620,0
29450,0
32852,1
43979,0
20934,1
34359,1
7197,1
30558,0
60701,1
36219,0
48502,0
52672,0
9519,1
31534,1
37421,1
68999,0
68200,0
18525,1
53862,0
42787,1
66200,0
72867,0
36630,0
8557,1
69146,1
37440,0
28818,1
55697,0
62620,0
62067,0
67697,1
5836,0
69389,1
19338,1
19550,1
37084,0
44073,0
64025,0
69556,1
63877,0
52846,1
26650,1
71017,1
14902,0
5641,0
8790,1
83,1
46869,0
35590,0
70799,1
15297,1
75638,1
74150,1
12313,0
11724,1
39755,1
3212,1
15501,0
70136,1
27364,1
49955,1
20189,1
40195,0
52686,0
66690,1
52702,1
1964,0
75317,0
1772,1
50732,1
12207,1
30647,0
67087,0
21809,1
54795,0
49143,1
22296,0
24427,0
37738,1
5978,1
19986,0
29850,1
541,0
15257,1
20865,0
5270,1
35855,0
4237,1
12489,1
37592,0
28008,1
57381,1
39270,1
28698,1
38926,1
73213,0
46840,1
53624,1
29317,0
42164,1
3688,1
66207,0
36879,1
19647,0
52340,1
58410,0
29316,0
57573,0
56020,0
58305,1
10132,0
23634,0
59840,1
23953,0
67328,1
40858,1
8901,0
21802,1
10785,1
36298,0
20318,1
38110,0
34092,1
26093,0
3267,0
15860,0
31408,1
9428,1
38197,0
71590,1
43340,0
74075,1
35125,1
29195,1
74653,0
51754,0
21526,1
44642,0
59435,1
70079,1
19434,0
56794,0
15353,1
71120,0
16707,1
7023,1
69564,1
4988,0
32413,0
47168,0
27374,1
53427,1
16589,0
7611,1
43552,0
15675,0
33015,0
70685,0
25648,1
11632,0
10233,0
26727,1
55994,0
40929,1
55587,0
55449,0
40883,0
22250,0
25351,0
3193,0
30205,0
42066,1
31789,0
31847,1
24380,0
12716,0
25575,0
71516,1
60731,1
20211,1
58256,1
61882,0
49306,1
15124,0
48288,0
42343,0
32828,0
73787,0
59477,0
3104,1
51971,1
73541,0
12546,1
23348,0
7531,1
8442,1
55992,0
44144,1
32705,1
39852,1
49601,0
53976,1
52310,0
60629,0
10138,1
43550,0
66569,0
28802,1
45969,0
40266,1
45830,1
55399,0
12353,0
9978,0
23948,0
20840,1
33844,1
50917,0
51107,0
13245,1
53423,0
39049,1
51960,0
37950,0
49793,1
52167,0
15171,1
68348,0
42135,1
50523,0
39216,1
10834,1
23809,1
29651,0
13885,0
726,1
64213,0
49511,0
43496,1
44556,0
45812,1
15181,0
15039,0
32300,0
39817,0
28437,0
52208,1
3132,1
47710,1
6338,1
9324,0
73585,1
63502,1
34208,1
1846,0
49692,1
68958,0
56967,0
63200,0
62501,0
62974,1
57141,1
34067,1
34565,0
40415,1
52616,1
7964,1
26605,0
59237,1
37274,1
13491,0
69857,0
66617,0
12667,0
1302,1
32501,1
35103,1
29008,1
41859,0
34584,0
30444,1
20880,1
51974,0
64101,0
1946,0
10750,1
8650,0
72139,1
25360,1
37916,0
68271,0
46913,0
30381,0
54841,1
22663,0
42298,1
32535,1
5628,1
54658,0
26368,1
6732,1
52377,1
9295,1
63621,0
74323,0
39971,0
65871,0
10982,1
40181,1
28872,0
71740,0
62658,0
53965,0
7946,1
11710,1
48230,0
1394,0
15586,0
11728,0
41462,0
40473,1
31749,1
26869,1
8888,1
34303,1
51130,0
66857,0
74454,0
12706,0
35819,0
6701,0
71440,1
27666,1
7424,0
20595,1
62227,0
71424,1
62499,1
61137,0
30460,0
14808,1
13523,0
63344,1
61753,0
72029,1
60256,1
67144,0
53368,1
33798,1
7768,0
38302,1
55044,0
39286,1
22321,0
14722,1
30846,0
33539,1
2293,1
50046,0
49875,0
17531,1
16673,0
64169,1
4005,0
14128,1
14184,1
72800,0
43029,0
9422,0
51553,0
30875,0
66641,0
10572,0
26662,0
53655,1
1462,0
67282,1
65808,0
62621,1
68911,1
38745,1
70239,0
16937,0
9789,1
55672,1
47444,0
31505,0
3291,0
64394,1
22636,0
54362,1
55251,0
15897,1
72407,0
25722,1
31205,1
65078,1
68279,1
22904,1
55368,0
3503,1
17074,0
53199,1
53664,0
15900,1
57424,0
71295,1
31383,0
5596,0
49657,0
53989,1
35220,0
46902,0
68621,1
5679,1
30600,0
48918,1
27661,0
30257,0
27752,0
11233,1
24819,0
7709,0
55608,1
18277,0
13118,0
56589,0
26244,0
39565,1
68872,0
35011,1
9444,0
61061,0
12533,0
58268,0
4550,1
13157,1
1007,0
46726,1
13814,1
3904,1
1317,0
35432,1
40134,0
19508,1
36257,0
59228,1
15067,1
73165,1
14104,1
548,0
54131,0
34387,0
40577,1
66101,0
58247,0
19908,0
24249,1
64768,0
41977,1
69726,0
46014,0
16510,1
24061,1
53491,0
36384,1
58855,0
49234,0
70432,0
19086,0
25812,1
51237,1
47054,0
8351,1
49912,0
48859,1
46763,1
10074,0
6836,0
2944,1
55335,0
69434,1
7347,0
21639,0
34887,1
22587,0
6793,1
61839,0
6064,1
53604,0
61798,1
43466,1
10474,0
71555,1
53425,1
72113,1
18755,1
35512,1
67422,0
43921,1
32645,0
42214,0
33369,0
22961,0
32268,0
55696,0
9746,1
53946,0
64918,1
32769,0
9852,0
46396,0
30876,1
60690,0
16147,1
56185,1
30753,1
24188,0
24154,0
34629,1
39442,1
5831,1
29276,0
43185,0
75637,0
49151,1
39745,1
21107,0
32608,0
74010,1
36294,1
55377,0
27215,0
29656,0
8412,0
35805,1
72374,1
23739,1
71431,1
16485,0
14900,0
13128,0
29983,1
22798,1
61738,0
19869,1
38450,0
18209,1
52006,1
25954,0
9645,0
67703,0
30000,1
35760,1
43834,0
75518,1
19962,0
75661,1
73170,0
44186,1
61071,1
56989,1
48154,0
31667,0
22039,0
32001,0
54698,1
44179,1
54600,1
57505,1
23837,0
49646,0
10026,0
38547,1
39564,1
2774,1
40600,1
29832,1
18894,1
25935,0
30226,0
50299,1
75372,1
38126,1
57530,1
12094,0
63791,0
57409,1
58696,1
6679,1
39174,0
69802,0
66594,0
12806,0
45946,0
46631,0
2521,0
70514,1
8727,1
72843,1
22581,1
50723,0
70466,0
67067,1
66334,0
70963,1
4992,0
49843,1
29456,1
25736,0
24017,0
48581,0
9226,0
63725,1
53401,1
52917,0
52355,1
51794,0
27081,0
67632,1
71803,0
7166,0
32344,0
33049,0
4685,1
18708,0
40295,0
40613,0
6373,1
13294,0
10425,0
26932,0
73595,0
18179,0
69984,0
23795,1
51791,0
29709,1
10525,0
35860,1
49317,1
10548,0
75748,1
7914,0
49559,0
11152,1
24358,0
27234,0
74640,1
29809,0
31143,0
57710,1
22886,1
10282,1
11465,1
1947,0
18968,0
69591,0
44781,0
6031,1
45258,0
49674,1
38400,0
30410,1
60732,1
36614,0
22594,1
18809,1
74398,1
28313,1
42244,1
48684,0
56156,1
19722,0
40372,0
15718,0
27698,1
14840,0
74715,1
61331,0
41505,0
72071,0
51980,1
52336,1
44071,1
71932,0
59430,1
7793,1
24922,0
5294,0
52316,1
12673,1
65764,0
2621,1
69633,1
39327,1
61397,0
74644,0
10174,0
40145,0
34466,0
51865,1
41831,1
22898,1
644,0
46724,0
60758,0
33617,0
42372,0
29914,0
19374,0
18110,1
26796,1
51630,0
35548,0
17608,1
32839,0
45356,0
51172,1
31352,0
7571,0
19113,1
61197,1
63047,0
33808,1
16236,0
69870,0
60955,0
680,1
42862,1
53359,1
13452,0
3545,0
1168,0
59273,1
10841,1
1467,1
70996,1
34598,1
31398,1
34724,1
60113,1
42002,0
68702,1
52967,0
64842,0
7876,0
7619,0
6332,0
2251,1
22072,0
11043,0
73032,0
34552,1
53233,1
604,0
11093,0
19146,1
71797,1
65264,0
72936,1
52058,1
10221,0
64566,0
59597,0
52774,1
63828,1
70322,0
56138,0
63221,1
62700,0
12968,0
60149,0
65090,1
19745,0
25907,0
67956,1
15983,1
53038,0
40740,1
42529,0
64457,0
47015,1
24445,1
3883,0
51231,0
46975,0
58904,0
23033,0
1174,1
6834,0
44688,1
54557,0
3933,1
66505,0
10942,1
49861,1
13978,0
33421,1
36254,1
71393,0
28503,0
45331,0
53826,1
71291,1
27704,0
47082,1
59577,1
7615,1
28225,1
22180,1
49606,0
32467,1
58563,0
66325,0
29574,1
900,0
31787,1
69102,0
43875,1
4705,0
34996,1
33340,0
55934,1
70166,0
39459,1
4204,1
10437,0
27516,1
43508,1
68044,1
25777,1
44092,0
1829,0
26618,0
67230,0
37281,1
48155,1
31009,0
18868,1
14724,0
64659,1
52887,1
29304,1
58413,0
14999,0
52847,0
7377,1
8542,1
8007,1
29660,1
3157,1
15652,1
54875,0
36981,1
46950,0
2375,0
70165,0
32322,0
50474,0
11659,0
67573,0
2701,0
9188,0
62343,0
45597,0
48286,0
58166,0
5613,0
49202,0
2297,1
66299,1
32981,1
17494,0
18278,1
10790,1
57623,0
32826,0
28408,1
23774,0
10251,1
19235,0
63773,0
5276,1
63164,0
58558,0
291,0
46040,1
38832,1
11296,1
41851,1
20302,0
10866,1
65406,0
30793,0
73497,1
17769,1
31069,1
67935,1
57753,1
40180,1
50820,0
28615,0
47123,1
62469,1
73225,0
45963,1
62301,1
11819,1
61100,0
72363,0
29330,1
18539,0
11789,1
48526,1
66149,0
15255,1
19303,1
3397,0
18796,1
52172,0
39445,0
21707,0
35621,0
17926,1
55797,0
17679,1
33541,1
49411,0
62596,0
61348,1
19961,0
60745,0
62408,0
55556,0
43475,1
48248,1
2841,0
42405,1
59918,1
16576,0
39471,1
71836,0
19710,1
45016,1
52032,0
15433,0
14068,1
2737,1
1646,1
17207,0
18014,0
67178,1
64973,0
69303,0
12741,0
74864,1
42496,0
18881,0
36723,0
40020,1
17719,1
4695,1
20261,1
34475,0
72904,1
52494,0
17454,0
18889,1
10142,0
7351,1
5252,1
19842,0
17549,1
61662,1
45108,0
54171,1
3923,0
66583,0
22470,0
45003,0
36915,1
14327,0
32614,0
31952,1
1542,1
7324,1
33472,1
59760,0
2190,0
62377,0
4548,0
49607,1
8002,0
13664,0
34042,0
27571,1
34591,0
62663,1
36918,0
7152,0
72856,0
20522,0
21187,0
54688,0
33115,1
63840,0
52661,1
22889,0
20017,0
38286,0
48768,1
62617,1
58043,0
62563,1
48579,0
37866,1
22913,0
38847,0
50805,0
44292,0
901,0
38727,1
15238,1
53446,1
74733,1
56781,0
35966,0
33335,1
50151,1
48211,1
26930,1
15014,0
32113,0
9570,1
4485,1
1487,0
75364,1
24570,1
63591,1
31775,0
64065,1
42718,0
72665,1
27954,0
32325,1
72138,1
29614,1
12365,0
13717,1
15351,0
70582,0
59112,1
51532,0
3834,1
65127,0
5501,1
46028,1
37104,0
28778,1
71302,0
66880,1
64549,1
32846,0
64565,1
38030,1
38542,1
70094,0
71419,0
29370,1
18454,1
53512,1
42,0
55568,1
18516,1
72460,0
54132,0
884,1
7692,1
26338,0
41484,0
5851,1
73283,0
28806,1
9953,0
22774,0
7260,1
25681,1
2393,0
35553,0
18308,1
62902,1
4944,0
35332,0
46390,1
47062,1
54619,0
1081,1
15390,0
2108,0
11339,1
46509,0
41183,1
21075,0
72319,1
54136,0
34306,1
17193,1
22291,0
74962,0
14121,1
31491,1
61288,0
13977,0
52079,1
5088,1
43519,1
38749,1
6167,1
6571,1
72257,0
26240,1
51408,0
9440,0
70200,0
42334,0
73223,0
24191,0
21928,0
72710,1
33963,1
59142,0
21742,1
28282,1
4449,1
55102,0
56393,1
36348,1
40340,0
42720,0
11495,1
27898,1
9427,0
72485,1
60718,1
803,0
54107,1
32176,1
18334,1
38704,0
10443,1
41331,1
4146,1
45809,0
418,1
74974,1
16257,1
28965,0
21872,0
28160,1
30944,1
31156,0
31173,0
36808,1
4927,1
26317,0
33440,1
14188,0
53950,0
33763,0
47488,1
51855,0
26010,1
44410,0
25416,1
275,0
33839,1
15863,1
3179,1
25682,1
1504,1
49195,1
68488,1
65075,1
50884,0
49735,1
21352,0
52398,0
45991,0
47490,0
43700,0
13335,1
35370,1
22516,0
35465,0
73959,1
30622,0
74829,0
23930,0
51639,1
44790,0
59999,0
72366,0
1817,1
46425,1
70564,0
47087,1
59400,0
44250,1
43464,0
34732,1
16115,0
18365,1
73902,0
43749,0
25991,1
7271,0
50249,0
73342,1
38618,1
44271,1
44716,1
55378,1
7412,0
60476,0
61053,0
66780,0
60180,1
8855,0
18754,1
30104,1
61221,1
6109,1
14855,0
10781,0
47601,1
31823,0
47212,1
62253,1
21459,1
8678,0
25776,1
46459,0
41230,0
61367,1
56076,0
53548,1
61879,0
27811,1
30175,0
11298,1
28884,0
66197,1
74238,0
34807,1
23467,0
3401,1
68910,0
61036,1
57401,1
30276,0
1615,1
42612,0
33990,0
1894,0
12110,1
41059,0
60833,0
32478,0
65253,1
19532,0
31688,1
12457,1
66509,0
13748,0
35142,1
5579,1
46827,0
62187,0
57933,1
17398,0
53183,0
16116,1
46329,0
71162,1
48195,1
23642,1
72617,1
3166,1
41246,0
55751,1
925,0
62944,0
73669,1
60112,0
20648,0
67491,0
23335,1
69068,0
39589,0
60972,1
34550,0
2483,1
8902,1
42374,0
64047,1
13810,1
4247,1
70170,0
44714,0
11700,0
54197,1
5280,1
3151,1
73230,0
23423,1
40104,0
71208,0
60613,1
74763,1
22925,1
6503,1
43560,0
11477,1
61368,0
9352,1
47474,1
31411,0
13789,1
40253,1
74676,0
26626,0
39847,0
71303,1
12447,0
58057,1
65804,1
26793,0
33351,1
35418,1
23746,1
4795,1
59195,0
45648,1
5379,1
27164,0
10522,0
62789,0
45132,0
60923,1
42326,0
6313,1
66861,1
64307,0
3637,0
62457,1
70692,0
15140,0
57100,0
54389,1
51054,1
74188,0
7605,0
69290,0
62156,1
62051,1
60171,0
6229,1
13283,0
33090,1
28976,1
18146,0
38518,0
12030,1
48565,0
29608,0
38693,1
62813,0
41328,1
10526,0
17075,0
2703,0
41747,0
12444,0
63162,1
37022,0
54940,0
12680,0
58991,1
40895,1
28996,0
14689,0
48403,0
24934,1
17212,0
52928,0
66613,0
15590,1
1289,0
18360,0
44607,0
20759,0
5403,0
46687,1
21763,1
43131,1
13760,0
41973,1
75305,0
54774,0
31100,0
43286,0
24717,1
1184,0
39041,1
73268,0
60387,1
63895,1
22695,0
54798,1
18378,0
68481,1
32442,1
13219,1
37965,1
47288,0
7922,0
16665,0
74346,0
29373,0
33649,0
10656,1
7973,0
53559,0
7220,0
42168,1
24124,0
41122,1
44738,1
34740,1
37138,1
43940,1
25895,1
54777,0
47319,0
49412,0
58272,0
14723,0
57580,1
28371,0
6643,1
6249,1
33418,1
48131,1
61432,0
41205,1
14349,1
11885,1
26814,0
44951,1
56682,0
34255,0
31516,0
65292,0
9644,0
74718,1
68038,0
67182,1
6365,1
17455,1
2888,1
42008,1
52298,1
22144,1
43038,0
29764,0
6420,0
21048,1
26360,0
62949,0
15050,1
50421,0
36431,0
71840,1
25451,1
29783,1
46783,1
6187,1
7054,0
44342,1
42218,1
946,1
33813,1
23471,1
70414,0
42843,1
75230,1
49369,1
15791,0
9801,1
58441,1
24866,0
70901,0
43574,1
43679,0
14091,0
59483,1
25438,1
70450,0
33777,0
32992,1
53478,1
42828,1
31989,0
32696,1
68680,1
28215,0
35062,0
9054,0
67895,1
13486,0
10019,1
40137,1
46087,1
65875,1
58397,1
51517,1
65193,0
68163,0
52516,1
69363,1
1511,0
694,0
45956,1
6808,0
54686,1
73979,0
2903,1
60104,1
23791,0
10203,1
12151,1
47904,1
51820,1
30780,0
63063,1
34782,0
11592,0
42445,1
73147,0
56799,1
51246,0
49873,1
29283,1
35147,1
54733,0
42726,0
43119,1
29551,0
48635,1
16860,1
7763,1
65269,0
36994,0
55048,0
57751,0
10864,0
43315,0
37576,0
62706,0
52752,1
37232,1
26410,1
41941,0
12668,0
8233,0
7888,1
58957,0
52405,0
34936,0
10355,0
29644,1
54409,0
34362,1
14614,0
27809,0
67752,1
61825,0
44101,1
72499,1
43970,1
18493,0
26071,1
12488,0
72813,0
10278,0
15497,1
60549,0
68581,0
69267,0
34515,1
18746,1
58193,1
44692,0
59733,0
25743,1
70037,1
40142,1
45290,0
46949,1
37948,1
63496,1
13143,0
43948,1
22420,1
12224,1
37385,0
48811,0
19176,0
72608,1
27190,0
73520,0
26667,1
1423,1
148,1
23620,0
52476,1
5786,1
35491,1
23691,1
73475,0
8598,1
13251,0
544,0
45646,1
64675,0
8459,1
20029,0
31816,1
62003,1
53377,0
35567,0
47622,0
58138,0
9695,0
45325,0
59715,0
35175,0
68538,1
36784,0
22788,1
27430,0
39981,1
30133,1
13160,1
18184,1
26509,1
35101,1
18478,1
25137,0
27588,1
70083,1
37096,1
66793,0
16364,1
45465,1
64966,1
26966,0
58910,0
28891,1
50607,0
434,0
25512,0
36112,1
73944,0
64653,0
53099,1
23443,1
54083,0
38473,0
45277,0
9956,1
15084,1
23432,1
47217,1
24902,0
25677,0
74453,0
12765,0
44305,1
13,0
63404,1
67142,1
2087,0
23080,1
37227,1
32427,1
74620,0
5523,1
58614,1
4637,0
30915,0
74568,1
49564,1
28323,1
32159,1
68495,0
11866,1
48257,0
66448,0
3223,0
23069,1
50301,0
73843,1
50587,0
2864,1
56293,0
26897,1
5758,0
33479,1
68512,1
3508,1
75320,1
63079,1
32341,0
7683,0
45817,0
42943,0
50277,1
57422,0
74303,1
55829,0
39941,0
8580,0
8696,1
59909,0
10384,1
39610,1
29222,1
32752,0
62157,1
34577,1
50730,1
23021,0
14252,1
74774,1
50492,0
46287,1
62192,0
16353,1
70167,0
36508,1
35836,1
18049,0
38247,0
57275,0
46531,1
14164,0
44314,0
20235,1
16803,0
11191,1
23854,0
18433,1
2452,0
73113,1
59609,0
66841,1
35123,0
42848,1
23961,1
56313,0
8641,1
40649,0
1720,1
66804,0
11199,1
58604,1
53739,0
28277,1
6281,0
50308,1
62224,1
54846,0
58901,1
19220,1
59775,1
75251,0
49471,1
2850,0
70305,1
3954,1
54,1
45370,0
75777,0
42811,1
67064,0
1766,0
7682,1
387,1
54355,1
24877,1
61583,0
16539,1
14625,0
70202,1
50637,1
41014,1
32597,0
24038,1
42171,1
25523,0
12998,0
65800,1
57739,1
60342,0
22872,1
66616,1
7560,0
53106,1
50253,1
53056,1
3034,0
29824,0
50023,0
51760,0
8818,0
71471,0
38331,1
36856,1
65073,0
61135,0
52260,1
36619,1
42234,0
2413,0
70358,1
57447,1
9652,1
75309,1
47393,0
42029,1
16638,0
73366,1
19057,0
61716,1
2324,1
36862,0
7540,1
37344,0
59768,0
48443,1
49652,0
34323,1
45241,1
75147,0
69886,1
46546,0
6968,1
29556,0
22294,0
25256,0
21452,1
34345,0
50736,0
22650,1
64946,1
70970,0
67779,1
46936,0
40435,0
55591,0
73887,1
45184,1
72283,1
31669,0
42717,0
42712,0
72279,0
30636,0
42136,1
12509,1
8049,0
43444,1
27753,1
13750,1
65524,1
70355,0
1731,1
44356,0
20391,0
37299,0
12216,0
2897,1
16774,1
63045,0
58231,0
10379,0
48567,0
40685,0
15585,0
70148,0
38402,0
14911,0
40443,1
41240,1
6371,0
68374,1
59670,1
44293,0
60556,0
68825,0
74535,1
48414,1
41909,0
60546,1
55801,1
6342,0
39454,1
48789,1
46646,0
58922,1
47081,1
8130,0
71067,0
32064,1
35188,1
16265,1
35676,1
12121,1
54435,1
17372,0
12927,0
70246,1
13940,1
49627,0
60206,0
66607,1
55235,1
53269,0
59323,0
47972,1
1577,1
27385,1
9476,0
25792,1
37626,1
31578,1
5115,0
70613,0
34499,0
54524,1
16182,1
54499,0
61496,1
44207,0
3982,1
8070,1
60047,0
53194,0
66970,0
25250,1
53325,1
74292,1
69797,0
26193,1
16083,0
74130,0
61001,1
64750,1
8336,1
20825,0
16519,1
47583,1
73948,0
33930,0
55544,1
28222,1
5619,0
49834,0
21612,0
54734,1
61375,0
1266,0
30872,0
71826,1
15774,0
25425,0
3548,1
61627,0
52118,0
61012,0
56831,0
27579,0
26972,1
44458,1
37765,1
68069,0
17458,0
14346,0
56817,1
20791,1
65884,0
52299,0
2997,1
1616,0
3840,0
29950,1
18791,0
71919,1
24696,1
51206,0
5943,0
31756,1
13213,1
22571,0
69879,0
13374,0
9629,1
23694,1
55355,1
33010,0
36010,0
14715,0
66686,1
74927,1
68553,1
61969,1
23140,0
11880,0
70547,0
1955,0
10818,1
37935,1
1062,0
50074,0
70152,1
21299,0
32047,1
70810,1
3580,0
38201,1
44242,0
37873,0
55343,1
24510,0
7644,1
19772,0
25746,0
49562,1
25475,0
6260,0
1125,1
1175,1
57307,1
21069,1
17234,0
70471,1
2608,1
47672,0
25149,1
39163,1
66081,1
21993,0
23838,1
35396,1
71132,0
3518,0
30399,0
52199,0
29888,0
7617,1
71670,1
26345,0
60412,0
13865,1
36997,1
57906,1
14108,0
11683,0
49400,0
34341,1
42377,1
10977,1
25695,0
1466,1
47073,1
47777,1
10762,1
478,0
8566,1
71036,0
43709,1
61027,0
38739,1
45944,1
65791,0
12570,1
58826,0
44845,1
29979,0
3280,0
27407,0
1909,1
14938,0
33403,1
26413,0
2470,0
71559,1
33069,0
14595,1
35278,0
55260,0
4337,0
15527,1
67146,0
21720,0
71480,1
63094,1
65148,0
46108,0
53242,1
22980,0
6754,0
7521,1
18554,0
38884,0
11124,1
37600,0
41369,0
47385,0
47290,1
9908,0
24508,0
20162,1
2500,1
62856,1
47741,0
36443,0
23955,1
56786,0
1152,0
40919,1
7545,0
43338,0
10279,1
47360,0
5723,1
52793,1
30266,0
28020,0
49164,1
46923,0
70867,0
20933,1
67003,1
5151,0
17680,0
16536,1
46031,1
3861,1
37178,1
765,0
50881,1
43537,1
39580,0
71699,0
64246,0
61534,0
33636,0
46060,0
8282,1
72933,1
39522,1
72657,0
30057,0
61886,1
15104,1
70488,0
45560,0
71106,0
64499,1
43248,0
11007,0
35536,0
50401,0
4917,0
9269,0
64137,1
26461,1
35408,0
23842,0
63466,0
48685,1
69051,0
24769,1
28794,0
23771,0
72563,0
34532,0
66404,1
44069,0
67873,1
68275,0
10218,0
36460,1
62809,0
75367,0
52574,1
15400,1
26630,1
31676,1
67110,0
14492,0
54971,1
11260,1
19609,0
67033,1
31419,0
61630,0
65129,1
47485,0
20950,0
10884,1
70130,1
39932,1
40866,1
14470,1
71173,0
54860,0
65564,1
44067,0
1636,1
63194,0
54537,1
66045,0
12302,1
62387,1
7283,1
36724,0
29230,0
2649,1
68148,0
69229,1
34048,1
71016,0
29894,0
68812,1
51289,1
54741,0
49698,0
5387,1
60048,1
24548,0
46094,1
58076,0
37502,1
23161,0
15731,0
32818,1
73647,1
68333,0
6100,0
23804,0
11268,0
55657,0
23560,0
57544,0
7787,0
63066,1
17232,1
75607,0
54145,1
18345,0
658,0
1074,1
3003,1
45753,1
39072,0
2075,1
18167,0
33190,0
70927,0
23586,0
42342,0
3722,0
44933,0
42102,0
17167,1
65290,1
50486,0
41224,1
51448,1
49700,0
2956,1
2094,0
67503,1
1208,1
51365,0
53900,1
50471,1
15505,1
20570,1
35823,0
65678,0
17904,1
54833,0
48375,1
73278,0
55030,0
27977,0
23798,0
59182,1
64887,0
42692,1
1580,1
60614,1
35215,0
73906,0
72174,0
63561,0
40597,1
16354,1
62749,1
17739,1
58090,0
13680,1
37749,0
8575,1
34844,1
41220,0
5002,0
18219,1
71075,0
58375,1
52153,0
72230,0
32890,1
17491,1
70192,1
18465,0
29703,0
42962,0
60000,1
68966,0
47863,1
36066,1
53158,0
42850,1
67381,1
38617,1
73592,1
66720,0
49454,0
38870,1
44031,1
19145,0
66041,0
60623,1
42906,0
10793,1
48201,1
53399,1
52159,0
67412,0
14637,0
9423,1
50682,0
40392,0
24752,0
47518,0
68694,1
4998,1
33900,0
39581,1
54718,0
59386,1
62836,0
36304,0
46239,1
74960,0
3012,1
47496,0
57055,1
53807,1
50217,0
63848,0
12092,1
27205,1
30871,1
44414,0
3696,1
21067,1
32242,0
32724,1
19581,0
75384,0
45540,1
60014,1
21856,0
45832,0
31999,0
37666,1
36349,0
45379,1
46063,1
59863,0
44998,0
33873,1
43324,1
71879,0
75185,0
48270,0
4219,1
65544,1
63022,0
49114,0
2426,0
75707,0
20355,1
44611,0
27884,0
66499,1
75764,0
8113,0
54187,1
39410,0
68440,1
20671,1
11403,0
36488,0
21471,1
35910,0
15269,0
26512,0
43901,0
36025,1
12700,0
57893,1
2184,1
19144,0
40111,0
56838,0
27130,0
18964,0
11895,0
60526,0
46230,0
2011,1
9819,1
47134,1
34442,0
13937,0
68183,1
2013,0
74679,0
37610,1
850,0
35456,0
59631,0
5479,1
17685,1
74874,0
31252,1
21987,0
74499,1
73351,1
45988,0
57508,0
1744,1
24968,1
4674,1
23999,0
2947,1
74078,0
71756,0
65749,0
1932,1
10310,0
67092,1
55835,1
8568,0
67423,0
37828,0
38083,0
29852,1
39496,1
24800,1
31612,1
7217,0
67597,0
52790,1
40683,1
12336,1
10037,0
41732,1
3770,0
75756,0
70756,0
22508,1
49626,0
39425,1
48663,1
54970,0
8971,0
41180,1
18853,0
71011,0
68590,0
1661,1
28556,1
6038,1
49443,1
75704,0
11957,1
44564,1
19216,1
1966,0
70646,0
31745,0
42276,1
5235,1
19865,0
1480,0
61379,0
10333,0
45541,0
46689,1
17331,1
32653,1
5006,0
55066,1
32432,0
26774,0
18909,0
63262,0
140,0
7894,1
9531,1
36521,1
52821,0
59467,0
45458,0
1122,0
28135,0
59117,1
35478,1
37207,0
73919,1
24439,1
13060,1
68659,0
31502,0
2619,1
17362,0
50890,1
40397,0
72873,1
46717,1
32327,1
68845,0
2457,0
41600,1
19453,0
33611,1
51975,1
48082,1
28341,1
4512,1
73808,0
31260,1
5917,0
9397,0
48315,1
14267,0
50220,0
15595,0
51730,0
75377,1
61740,1
41556,1
7371,0
72047,0
61856,0
64403,0
66244,0
24764,0
68245,0
48256,1
65663,0
56175,0
46565,1
15358,1
30044,1
10380,0
41143,0
46552,1
53253,1
33870,0
12541,1
46409,0
47357,1
17326,0
5643,0
26207,1
19518,1
66833,1
32367,0
65536,1
74689,1
4658,0
62279,0
65885,1
43368,1
32016,1
54133,1
48365,1
27663,0
43685,1
51216,1
2733,1
65161,1
7132,1
45309,1
15554,0
49526,1
64136,0
63669,1
45895,0
69705,1
50654,1
35921,0
72339,1
25037,1
15597,0
37180,1
38038,1
18271,1
8836,1
70430,1
45609,1
31482,1
70629,1
54675,1
46673,0
851,1
23789,1
20166,1
46021,1
34816,1
43221,1
54730,1
24771,1
47646,1
45532,1
35441,0
54234,0
28199,1
67851,0
34262,1
53798,1
15692,1
45748,1
5087,0
4265,0
72681,1
65275,1
27423,1
65047,0
6048,1
42832,1
37560,0
37820,0
30847,1
65562,1
11992,1
3243,0
9146,0
18205,0
75354,1
36578,0
5143,1
40436,1
28838,1
49050,0
43013,1
24353,0
66675,0
20194,1
53931,0
48009,0
32816,1
10926,1
60380,0
33967,0
14660,0
47001,0
62625,1
50100,1
51729,0
43170,0
13166,0
61180,1
63370,1
55463,0
39555,0
15810,1
5458,1
43482,1
60111,1
2986,1
71472,0
60823,1
68605,1
62339,0
13925,0
3932,0
55456,1
71122,1
22099,0
5672,1
3093,1
50108,1
69013,0
60937,0
38959,1
44038,0
47936,0
43173,0
63852,1
29966,1
46809,0
12872,0
30140,0
59991,1
68402,1
37685,1
26731,1
57362,0
38922,0
10716,1
4941,1
48167,1
12772,0
36553,1
43228,0
10775,0
1518,1
31262,1
13223,1
4919,0
11167,1
45629,0
74634,1
48501,0
41616,0
36528,1
45017,0
40909,0
13469,1
51245,1
63759,0
37346,0
55311,0
75412,0
49904,1
21392,0
43434,0
53458,1
23058,0
17708,1
17187,1
34290,1
72466,0
40438,0
59482,0
67973,0
32,0
51657,1
15243,1
71055,1
5396,1
36035,1
36331,1
56516,1
50387,0
53576,0
24703,1
55816,0
60373,1
62176,1
15226,1
22372,0
4129,1
5437,0
51485,1
57822,1
4688,0
52900,0
33927,0
69178,1
18608,1
49091,1
40693,1
20271,1
15971,0
13111,1
66605,1
44428,0
21600,0
29208,1
3450,1
40238,0
30866,1
36612,0
53350,0
65606,1
52304,0
26811,1
7058,1
28892,0
8837,0
11487,0
72986,0
63263,0
34733,1
3819,0
12358,1
48739,0
19757,1
57758,0
25958,0
30413,0
42823,0
47527,0
16968,1
17047,0
41295,0
54005,1
51732,0
68888,1
16754,1
21660,1
2526,0
21910,1
8955,1
42651,1
28617,1
12800,1
10582,0
62908,1
52515,1
27072,1
4400,1
10688,1
25988,1
40014,1
4258,1
17493,1
41150,1
59987,1
6831,1
28809,0
31041,1
10559,1
17079,1
62922,1
33475,1
65657,0
71331,0
39986,0
16437,1
62239,1
27821,1
16983,1
8667,0
65907,1
7311,0
44761,0
42531,1
27393,0
62657,0
24730,0
58144,0
61955,1
46411,0
4212,0
48741,1
12788,0
19251,1
21402,0
28783,1
8639,1
22026,0
51468,0
48828,0
12175,0
28940,1
13847,0
13807,1
1142,0
71459,0
1399,1
55798,1
67914,1
40674,0
17127,0
45372,1
8847,0
61464,1
25601,0
27787,0
18927,0
68691,0
36878,0
4147,1
74512,1
32136,1
24425,0
12142,0
5482,1
61385,0
74626,1
43588,1
48657,1
4032,0
13851,0
74003,0
28362,0
43870,1
25405,0
20461,1
54872,1
62207,1
19885,1
64533,0
58858,0
42503,1
70409,0
48208,0
50995,1
68534,1
46019,0
54345,1
70767,1
24973,1
233,1
42399,1
15211,0
54235,1
40665,0
50586,0
41832,1
66754,1
7610,1
21601,0
47641,0
43009,0
3862,0
72920,1
75628,1
69654,0
60852,1
63323,1
6785,0
5219,0
73402,0
23166,1
9304,1
23232,1
31487,0
21003,0
28963,1
38810,1
47943,1
65119,0
10876,1
15359,1
32672,0
42665,0
80,1
7809,1
59850,1
3738,1
58165,0
19124,0
63338,1
64536,0
48405,1
73289,0
49439,0
15478,1
70749,1
43530,0
63620,0
10237,1
16793,1
18838,0
5320,0
329,1
5965,1
48439,0
2771,1
14456,0
15439,1
37754,0
23469,1
58411,0
38588,0
10556,1
32942,1
53943,1
4404,1
68159,1
7415,0
36238,1
72943,0
42003,1
24649,1
24194,1
54483,1
49455,0
26996,0
41468,0
7275,1
39099,1
18526,1
26198,1
27147,0
49650,1
40590,0
59924,1
31272,1
59132,0
24401,0
2188,1
33331,1
51296,0
55195,0
56748,1
33406,0
66303,0
49859,1
53633,1
25526,0
3318,0
24988,1
12637,1
2750,0
68880,1
67529,0
11134,1
8923,1
24627,1
61729,1
17942,1
29284,1
56334,1
63110,1
30177,0
27871,0
38564,0
4361,0
34943,0
4778,0
25426,0
50386,0
47423,0
63593,1
65543,1
24076,0
72667,0
25693,0
30666,0
68229,1
37805,1
52506,0
33888,1
53555,0
18168,0
50099,1
54383,0
20089,0
24747,1
7181,1
68193,1
33843,1
33562,0
42220,0
13959,0
58502,0
28586,0
69965,0
24861,0
20063,0
65157,1
74095,0
46163,0
48622,0
2264,0
55135,1
47253,1
52156,1
31983,1
65668,0
1823,1
2638,0
15406,1
48252,1
26776,1
44262,1
36338,0
71297,0
46097,1
39617,0
71646,1
72537,0
39966,0
33056,0
55058,0
43313,0
56122,0
34576,0
52806,1
72469,1
55141,1
31894,1
55380,0
43407,0
46842,1
49034,1
73456,0
28012,0
36287,0
57215,1
13557,1
1164,0
27816,0
48898,0
11594,1
32558,0
35208,1
27062,0
29664,0
62764,0
13828,1
7694,1
72795,1
67649,0
71012,0
51844,0
50892,0
46030,0
56702,0
50252,1
75785,1
29336,0
4354,0
60825,1
74028,1
60748,0
55051,1
63000,1
4363,1
13121,1
25609,0
70506,1
11516,1
29021,1
58917,0
30714,0
36156,0
47653,1
2623,1
40539,0
65666,1
12474,0
9904,0
49620,1
52375,0
51489,0
56394,0
12784,1
71026,1
52394,0
4985,0
54405,0
47394,1
28773,1
62776,0
20691,0
28454,1
25327,1
23800,0
38604,0
18080,1
73377,1
1328,0
14623,0
27682,0
29299,0
52868,0
31783,1
45279,1
24197,1
44727,0
68232,1
20418,1
54535,1
66771,0
25660,1
10613,1
6967,0
25418,0
20413,0
61235,0
50799,0
6259,0
48391,1
38285,0
65560,0
13665,0
50872,0
13577,0
48521,1
18777,1
52119,1
12475,1
3903,0
55395,0
39901,1
16615,1
24529,0
12076,0
59345,1
10272,1
21078,0
32089,0
68959,0
63980,1
47135,1
22949,1
30252,0
35007,1
58607,0
71482,0
39029,0
55846,1
54703,1
8668,0
33902,0
23524,1
27056,1
56041,0
8799,0
35636,1
55837,0
39887,1
20438,0
35690,0
54055,1
24070,1
54566,1
38635,1
26603,0
7700,0
52786,1
38362,1
15512,1
31240,0
57173,0
62246,0
56140,1
58597,1
16148,1
73303,1
19206,1
33944,0
68300,0
28756,1
19867,1
66345,1
55183,0
53283,1
8323,1
849,0
20681,1
41673,1
31666,1
11643,1
18421,0
7780,0
71522,0
53412,0
57574,1
57089,1
3288,1
19530,0
35521,0
5838,0
210,1
44105,0
66073,1
33581,1
68206,1
60762,0
56678,1
35448,1
63498,1
46077,0
74553,0
19671,0
60992,0
62324,1
3201,0
74976,0
73116,1
9844,1
62019,0
55008,0
34044,1
14460,1
44160,1
5188,1
53619,0
21589,0
23619,1
23756,0
57511,0
63149,1
6951,1
12150,0
34268,0
33264,1
59485,1
1095,0
48960,1
50871,0
10949,0
24670,1
34622,1
31000,1
37708,1
15434,0
20651,0
23942,0
30427,0
399,1
40284,0
9938,0
30498,0
6934,1
15697,1
32995,0
45518,0
10502,1
71453,0
10029,0
10535,0
856,0
1274,0
9921,1
868,1
64470,1
33640,0
16399,1
62561,1
38897,1
8138,1
39271,0
15999,0
20296,1
54911,0
29593,0
16263,0
1820,0
16452,0
70897,0
35909,0
27629,0
31814,0
65721,1
16270,1
4961,0
48845,1
74503,0
38280,1
15488,1
52736,0
52287,1
48014,0
17072,0
46027,1
41439,0
11210,0
66798,0
67608,1
49775,1
4277,1
13127,0
9528,1
67957,0
13705,1
71499,1
26564,0
14033,0
75816,1
55088,1
65693,1
62179,0
8381,1
72935,1
23095,0
28414,0
35622,1
23104,1
58084,1
60326,1
45496,0
35996,1
44008,0
37338,0
72222,0
29887,1
59669,0
16946,1
46231,0
69874,0
2741,1
1791,0
38256,1
49016,0
33493,1
45647,1
67135,1
44532,0
40202,0
3031,1
34564,0
65340,1
41850,0
53680,1
60379,1
60275,0
58132,1
18125,0
67732,0
6755,1
11048,0
27689,1
71618,0
42391,0
45476,0
45542,0
69018,0
65603,1
42844,1
6286,0
14906,1
53804,0
49318,1
45927,0
22633,0
65117,1
61120,1
54587,0
69098,1
70864,1
7581,0
73087,1
16771,0
64383,0
63748,1
62566,1
11311,0
20205,1
19595,0
51263,0
55819,0
68747,1
17583,1
57715,1
72036,1
66284,1
62111,0
43957,1
24844,1
51474,1
50957,0
5557,1
54680,0
39143,0
52799,0
71930,0
48946,1
33867,1
16650,0
68594,0
63567,0
23773,1
25078,0
56711,0
70177,0
44390,1
68020,1
45302,0
56197,0
17661,0
33525,0
41310,0
97,0
21902,0
65607,1
31378,1
59757,0
55978,1
27480,1
15415,0
33954,1
31463,1
62480,0
43262,0
1249,0
58254,0
39240,1
66384,0
68112,0
8001,0
41344,0
58136,0
4015,1
11372,0
62929,1
42092,0
28138,1
35255,1
18294,0
70542,0
16831,0
29886,0
28142,0
61352,1
41671,1
61831,1
25366,1
39035,0
13935,0
16155,0
42119,1
9498,1
39281,0
40936,0
29165,1
3812,0
52771,1
25,1
64667,1
63523,0
61458,0
16045,1
33111,0
55834,1
4936,1
71768,0
46200,1
39736,0
12182,1
25725,0
44573,1
15335,0
28153,0
53223,1
58276,1
37200,1
34350,1
1032,0
15343,0
40416,0
65641,1
1920,0
49032,0
9500,1
66020,0
44280,0
29075,0
43484,0
55517,1
63093,0
67634,1
33512,1
4113,0
40278,1
6061,1
66526,1
46349,1
2098,0
73782,0
67099,0
23858,0
69523,0
39968,0
17964,1
46722,1
27678,1
57473,1
42053,1
9030,0
14053,1
53387,1
4085,0
36160,1
34684,1
6451,1
42263,1
50720,1
22843,0
48858,1
69901,1
7866,0
49548,0
29836,1
41866,1
20536,1
69183,1
11438,0
57156,0
1473,0
46964,0
48782,1
75133,1
33193,1
21318,1
24357,0
50576,1
15324,0
23094,1
31901,0
6868,0
26979,1
59838,0
51145,1
62880,0
15764,1
48564,1
35112,1
8726,0
55777,1
44677,0
36133,1
14472,1
71635,0
19762,0
63646,1
19896,0
16867,1
65959,1
62118,0
69587,0
64902,0
75619,0
22287,1
38336,1
14673,1
8060,0
33766,0
32014,0
8842,0
21875,1
17678,0
15935,1
52333,0
8809,1
74382,0
66479,0
12978,0
42519,1
69595,0
10774,1
8780,0
22829,0
69919,0
19792,1
62573,1
43905,1
69057,1
57093,1
17365,1
28355,0
58127,1
12386,1
61095,0
7144,1
9604,0
49766,1
70627,1
68690,0
153,0
53612,0
24853,1
21731,1
53813,1
16504,1
56873,1
29136,1
17007,1
15395,1
18947,0
47587,0
5716,0
64622,1
2930,0
75725,0
44260,1
26832,1
6926,1
33563,0
13150,0
51925,0
37388,0
61902,1
55530,0
25909,1
34839,1
52315,1
32777,0
55140,0
15382,0
38496,0
30520,0
56206,0
4333,0
15958,1
45080,0
49747,0
33529,1
45322,0
70910,0
17814,0
75274,1
27642,1
61609,0
49829,1
58980,1
57285,1
27729,0
32751,0
8293,1
64534,1
61000,1
46073,1
33447,1
15662,1
72918,1
48469,1
44222,0
27958,1
49023,0
61783,0
30692,0
22802,0
4729,1
68063,1
71838,1
9669,0
62160,1
21105,0
29100,1
70234,1
12377,1
36211,0
38376,0
56638,1
61703,0
25234,1
6582,0
58171,0
52154,0
69943,1
70557,1
41498,0
51186,1
41565,1
43147,1
20453,0
51143,1
17522,1
30631,0
29286,1
57067,1
59147,0
64281,1
49372,0
21706,1
72168,0
66988,0
44252,0
14045,1
19310,1
41626,0
62817,0
28730,1
34347,0
29833,1
25091,1
67826,0
74147,1
199,1
43161,0
70706,0
4037,0
14281,1
32036,1
58662,1
20429,1
70237,0
45049,1
45855,0
38855,0
21161,1
19831,1
36065,1
18042,0
26860,1
54177,0
51447,0
36278,0
65920,1
9793,0
64410,0
44974,0
35811,0
56508,1
37357,1
72972,0
25978,0
13567,0
13996,0
21026,1
47403,0
27686,0
28423,1
67336,1
26023,1
54819,0
627,1
16339,1
25305,0
50973,1
73999,0
45871,1
39722,1
10285,0
36629,1
9635,0
62960,0
6835,0
10291,0
42138,0
23145,0
49509,0
21866,0
58581,1
69728,1
28814,0
12364,1
68012,1
27103,0
52834,0
49857,1
60312,0
3141,1
39579,1
31086,1
19448,0
73114,0
73391,1
5292,0
4476,0
29854,1
20476,1
58561,1
27075,1
43174,0
63548,1
7101,1
47697,0
41153,0
53668,1
43264,1
18368,0
47227,0
63456,1
32462,1
42512,0
22777,1
14286,0
23181,1
30243,1
60382,1
32469,0
35793,1
54912,0
36208,1
33127,0
40102,0
65953,1
7417,1
55396,0
70171,0
22630,1
26334,0
72240,0
67388,1
17977,0
1830,0
14031,0
28787,1
47971,1
16470,0
27212,0
45631,0
44745,1
10430,1
65215,1
35454,1
33481,1
71449,0
17885,1
72533,1
43183,1
30367,0
38657,0
12109,1
29448,1
26487,0
65485,0
66806,1
53913,1
28410,1
10817,1
39411,0
1167,0
53215,0
74825,0
40368,1
39100,1
22726,0
69281,0
21599,1
57099,1
12539,1
74027,0
70115,0
25893,1
47767,1
28685,1
47730,0
37855,1
55053,0
12560,0
19360,1
12421,0
73252,1
64199,0
12606,1
71757,1
66174,0
23700,0
52216,1
25371,1
63146,1
39203,0
74721,1
34850,1
70609,1
56894,0
47632,0
17623,0
50904,0
7688,1
73601,0
25501,0
20116,0
21590,0
6300,0
5669,1
70271,1
34172,1
72356,1
68030,1
47849,0
57499,0
44320,0
27151,0
18152,1
45068,1
4306,1
66934,1
16281,0
73019,1
48973,1
16293,1
32854,1
5502,0
50913,1
48417,1
60603,1
74345,0
17081,0
37997,1
1283,1
59799,1
24120,0
50189,1
27668,1
11063,0
66766,0
32770,1
57030,0
75587,1
12669,0
75720,1
72568,0
52268,0
23657,1
42601,0
38020,1
35985,1
49536,1
27930,0
18111,1
60644,1
53276,0
17121,1
11735,0
26551,0
304,1
46232,1
40494,0
56667,0
63675,1
55990,1
55545,1
6830,0
3175,0
29457,1
62188,0
73444,1
42489,0
31480,1
4800,0
41838,0
5854,0
12401,0
43841,0
52608,1
65486,1
48974,1
44206,1
46208,1
65575,0
11807,1
25169,1
74597,0
66192,1
62296,1
57849,0
33248,1
52554,1
1489,1
9055,0
45721,1
12022,1
2396,0
35824,0
52228,1
15561,0
52011,0
8310,0
65761,0
35258,0
68903,1
68861,1
3257,0
45229,0
73234,0
16973,1
73458,1
26228,1
51497,1
4597,1
57568,0
25642,1
74540,0
49469,1
42388,1
64382,1
7856,1
5171,1
3864,0
57213,1
31131,1
45244,0
25924,1
27309,0
19553,0
67238,1
31121,0
9520,1
62286,0
38789,0
5146,1
40218,1
70420,0
30339,0
6819,0
2416,0
29146,0
2831,1
5406,1
4787,1
17710,1
13201,0
42928,0
36139,0
21823,0
73865,0
37272,1
52238,1
24008,0
48934,1
19949,0
38550,1
53670,1
19837,0
3800,1
39830,1
58345,1
47482,0
74313,1
7472,1
53618,0
37973,1
52502,0
71910,0
40970,1
67382,0
74111,0
26556,0
60195,0
57495,1
68337,1
57465,0
68789,0
69795,1
11355,1
57260,1
27303,0
39644,0
2373,1
41916,1
6214,1
29738,1
40280,1
44488,1
7873,0
10316,0
31366,0
43249,0
69087,0
31634,0
25348,0
37431,0
34275,0
46851,1
38058,0
72999,0
59093,0
22592,0
32647,1
74631,0
9506,1
62458,1
2201,0
28668,1
44351,1
64155,0
15855,0
18495,0
1148,1
3334,1
51882,0
46734,0
22746,0
24065,1
72313,0
65011,1
72671,1
5116,0
62622,0
43,0
10499,1
46072,1
37277,1
22533,1
8064,0
42191,1
8149,1
27710,0
37584,0
8342,0
52756,0
10839,1
24803,1
31939,1
36374,1
48303,1
11650,1
3871,0
47590,1
44709,0
4369,0
74991,1
49068,1
53951,1
39254,1
62808,1
45934,0
14524,0
21460,0
29072,1
39288,1
9948,0
1651,0
44336,0
72944,1
19400,0
15629,0
59111,0
58538,1
72015,0
71617,0
61769,0
27008,1
33542,1
1146,0
31471,0
45037,0
56750,0
48646,0
61111,0
63439,1
24323,1
65788,1
55571,0
44334,1
13211,1
342,0
43461,1
6872,0
63298,0
19633,1
16929,1
53051,1
63328,1
67444,0
75027,0
69196,0
55976,1
20265,0
44996,0
339,0
70252,1
15549,0
24400,1
33569,1
60650,1
15698,0
31769,0
24475,0
16463,0
56634,1
4892,0
51847,1
41008,0
43372,0
59089,0
73275,0
13108,0
19587,0
34501,0
17732,1
31207,0
42058,1
43129,1
4852,1
34845,1
68414,0
20860,0
6937,0
35086,1
45231,0
19664,0
63286,0
75653,0
12778,0
8313,1
65203,1
42303,0
11937,1
20023,1
52609,0
9690,1
4030,1
12344,0
10763,1
69804,1
55111,1
10146,1
56308,1
34695,0
8466,1
34756,1
36351,1
74359,0
70217,0
73549,0
43573,1
60935,1
46543,1
31128,0
74396,0
49677,1
69584,1
43594,0
56361,1
32222,0
34971,0
45050,1
55210,1
59653,0
52306,1
19732,1
66851,0
3865,0
27383,0
49716,0
27945,1
43266,0
60927,0
55831,0
49152,0
53733,1
64058,1
63231,0
27944,0
58505,0
46977,0
69154,0
64123,0
56983,0
26715,1
10293,0
22589,1
20761,1
41451,1
32444,1
20294,0
49603,1
40470,0
13239,0
67577,0
73327,1
75262,1
52369,0
12194,0
52018,0
528,1
14720,0
70270,0
36938,0
41842,1
43824,0
24149,0
2257,1
26712,1
52088,0
67009,0
55520,1
33608,1
63134,0
68956,0
24729,1
67942,1
50970,1
71411,1
65262,0
31742,0
52280,1
24651,0
39536,1
19420,0
53379,0
37473,1
6981,1
45585,1
53292,1
24243,1
55134,1
6432,1
73254,0
29274,0
55710,0
887,1
61596,1
30552,1
57023,1
13732,0
29220,0
37876,0
40038,0
45851,1
27845,1
60202,1
2617,0
24223,1
10739,1
2919,0
3421,0
25699,0
6468,0
23330,0
71337,0
1382,1
13180,1
12842,0
73385,0
65702,0
14870,0
52893,0
37065,1
43654,1
48098,0
56685,1
6018,0
46284,1
40967,1
10020,1
21834,0
75098,1
45736,0
61297,0
36656,1
42904,0
15913,1
68752,1
39677,1
9829,1
58135,0
58703,1
15879,0
65497,0
67534,1
64315,1
70960,0
13476,1
69045,1
66480,0
17975,1
54573,1
18876,0
65695,0
23339,0
49250,1
24664,0
64187,0
42153,0
25572,1
69691,1
56576,0
42237,1
69783,1
16500,0
22998,0
30083,1
42470,0
46907,1
65632,1
67150,0
17084,1
53125,0
10341,1
46925,0
54090,1
15649,0
63011,1
47705,1
50616,0
33499,0
40391,0
46868,1
7300,0
37035,0
7478,0
67712,0
37832,0
21550,1
36736,1
45678,0
60577,1
26102,1
13713,1
11376,1
50384,0
4374,1
47790,0
4088,0
62571,0
63444,0
54823,0
39080,1
50863,1
25824,1
6173,1
60705,0
59719,1
60651,1
30341,0
71918,1
5971,0
62830,1
42158,1
24768,1
60976,1
31998,1
50198,1
55562,0
34326,1
6536,0
7460,1
72208,1
28657,1
41923,1
62062,1
28539,1
71894,1
40542,0
19561,1
42185,1
71379,0
10619,1
12605,1
6846,1
37345,1
49740,1
58377,0
23886,0
16372,0
26052,0
41135,0
33341,1
54024,1
14445,1
51895,1
57742,0
15094,1
28246,0
42437,1
66107,0
53745,0
3937,0
26172,1
21675,1
59035,1
12119,1
51502,0
52522,0
44852,1
72213,0
63212,0
67289,1
45269,0
43171,1
28266,0
33393,0
42181,0
26024,0
17037,0
50584,1
29035,1
43503,0
53180,0
44652,0
18477,0
30656,1
55581,0
51005,0
70317,1
72577,0
63730,1
60914,1
26077,1
24585,1
56358,1
62299,0
53703,0
47346,1
41155,1
64361,0
32526,1
73076,0
3964,1
52592,1
64741,0
65383,0
41545,1
30703,1
1459,1
25326,0
42265,1
65016,0
37890,1
25620,1
66279,0
59654,0
34742,1
45245,1
84,1
67867,1
11908,1
12357,0
70522,1
67081,0
18212,1
29624,0
37115,0
5500,1
8563,1
55828,1
51045,0
27029,1
32033,0
65267,1
58656,1
48670,0
5741,1
4422,0
55432,0
7528,0
55473,1
55709,1
57003,0
45776,0
6720,0
37367,1
318,0
64197,0
6796,0
45774,1
62427,0
30164,1
25100,1
37021,0
22520,0
61144,0
33281,0
74366,1
51167,0
69003,1
3324,1
70619,1
8742,1
62931,1
24563,0
18254,0
66084,1
15410,1
51928,1
29201,1
49081,0
16198,0
8669,0
71169,1
38393,1
5354,1
15447,1
31527,0
25559,0
27046,1
10271,1
31486,0
37719,0
66935,0
63018,1
42784,0
54254,1
19753,1
52568,1
48312,0
12702,0
11510,1
2790,1
55763,0
46003,0
59201,1
20567,0
65640,1
40407,0
39430,0
43068,1
69985,1
42743,0
1839,0
36352,1
28077,1
41477,1
75313,1
45507,1
47843,0
39997,1
63216,0
9426,1
678,1
72989,0
72794,1
28396,0
39150,1
43587,0
37731,0
6697,0
27144,0
43502,0
21889,0
68575,0
70095,0
28412,0
37777,1
7238,1
66121,0
23889,0
74480,0
15934,0
21415,1
46448,1
2677,1
64087,0
41386,0
63155,1
68849,0
16279,1
57886,0
43392,0
24006,1
41528,1
4865,1
46945,0
44577,0
55854,0
25067,0
64908,0
4402,0
26491,1
59608,1
15517,1
42961,1
12268,1
31794,1
49407,0
38651,1
58950,0
19108,0
23890,1
56816,0
38099,1
10140,1
22597,1
70992,1
67494,1
69895,0
4297,0
59857,1
30106,1
23263,0
45154,1
40700,1
67857,0
1927,1
68884,0
9415,0
29482,1
19140,1
47182,1
5495,0
30079,1
41684,0
5154,0
42777,1
39054,0
6466,0
75046,0
13730,0
31160,0
66031,0
60775,0
74088,1
49898,1
17451,0
67043,1
15317,1
47571,0
2645,1
18982,0
66626,0
63358,1
56281,0
55277,0
48617,1
15352,1
44519,1
43900,1
72883,1
35837,1
31151,1
67355,0
16156,1
15798,0
5812,0
35611,1
12924,1
70537,0
58603,1
71444,1
38047,1
31624,0
11096,0
35225,0
8833,0
684,0
47479,0
5932,0
68367,1
5226,1
43810,0
70444,1
51455,0
19112,1
65212,1
6004,0
24059,0
21568,0
20,1
40989,1
55537,1
68811,1
23479,0
73010,0
13117,1
44539,0
47201,1
7279,1
7335,1
44004,0
7869,0
50942,0
48549,1
3358,0
33078,0
13247,0
23472,1
34778,0
41990,0
23230,1
73727,0
6586,0
23466,0
43898,1
58691,0
57129,0
43764,0
38569,1
75247,1
17021,1
57462,1
67925,0
16337,0
62492,0
10696,0
3198,0
30966,1
26687,1
44003,1
43817,0
39708,0
70965,0
2815,1
61756,1
49981,0
33970,0
9879,0
70721,0
61510,0
36224,1
36610,0
42414,1
9996,0
29189,0
11047,0
18558,0
18860,0
29170,0
22308,0
61635,1
41046,0
11939,0
46378,1
44283,1
7108,0
34064,0
53587,1
13202,1
25563,0
43612,1
49170,0
72373,1
32454,0
73895,0
52258,0
38906,1
23114,1
48886,1
74195,1
27460,0
73102,0
74076,1
17798,0
24343,0
2599,1
12114,1
19467,0
11514,1
26060,0
71412,0
40332,1
26316,1
11275,0
5484,1
12003,1
69035,0
28825,1
40173,1
18159,1
35141,1
62630,1
17586,0
39129,1
71310,0
64917,1
67490,0
37172,0
39367,0
60279,0
64731,1
1392,1
20175,1
37238,1
57426,0
71056,0
69026,1
27508,1
32286,0
54091,1
52749,1
55897,0
27561,1
30921,1
27071,1
75169,0
63637,1
23269,1
62404,0
34876,1
60985,1
5928,0
30686,0
48196,0
34610,0
15220,0
17490,0
33395,1
63065,1
269,1
27386,1
41250,1
68457,0
6118,0
32775,0
60507,1
74415,0
11000,0
26507,0
62562,0
2064,0
61110,0
57767,0
43667,1
61301,1
50345,1
51583,1
14212,1
11705,1
64479,1
61441,0
59916,0
17561,0
23724,1
74281,0
19817,1
52660,0
64102,0
29088,1
66610,1
53918,1
69547,1
47649,1
37807,0
22029,0
41592,0
53060,1
40550,1
41622,1
41904,1
37296,0
40978,0
19221,1
47060,1
75279,0
72093,1
56220,1
15425,0
49205,1
31220,1
2666,0
14124,1
70346,1
5127,0
20280,0
61374,0
25953,0
7636,1
66184,0
1046,0
14231,0
8869,1
18441,1
33932,0
26510,1
1156,0
19907,1
53711,1
48638,1
11357,0
2486,1
51397,0
12403,0
52549,0
35355,0
73628,1
58301,0
58465,0
54322,1
24710,0
63301,1
60915,0
20683,1
53391,1
68734,0
57982,1
32748,1
66962,0
71616,0
75314,0
7899,0
63252,1
32314,0
71231,1
43649,1
38311,1
66908,1
11618,0
19642,1
1428,0
57197,1
66717,1
6718,0
51805,0
15626,1
43819,1
54148,0
7975,0
32166,0
11664,1
16134,0
29604,0
70499,0
63082,1
62462,1
40306,0
68925,1
13890,1
26704,1
73603,1
37770,0
21353,0
49770,0
23338,0
29148,0
66891,1
3451,0
35720,0
19346,0
59380,1
38345,1
11971,1
25174,0
2770,1
56958,0
47688,1
33759,0
34085,1
56843,0
3577,1
45028,1
50306,0
25461,0
23008,0
1001,0
45025,1
19331,1
15845,0
6911,1
56880,0
18059,1
9199,0
18695,1
25146,0
65715,0
73048,0
5486,0
37401,1
20623,1
27476,1
3695,0
17752,1
59612,1
56655,0
74899,1
43285,1
40298,0
60088,0
70670,1
55143,0
51674,0
1526,0
3061,1
23935,0
70472,1
44329,1
53647,1
864,1
23091,0
52463,1
57643,1
13987,1
14172,0
8168,1
69729,1
74804,0
47784,1
68274,1
75187,1
57069,1
49949,1
64294,0
45578,0
31599,0
64438,1
15355,1
48447,1
755,0
47306,1
31615,0
57665,1
37998,1
170,0
10407,0
56519,1
10413,1
19666,1
27116,0
56514,0
20231,0
18540,1
41935,1
65328,1
3772,1
10601,0
61193,0
62484,0
53192,1
17799,0
26707,1
62330,0
8554,0
37955,0
18959,1
47149,1
35789,0
10895,1
55808,0
26663,0
71850,0
34140,1
70051,0
42988,0
42976,0
71971,1
44427,0
33893,1
39967,1
73556,0
71129,0
61371,0
53894,0
42478,1
58898,1
41388,1
69944,0
59290,0
57403,0
60810,1
36295,0
16355,1
6829,1
6508,1
52346,1
56571,1
65225,0
26807,0
56096,1
57975,1
75758,1
34037,0
27250,1
50811,1
42114,1
23767,0
50139,0
20234,0
6253,0
64334,0
71278,0
26876,1
45862,0
53444,0
28032,0
22359,0
60996,0
42644,1
44353,1
15418,0
9665,1
38404,0
35619,1
25825,0
14509,0
21012,0
49697,0
15970,0
21664,0
24613,0
2613,0
60820,0
9588,0
43334,1
57938,0
69449,1
38316,0
7278,0
52954,0
51654,1
30995,0
45363,0
53440,1
66198,1
51893,1
8400,0
24628,1
58237,0
1303,1
38752,1
57719,1
75524,1
20974,1
56992,0
19486,1
24601,1
61049,0
7935,1
54610,1
41384,0
69365,1
553,1
15721,1
45106,0
11588,1
15100,1
29033,0
13961,0
21121,1
4948,0
32190,0
74087,0
48522,1
30904,1
52381,1
65359,0
59409,1
45481,0
54752,1
27078,1
8738,0
1259,1
37663,1
68484,0
63064,1
72234,0
41577,1
57167,1
54226,1
58619,0
10247,0
45486,1
11014,0
35727,1
51189,1
64862,1
69030,1
56793,1
58495,1
70454,0
21485,0
50742,1
43033,0
571,0
2384,0
50691,1
53501,0
64970,1
29640,1
2855,0
1679,0
38426,0
47093,1
62854,0
69387,1
11046,1
41672,0
52433,1
64647,0
7721,1
4937,1
29597,0
18588,0
64324,1
2548,0
45029,0
63227,0
57296,0
16487,0
60443,0
53098,0
5441,0
11453,1
7966,0
35239,1
62631,1
54244,0
18593,0
65803,1
59431,1
47662,0
69846,1
24104,0
33880,1
10422,1
70320,0
30862,0
25766,1
590,0
40653,1
2597,0
39234,1
35498,0
20003,1
51293,1
64664,0
9010,0
73465,1
7010,0
75585,0
60699,1
71526,1
1388,0
55499,1
73664,0
74896,0
70946,1
61572,1
56161,1
43096,0
48329,1
37375,0
62786,0
62641,0
25494,0
63334,1
50034,1
60834,1
48444,0
39940,1
42370,0
13914,1
52352,0
29613,1
64036,1
49816,1
27088,0
58022,1
66106,0
68215,0
48103,0
42701,1
9595,1
16792,0
11099,1
68765,1
73200,0
23458,1
72791,0
18299,0
21445,1
52651,0
51839,1
20131,1
68385,0
11362,1
68095,0
15523,0
17166,1
45500,1
16499,1
52890,0
54523,1
46833,0
15685,0
24858,0
4826,0
71868,1
5625,1
63372,1
12506,1
30426,1
42013,0
23504,1
28889,0
65031,0
39310,0
66396,0
26928,1
69765,1
10475,1
8335,1
8959,1
13432,0
2318,1
69761,0
15473,0
2924,1
3558,1
36087,0
1752,0
23896,1
21949,0
40831,0
3841,1
40060,1
70866,0
45189,1
49171,0
14649,1
27247,0
47014,0
59517,0
4945,0
9942,1
72519,0
50321,1
12610,0
19076,1
27394,0
21672,0
61921,1
9504,0
42035,0
69496,0
13803,1
32554,0
34704,1
19175,1
66447,0
46110,0
24917,0
27268,0
67710,1
11928,1
49149,0
72454,1
42036,1
64880,1
53837,0
69442,0
66704,1
65415,1
13594,1
245,0
48846,0
71399,1
43054,0
27825,1
25794,1
63167,1
12841,0
57518,0
49963,1
37278,0
35307,0
9233,1
32390,0
46705,0
40158,0
64481,1
41874,1
19761,0
35537,1
9672,0
69875,0
12676,0
51471,0
35716,0
57115,1
57786,0
19668,0
24140,1
4781,0
37424,1
1498,0
32859,0
40448,0
31703,0
7762,0
35019,0
59546,1
4775,0
51549,0
44204,1
3589,1
69893,0
8006,0
17276,0
33883,1
529,1
64023,1
33507,1
47031,0
46404,0
13151,0
46878,0
1918,1
75659,1
43766,0
45901,1
46447,1
620,1
52045,1
43309,1
42945,1
70774,1
4077,1
71729,0
65944,1
51620,0
5880,1
31843,0
7736,1
25419,1
75438,0
49102,1
10945,1
22862,1
26348,0
37222,0
44574,0
59908,1
48629,1
6269,0
28159,1
71343,0
43423,0
32736,0
36717,1
64497,0
23550,1
69116,1
9554,1
48583,1
34835,0
46788,0
75089,1
35881,0
16648,0
31038,1
61009,0
41380,0
48421,0
60154,1
54722,1
4230,0
22173,0
15280,0
40023,1
73050,0
70073,0
57438,1
57536,0
66237,1
41488,0
52221,0
69299,0
8340,0
42707,1
6557,0
10883,0
59190,1
70862,0
32709,1
36760,1
34659,0
50485,1
12508,0
1063,1
36626,0
18569,1
47333,0
33739,1
33725,0
15862,1
6767,1
37055,0
73112,0
41541,0
28921,1
55504,0
56926,0
39714,1
26389,1
6714,0
5770,1
12603,1
15762,1
62284,0
24216,1
2387,0
44091,0
55422,0
2102,1
25551,0
68168,1
13970,1
15840,1
4624,1
23887,1
14923,0
24539,0
2794,0
73098,1
25124,1
60368,1
70718,1
28530,0
73236,1
26544,1
57927,0
43623,0
24438,0
44654,0
9210,1
53209,0
40101,1
3080,1
7423,1
21845,1
38215,0
23572,1
18089,1
73006,0
27574,1
46469,1
68039,0
20747,0
27455,0
12957,0
71118,0
45561,0
14467,0
20710,1
29650,0
64354,0
14487,0
53897,0
54878,0
14227,0
66514,0
73805,1
51015,1
30693,0
60622,0
35922,1
31731,1
8917,0
36655,0
9743,0
7178,0
47993,1
25658,0
24004,1
52080,1
60306,1
14263,0
65348,1
65943,0
34496,0
63393,1
1237,0
33568,1
73837,0
14961,0
65633,1
35382,0
41,1
69767,0
10751,1
1751,0
26098,0
51500,0
62748,1
75655,0
42037,1
18702,0
58230,0
63234,0
14205,0
51658,1
45662,0
27360,0
18670,0
62257,1
44299,1
59805,0
64518,1
43605,0
75224,1
63612,0
58236,1
36543,0
64779,0
1614,1
32681,1
75433,1
13836,1
69106,0
20252,1
31152,1
30139,0
37836,1
13880,1
43993,1
21055,0
31104,0
16960,1
52116,0
62992,0
3272,0
72181,0
16152,0
9717,1
23590,0
10200,1
75702,1
61189,1
48944,0
10356,1
27288,0
65913,0
29439,0
21623,0
72865,1
33701,1
37816,1
5668,0
56581,1
75222,0
57293,0
64700,1
24725,1
53835,1
44995,1
10208,1
34911,0
43698,0
44039,1
37756,1
30591,1
6999,0
13989,0
72280,0
23092,0
66195,0
19234,1
33301,1
4086,0
13505,1
16851,1
43007,1
52697,1
48194,1
63550,1
45613,0
46313,0
71109,0
18546,0
64639,1
36034,1
30874,1
56645,0
5663,0
33733,1
46882,1
13866,0
57969,1
6430,1
27901,1
39956,0
22198,1
60224,1
43937,1
40734,1
75205,0
20849,0
47284,1
16815,0
68150,1
4107,0
7806,0
42100,0
32368,0
66223,0
19712,0
46997,0
74209,0
31338,1
51680,0
4703,1
53323,0
262,0
31982,0
57428,1
62365,1
57109,0
69641,0
48142,0
25553,0
37691,0
16092,1
20972,0
47996,1
72381,0
39501,0
75649,1
66732,0
53172,0
9969,0
52209,0
46070,0
38358,0
36803,0
65345,0
40241,0
30005,1
8520,1
27895,0
20198,0
44849,0
64175,0
14915,0
73852,1
49413,0
54696,1
10202,1
19446,0
38219,1
48016,1
15272,1
7753,1
50646,0
59794,1
33713,0
44409,1
10976,1
43374,0
75030,1
6119,0
39480,0
40457,0
60023,1
23653,0
40583,1
23303,0
16645,0
59209,0
47603,1
19154,0
53241,0
5598,0
30380,1
60965,0
11185,0
33129,0
49029,1
51333,1
66547,1
46392,0
28541,0
47595,1
43862,1
58793,0
74593,1
6499,1
24724,1
8109,1
46473,0
64767,1
26625,1
53642,0
28372,0
52170,0
73202,1
72150,0
66313,0
43343,1
3035,0
31032,1
65674,0
27960,0
46653,0
15096,0
25689,0
25328,1
14216,1
30476,0
38721,0
4246,0
50241,1
65274,1
24652,0
75192,1
14905,0
30491,1
36976,0
36788,0
19799,0
42709,0
15995,0
18144,0
66302,1
41722,1
69413,1
18281,0
2356,1
16143,0
3135,0
19661,1
3079,1
13439,1
42283,0
12144,1
14977,0
47833,1
33171,0
46112,0
43741,1
8426,0
11175,0
2582,0
65752,0
62392,0
58274,1
22023,1
73661,0
69326,0
56490,1
18654,0
67069,1
74296,0
14430,0
35401,1
39263,1
70041,0
87,1
39529,1
19559,1
13510,1
50786,1
9488,0
40324,0
14736,0
42015,0
38340,0
68996,1
25352,1
69993,1
70532,0
37624,1
508,1
15872,1
48220,0
36181,1
21239,1
12929,0
44021,0
2323,0
54579,0
50228,0
61220,1
51014,1
63946,1
39357,0
3116,0
40311,0
25184,0
1562,1
32233,0
31122,1
32429,1
72878,0
72171,0
14225,1
53386,1
42152,1
71031,0
73104,1
42947,1
17440,1
4042,1
4847,1
1138,1
62539,0
14920,1
12306,0
565,0
40754,1
54439,0
48141,0
13238,0
17858,0
75318,1
3657,1
16271,0
34796,1
64584,0
72405,1
38678,0
67116,1
15166,1
46173,0
73217,1
57696,1
57038,1
71390,1
33138,1
45042,0
9260,0
2865,1
43114,1
33304,0
50018,1
75727,1
66965,1
17425,0
46068,0
18967,0
41743,0
38985,1
26546,1
75050,1
57579,0
44620,1
470,0
46813,1
43650,1
10082,0
14877,0
17125,0
24515,0
42847,1
46766,1
14825,1
33231,0
2076,1
56391,1
7564,1
19063,0
17580,1
67889,1
49557,1
56368,1
59443,0
10678,1
17606,0
71458,0
48038,1
17471,1
16565,0
45354,0
61257,1
55324,1
33141,0
34596,1
66037,0
47018,1
20489,0
70516,1
64924,0
68087,1
53988,0
49567,0
45350,1
34660,0
51286,1
60061,0
63035,0
10579,1
48192,0
50822,0
34739,0
50130,1
75624,1
73472,1
26532,1
14210,0
19619,0
33057,0
37004,1
11381,1
61972,0
74785,0
15918,0
54034,1
10281,0
73777,0
31655,0
71276,0
25112,1
15300,0
36005,1
35235,1
62504,0
71271,0
74448,1
60983,0
72549,1
28245,0
63985,0
18250,0
23965,0
32372,0
51357,1
21228,0
10974,0
36027,0
68941,1
45321,1
72355,1
13515,1
25741,0
39661,0
10568,1
62866,1
53165,0
31792,1
60092,1
38064,1
11303,1
13171,0
2037,1
67650,0
14655,1
10006,0
38977,1
41766,0
10035,0
68125,0
5093,0
8631,0
51270,1
23736,1
67447,0
34090,0
65133,0
26124,1
15287,1
70006,0
22679,1
3769,1
30400,1
46837,0
62838,1
1250,0
17616,0
46960,0
38581,1
31423,1
61897,1
59513,0
6152,1
41873,0
23862,0
66645,0
5749,1
11896,1
40316,0
68260,0
25176,1
4922,1
12463,0
5350,1
33467,1
8957,0
45223,1
28932,0
60736,0
14316,1
55370,0
58617,0
67440,0
9851,1
50706,0
43592,1
40291,0
11579,0
59820,1
29461,1
73689,1
39053,0
31604,1
10284,0
33081,0
12797,1
437,0
8132,0
51321,0
49083,1
58473,1
49512,0
37449,1
69792,1
27140,1
48649,0
44483,0
4186,0
26821,0
24773,1
67457,0
32350,1
54904,0
42047,1
31123,1
32460,1
37089,1
54501,0
13107,0
67893,1
36187,0
68362,1
68076,0
62503,0
18395,1
51196,0
66361,1
54060,1
9262,1
43367,0
66518,1
35162,0
72229,1
60912,0
61770,0
5859,1
66517,1
4345,1
25026,0
31680,0
16317,0
41467,1
11353,1
59276,1
32248,1
41450,0
55748,0
24360,0
33988,1
66412,1
34899,1
28888,1
58635,1
47636,1
75711,1
8217,0
8450,0
9806,1
69313,0
39079,1
26114,1
41181,1
22719,0
72212,1
28902,1
51298,0
19178,0
19417,1
54022,0
25081,0
43352,0
4796,1
10928,1
7614,1
1243,0
42259,1
19442,1
43217,0
51819,0
53605,0
20923,1
5715,1
56074,0
42955,0
33936,0
9093,0
54223,0
64765,0
15462,0
49525,0
8569,1
48313,1
29376,0
21380,1
62338,1
11008,1
58612,1
35282,1
59659,1
40459,1
60933,1
35128,0
45355,0
20012,1
26081,0
63921,1
55166,1
67673,1
58936,0
61150,0
54858,1
33316,0
71410,0
33548,0
70379,1
26425,1
44518,1
7153,1
49478,0
62053,1
5238,0
73445,1
74754,0
66280,1
13311,0
49896,0
15206,1
61260,0
34019,1
8014,1
42335,0
51441,1
61454,1
48797,0
74343,0
24461,0
54784,0
70716,1
44401,1
13139,0
28085,1
46045,0
22864,1
40148,1
19810,0
25202,0
33370,1
33668,1
53046,0
53682,0
17113,0
3615,1
2419,0
26705,0
28726,1
30931,0
26538,0
6546,1
6133,0
1341,0
34843,1
35298,1
64523,0
63660,0
41527,0
64909,1
58534,0
29840,0
45570,1
53011,1
41524,1
30068,0
44930,1
7990,0
33853,1
13873,0
2610,0
70400,1
41969,1
26797,1
31638,0
51337,0
4994,0
61014,0
13968,0
37242,0
29531,1
20957,0
65388,1
31648,1
38537,1
48140,1
50794,1
49504,1
58532,0
44989,0
62698,0
32035,0
59362,0
60949,1
69100,0
8027,1
16975,1
15925,0
39902,0
41559,0
31030,0
66907,1
7852,1
75813,0
63083,0
15121,1
69803,1
295,1
8985,0
35028,1
40899,0
3349,1
9630,0
63001,1
57635,1
50371,1
9019,1
29906,1
48384,1
14898,0
59756,0
61459,1
42146,0
47313,1
32172,1
23605,0
30963,0
22671,0
22000,0
38318,1
46568,1
64697,1
27149,1
24322,0
1645,1
55288,1
19868,1
69208,1
55685,1
19483,0
59234,1
73431,1
18001,0
26968,1
62202,0
69180,1
72112,0
21974,0
72320,1
52929,1
61542,0
66171,0
50318,0
56904,0
75003,1
12047,1
68720,0
8751,0
4890,0
30704,1
14795,0
36006,0
66321,1
73987,0
44457,0
28230,1
48186,0
71247,0
32049,0
15869,0
30910,0
381,0
10207,0
27691,1
51806,0
11201,1
32186,0
5117,1
15168,1
3405,1
7418,0
11281,0
72526,1
50052,0
12494,0
32191,0
35907,1
21140,0
30808,1
4842,0
4096,0
5456,0
58196,1
29723,1
14971,0
9286,0
68764,0
51627,1
26655,1
68040,1
7758,0
56760,1
20675,1
58689,1
19777,1
37333,1
74059,0
21154,1
30462,1
41639,1
73323,0
69577,0
54814,1
4508,0
24455,0
74447,1
927,1
40413,1
71422,1
26554,0
56090,0
27545,0
3527,0
14627,1
68705,1
50072,0
40352,0
20248,0
72340,1
49639,1
40733,1
24429,1
19632,0
38603,0
59060,0
64056,0
35245,0
28881,1
37072,1
13736,0
4362,1
18275,0
27243,1
32976,0
18358,0
23840,0
16341,1
20628,1
44307,1
44408,1
5059,0
74719,0
63219,0
65162,0
3610,0
54426,1
40335,0
29706,0
71370,0
11379,0
61096,1
66168,1
28429,1
20078,0
39257,0
37715,1
54987,0
14801,0
43100,1
59233,0
5862,0
21030,0
31515,1
197,0
60827,0
31022,0
15644,0
10898,0
48380,0
30033,1
72730,1
60453,1
16924,1
56013,1
41266,1
812,1
54715,0
33430,1
23908,0
26294,1
22987,1
40680,1
69782,0
14054,0
24289,0
14745,1
61234,0
2914,0
65991,0
58881,0
13385,1
55282,1
61445,0
18510,0
34314,0
45784,1
18490,0
37142,0
48008,1
41193,1
45455,1
5195,0
68934,1
46736,1
37701,1
8654,0
29676,0
60859,0
43429,0
10831,1
64818,1
57563,0
60395,0
60578,1
6396,1
45194,1
8883,0
65756,0
28840,1
2167,0
63736,0
39214,1
38301,1
65835,1
20930,0
26001,1
23262,1
73850,1
23721,1
69491,0
33977,0
74662,1
41302,0
73599,0
56351,1
7302,1
47512,1
29089,0
62452,1
1716,0
64994,1
3592,1
74441,0
36527,0
47116,1
56383,0
1468,1
37191,0
24573,0
13277,1
71659,1
50462,1
41774,0
475,0
35457,1
13674,0
36639,1
6030,1
9293,0
35177,0
24528,0
30167,1
61460,0
42713,1
26191,0
21632,1
45598,1
41020,0
1643,1
19012,0
23020,0
18044,0
57240,1
35143,1
72503,1
42890,1
53365,1
72719,0
26898,0
27788,0
31903,0
449,1
58830,1
94,0
21826,0
19945,0
70821,1
40498,1
68272,1
66834,0
14111,1
14884,1
70127,1
29018,1
67256,0
36858,0
9807,0
58529,1
13539,0
72498,1
69849,1
62961,1
16027,0
22313,0
19293,1
63367,1
51874,0
69250,0
66015,0
43526,0
24884,1
55914,0
54082,1
48237,0
60610,1
2337,0
34068,0
16127,1
59636,0
16671,0
52501,1
12589,0
70671,1
68471,0
75127,0
66367,1
74670,1
5278,0
55613,0
52623,0
70451,1
19157,1
64898,1
23362,0
28720,1
66428,1
60870,1
37497,1
16285,1
52444,0
39024,0
26787,1
19261,1
15847,1
52869,1
74386,0
32662,0
30678,0
53821,1
5112,1
27914,1
69955,0
28400,1
24166,0
10447,1
35734,1
2425,0
44148,1
12528,0
29896,1
18130,0
45999,0
43366,0
20686,0
1822,0
60008,1
20701,1
40615,1
68761,1
46430,1
36664,0
19820,1
19064,0
24822,1
33508,0
59325,0
49797,0
64081,1
71742,0
13607,1
13217,1
67463,1
66725,1
19462,0
50897,0
1783,0
12856,1
27501,1
17080,1
32693,1
1013,0
34874,1
47673,1
73602,0
65299,1
66422,1
16871,0
7906,0
19110,0
31088,1
58762,1
35,0
9387,0
65734,1
19361,1
20863,0
23056,1
5023,0
64795,1
58369,0
37149,1
630,1
17245,1
69285,1
13681,1
27378,0
9022,1
25621,1
54399,0
9557,0
3516,0
38216,0
17945,1
9975,1
21422,1
30954,0
67528,1
36268,1
15899,0
66224,0
37265,1
34406,0
58123,1
58761,0
29779,0
44872,0
27201,1
55688,0
57926,0
56689,0
1547,1
74680,1
31440,1
21758,1
54586,0
35722,1
39491,1
28815,0
38377,1
3778,1
16740,0
61480,1
50744,0
1020,0
24537,0
2400,0
47017,0
4774,0
41728,1
63326,0
19321,0
30744,0
14519,0
28028,1
7773,1
74083,1
69463,0
44371,0
49588,1
2797,0
1912,1
69374,0
56585,1
25283,0
6251,1
36707,1
68531,0
73655,0
28383,0
15146,1
74139,0
32946,1
55352,1
14370,1
36744,1
55943,1
75561,1
29638,1
62632,1
61843,1
14046,1
30801,0
4227,0
41323,1
22451,0
37379,0
32398,0
49506,0
60950,0
71312,0
39094,0
47565,1
60777,1
48108,0
25976,0
39556,1
61433,1
7408,0
5467,0
33330,0
37906,1
3706,1
62200,1
41988,1
73947,0
70393,0
63709,1
15215,0
17198,1
47644,1
67804,1
46857,0
13878,1
32051,1
39199,1
66241,1
74440,1
30038,0
32621,1
57944,1
44674,0
56765,1
40927,1
996,0
73679,1
41049,1
9550,0
37794,1
65100,0
31421,0
60393,1
15345,1
16515,1
33169,0
39399,0
32734,1
27442,0
16679,1
47070,0
46934,0
57193,1
7380,0
41436,0
60050,1
38741,0
71535,0
70274,0
15341,1
10940,1
75072,1
16095,0
19955,0
43421,1
48404,1
56758,0
42286,1
71087,1
23709,1
26828,1
21033,0
18189,0
45240,0
37083,1
58891,0
47506,0
74021,1
56906,1
65368,0
23410,0
52519,0
4373,1
74729,0
37050,0
26011,1
45094,1
57123,0
22194,0
60065,1
39577,0
11656,0
2620,0
16554,0
40960,0
55802,1
23741,0
44949,0
2861,0
45222,1
23931,0
8545,0
30680,0
43885,1
28776,1
3505,0
10512,0
58736,1
70669,1
70610,1
74270,1
39084,1
20101,0
29933,1
14132,0
51029,0
35615,0
22373,0
48837,0
29380,1
72297,0
58304,0
13044,0
66506,1
4238,1
53163,0
50083,1
64932,1
19578,0
46712,1
53702,1
46533,1
57188,1
68171,1
10324,0
1554,1
12954,0
48775,0
15310,0
29712,0
68592,1
52911,1
71661,0
54137,1
16328,0
35157,0
14371,0
43151,1
62829,0
30267,0
1301,1
4858,0
44076,0
11319,1
10561,0
13793,1
15326,1
9706,1
5690,0
42930,1
37632,1
33616,1
65723,1
30673,1
26366,0
21541,0
37045,0
56777,1
2352,1
45424,1
35232,1
74045,0
33576,0
38291,1
67410,0
74737,1
59144,1
63069,1
39973,0
67704,0
11304,0
13316,0
73709,0
23089,0
9809,0
63291,0
62528,0
71121,1
46314,0
64654,0
37649,1
68744,1
12588,0
28968,0
48869,1
10157,1
39688,1
13466,0
8659,0
20892,1
9937,1
69554,1
38633,1
67039,0
56673,0
38791,0
75333,1
65567,0
63937,1
31145,1
74806,1
27905,1
13159,1
50977,0
64205,0
47274,0
19568,1
74433,0
74827,1
60033,1
21205,0
75280,1
53461,0
68613,1
64726,0
32987,1
45431,1
40270,0
26746,1
40027,0
2618,1
26325,0
26913,0
58806,0
62432,1
22978,0
16368,1
22845,1
40954,1
5936,1
12574,0
14495,1
10112,0
11733,0
305,1
51281,1
61709,0
75094,0
25120,1
37260,0
71534,1
72780,1
25724,1
45844,0
66963,1
10090,1
52284,0
44527,1
72011,1
53044,0
10238,1
34590,1
37215,0
12881,0
39374,0
37949,1
21358,1
33439,0
55113,1
5268,1
98,1
41090,1
31190,0
58394,1
14385,1
49670,0
72741,0
10232,1
67165,1
58670,0
59680,1
51327,0
3711,0
38306,1
69348,0
38529,0
11083,0
34187,0
49394,0
43418,0
30545,1
25912,1
2285,0
11021,0
38898,0
59986,0
12779,1
54100,0
55256,1
50968,0
1166,1
11061,0
39492,1
11252,0
29266,0
7103,0
6900,0
20327,0
34675,0
43000,0
74470,1
4274,1
8030,1
41100,0
70949,0
27091,1
26789,0
4425,0
65071,0
13028,0
70625,0
58746,0
22030,0
14659,0
36906,1
57464,0
31003,0
3678,1
57807,0
20505,0
40544,0
69465,1
2017,1
39368,0
42600,0
20328,0
39229,1
41114,0
52419,0
10987,0
11940,1
11290,0
44450,0
68085,1
72823,1
44062,1
61254,0
52341,0
42121,0
24220,0
7120,1
50392,1
68008,1
59899,0
50058,0
56974,0
18515,0
12415,1
71749,1
64240,1
20920,0
58412,1
48332,1
41946,0
8267,0
27551,1
41612,1
73002,0
29878,0
37847,0
16047,1
43166,1
2530,1
44888,1
395,0
45495,0
55630,0
23991,1
64044,0
40837,0
71822,1
35327,0
56908,1
35897,1
74215,1
65583,1
68535,0
25448,0
26356,0
53925,1
31639,1
61164,0
18425,1
44553,0
17492,0
57973,0
59993,0
59258,0
21184,0
35849,0
46743,1
65058,0
29860,1
17147,1
20792,0
1860,0
55158,0
7725,0
23670,0
38707,0
40338,1
38117,0
32556,1
6382,0
19850,1
67546,1
42764,1
7413,0
20120,0
10540,1
11843,1
46297,1
69482,0
20155,1
33288,1
43099,1
70579,0
73977,1
14894,0
63957,0
40421,0
33779,0
24911,0
8377,0
54697,0
48301,1
74077,0
37195,0
30028,1
6169,0
7518,0
26604,0
28420,1
19782,0
54104,1
46789,0
59347,0
22606,1
20771,1
35632,1
50747,0
47381,0
10520,0
50802,1
13059,1
25087,0
16895,0
28549,1
37489,0
67637,0
24182,1
63776,0
57650,1
54396,0
30325,0
54334,1
10330,0
35216,1
47652,1
46692,0
66599,0
8371,1
71941,0
1917,1
11358,0
57790,0
48291,1
31259,1
41828,0
56272,1
10459,1
66661,1
4929,0
39950,0
54959,1
38369,0
50625,0
60426,1
51561,0
9433,0
27576,0
59955,0
22652,0
9490,1
60845,0
52136,1
64899,0
37940,0
69703,1
52107,0
66291,1
45071,1
20590,1
22390,1
48372,1
10587,1
22204,0
65999,1
65585,1
58253,1
68855,1
42812,1
50540,0
32435,0
47467,0
54761,1
60120,0
11287,0
41872,0
50357,0
36925,0
69159,0
34154,0
601,0
17740,0
64347,0
34944,1
58497,0
64543,0
10968,0
52146,0
37054,0
15739,0
18750,0
31662,1
47294,1
50702,0
18436,0
6673,1
6073,0
25267,1
71496,1
2813,0
21799,1
7293,0
64227,1
35663,1
49758,1
50480,0
29337,0
10465,1
10028,0
22796,1
63313,1
54540,0
67472,0
52536,0
51524,0
1872,1
39351,0
62791,1
53034,1
7276,1
55903,1
42827,1
43409,1
67718,1
3029,1
36575,1
413,1
75426,1
34222,1
8773,0
44977,0
65769,0
12510,0
56461,1
73451,0
35674,1
24665,1
60680,0
46471,0
4706,1
60990,1
59180,1
26666,1
73982,1
2091,1
13638,1
15753,0
66770,0
4702,1
69115,0
8596,0
1514,1
54829,0
53980,0
8583,1
4828,1
9573,0
42262,0
26090,0
32299,0
3878,0
75643,1
57741,0
34669,0
29158,0
73567,0
36313,1
26978,1
43289,0
18131,0
41540,0
10581,0
8088,0
55593,0
69771,0
9846,1
70832,1
56362,0
17317,1
25088,0
74615,0
18561,1
22378,1
32086,0
23917,1
32502,0
62319,0
49570,0
17865,0
38894,0
70109,0
36439,0
28487,0
28445,0
6991,1
16986,1
16511,0
67698,0
22139,0
32122,0
74312,0
1729,0
57006,0
5327,1
21153,0
21440,0
67179,0
18980,0
48345,1
56234,0
73666,1
72864,1
59583,0
1350,0
59471,1
26227,0
48625,1
25503,1
2943,0
31180,0
21236,0
27910,1
56323,0
64541,0
43355,1
61155,0
9750,1
66169,1
41537,0
16948,0
20647,1
9255,0
43456,1
45000,1
14942,1
34236,0
11608,1
73184,0
33622,1
44514,0
11168,0
10709,1
70800,1
63492,1
24013,1
67502,1
36828,0
17683,0
73874,1
62693,1
30199,0
42753,1
29245,1
8907,1
52753,0
4817,0
69085,0
71751,0
63911,0
5712,1
50827,0
47796,1
22370,1
36817,1
72860,0
5102,0
7080,1
34204,1
16359,0
5717,1
8595,0
8102,1
32921,0
6495,0
25761,0
32637,0
21052,1
46620,1
8464,0
1532,0
70191,0
14447,1
31591,1
57791,1
66546,0
49085,1
16297,1
19846,1
49105,1
61449,0
65241,1
24200,1
9004,0
28663,0
6117,0
45195,1
70673,0
8416,1
31628,0
36114,0
49276,1
27225,1
484,0
56567,0
73426,1
34980,1
65812,0
74465,0
40122,1
48137,0
39047,1
52750,1
38695,1
24763,0
3664,1
75439,0
40512,0
67063,1
16093,0
33864,1
5228,1
46608,0
54943,1
27862,1
15452,0
54877,1
61372,1
51213,0
22969,1
16686,1
56425,0
19504,1
65688,0
31820,1
41575,1
13152,0
70253,1
45534,1
62679,1
70600,1
22310,1
6581,1
1197,1
58008,0
75814,1
27096,1
37077,0
20473,1
53521,1
59218,0
10286,0
55244,1
28589,1
70663,1
23418,0
54924,1
55330,1
23531,0
60320,0
16999,1
69651,1
66587,1
19102,1
31114,0
51071,0
49753,1
33076,0
31462,1
52629,0
16911,0
33537,0
70534,1
10077,1
63560,1
44948,0
21279,0
31211,0
43774,1
23416,1
1040,1
9384,1
57175,0
21242,1
51726,0
20948,0
22797,1
67715,0
55832,1
44785,1
44795,1
30527,1
62547,0
54518,1
8507,1
57429,0
38142,0
62405,0
45312,1
51249,1
40096,1
15544,1
56374,1
2135,0
36026,1
26312,0
1170,0
13328,0
57126,0
54377,1
31320,0
35884,1
18584,1
6599,0
43294,0
442,0
38941,0
63856,1
37108,0
69693,0
17004,0
46942,1
51020,1
73151,0
74363,1
69327,0
26190,1
27723,1
30522,1
5067,0
25231,1
6609,1
65152,0
57407,1
46241,1
9025,1
26274,1
57195,1
74479,1
54485,0
52908,1
58822,1
6612,0
18157,1
12256,0
33053,0
41029,1
50499,0
32259,1
30950,0
25754,1
61134,1
56246,1
3124,1
18497,0
51460,0
49863,0
56372,1
59411,1
72038,1
71546,1
7567,1
67235,1
26016,0
30134,0
12934,0
63872,1
62267,1
24415,0
75013,1
59548,0
59241,1
36232,0
70496,1
24332,1
51405,1
44201,1
33313,1
39988,1
25476,1
74413,0
30088,0
71764,0
29294,1
4491,0
14516,0
72342,1
32440,1
28677,1
71722,1
73455,1
3585,1
7801,1
8521,1
25235,0
51938,0
49315,0
25379,0
453,1
5839,0
21676,1
58804,0
25304,0
34007,0
66519,1
44659,1
55146,0
1045,0
49192,0
70702,1
12039,0
15109,0
61377,1
59466,0
58204,0
48004,0
56889,0
35464,0
10674,0
36002,0
18468,0
24530,0
69091,1
60691,1
25556,0
27186,1
11561,0
22232,0
44230,0
71698,1
24363,1
70396,1
70049,0
48675,0
19290,0
17963,0
65258,0
18102,1
64829,0
20669,1
35759,1
61644,0
59342,0
56734,1
34256,0
17444,1
67281,1
66365,0
55151,0
33811,0
55527,0
48037,0
19212,1
16118,1
11443,0
31922,1
6635,0
51336,0
26747,0
73432,0
48062,1
49472,0
74917,0
72872,0
58583,1
34637,0
52901,0
53738,1
45360,0
15453,0
72092,1
35425,0
32867,1
63077,1
5307,0
17971,1
69695,1
26296,0
56840,1
61156,0
47102,1
73123,1
22024,1
32549,0
11491,0
30178,0
58808,0
51219,0
3704,0
33670,0
74241,1
60102,1
11525,0
38779,1
66901,1
21240,1
54919,0
10175,0
6867,0
64106,0
60361,1
38614,0
70932,1
7405,0
75061,0
40381,1
37587,0
12272,0
69394,0
23030,0
30757,1
6034,1
44354,1
3168,1
62012,0
52851,0
10147,1
6465,1
14149,1
16111,0
1050,0
50522,0
62232,0
19794,0
9151,1
53768,1
8910,0
66523,0
11492,1
22541,0
55528,1
11646,0
18979,0
64834,1
14011,0
25145,0
8046,1
56829,0
70002,0
43936,1
75771,0
21272,0
21724,0
41036,1
54897,0
49596,0
65976,0
9537,0
7342,1
3304,0
14120,1
48738,0
65341,1
67987,1
31057,1
66882,0
30372,1
61741,1
466,0
66093,1
5829,0
52857,1
24108,0
11993,0
50262,0
24743,0
62921,1
8808,1
35919,1
6335,0
72144,1
5179,0
24909,1
67695,0
20842,1
65829,1
65036,1
42760,0
36971,0
52086,0
34181,1
11788,0
43008,0
33132,1
1668,0
43699,0
55542,1
22427,0
69606,0
10308,1
3553,1
7425,1
51345,0
65776,1
27418,1
3209,1
65850,1
62307,0
9590,0
30425,0
71175,0
71649,0
48503,0
40434,1
49998,1
72250,1
57711,0
49185,0
34570,1
36395,1
62022,0
52196,1
2927,0
17485,0
26155,0
35270,1
21670,0
38551,0
66960,1
65251,1
23447,0
16492,0
25467,0
71948,0
8423,1
36486,0
27548,1
66375,0
52772,1
19370,0
19035,1
24378,1
43153,0
6958,1
9627,0
52724,0
33852,1
27368,0
38984,0
31923,1
69692,0
71787,0
48968,0
10123,1
11722,1
36442,1
41314,0
18338,0
62721,1
52737,0
11841,0
55067,1
32651,0
26682,1
44397,1
28883,0
34325,1
16174,0
3270,0
58086,1
19403,0
59555,1
65190,1
52999,1
48659,1
1852,0
74101,0
18874,0
68121,0
52710,0
53024,1
70880,1
70040,0
47605,0
9289,1
30745,0
7999,1
37019,1
69914,0
75581,1
29532,1
51686,1
41579,1
47273,1
51288,1
4033,0
8525,0
71198,1
7943,1
11190,0
222,1
74261,0
3190,1
2339,0
23038,1
57887,1
64670,0
53759,1
8251,0
72380,0
5446,0
71922,1
59996,0
41979,0
23135,1
40112,0
41605,1
44274,0
10778,1
61487,0
27558,1
54994,1
4285,0
61217,1
56204,0
32620,1
15385,1
15551,1
59073,1
27921,1
71218,1
4386,1
59902,1
58920,1
19811,0
69012,1
2212,1
6102,0
5225,1
46054,1
66326,0
17428,1
50965,0
17528,0
58227,1
29037,1
18576,0
56018,0
39192,1
37302,0
57901,1
39561,1
4918,0
41647,1
5935,1
34626,1
60567,1
59853,1
46128,0
57935,1
43060,1
4106,1
41395,1
2627,1
19972,1
30051,1
1719,1
70243,1
21708,0
4756,0
37402,1
41475,0
71080,0
58963,1
35378,0
57358,0
11605,1
35210,0
25154,0
45397,0
6349,1
64183,0
45563,1
40663,1
31935,0
8762,0
19236,1
9011,0
71050,1
7776,0
40950,1
69500,1
38570,0
50545,0
73553,0
36250,1
67628,0
19802,0
75492,0
17766,0
6046,1
6990,1
49798,0
69836,0
3895,1
36286,0
32686,0
57430,1
44304,1
31,0
28704,0
1370,1
12138,1
40730,0
16484,1
66921,1
53720,1
41147,1
40545,0
22662,0
44786,1
4634,0
11865,1
61922,1
71093,1
61668,0
39751,0
67426,0
73955,0
42505,1
6688,0
72479,1
7508,1
62083,1
12567,1
62433,0
59183,1
30849,0
60889,0
11498,0
3391,0
33050,1
33790,0
40106,1
39727,0
29261,1
67207,0
12227,0
18589,0
8022,1
27326,1
35002,0
36642,0
31300,1
35055,0
69458,0
4469,0
8777,1
70418,1
67465,0
3183,1
701,0
972,1
18986,1
22295,1
7598,0
48133,0
25435,1
59549,0
36842,0
35544,0
43066,1
51229,0
74802,0
45845,0
29364,0
5608,0
69393,0
14275,1
1821,0
64953,0
2695,0
1606,1
17159,1
7439,1
59835,1
15430,1
63251,1
46368,1
8953,0
36597,1
23711,0
10590,0
22959,0
57435,0
59505,0
27365,1
31466,1
52129,0
36539,0
30614,1
28156,1
2655,1
6324,1
20103,1
21803,0
74152,1
7162,1
16057,0
7322,1
8264,0
20357,0
37970,0
63602,1
7056,1
17223,1
11770,0
15514,0
46280,0
71188,0
12743,1
35189,0
61395,0
37901,1
34271,1
72190,1
6244,0
32356,1
34211,1
69174,0
73695,0
21233,0
45069,1
26906,0
63454,1
43388,0
48830,1
71979,1
9609,1
14687,0
33179,0
61689,0
51184,0
6134,1
32091,1
12576,1
39934,1
14273,0
50650,1
37436,0
58589,1
13552,0
37608,0
57843,0
34510,0
19210,1
57365,1
56895,0
67647,1
45932,0
75015,1
35318,0
13081,0
17029,1
18974,0
39269,1
68739,1
48643,1
38777,1
30484,1
11932,1
10756,1
11986,1
4162,1
10740,1
40548,0
52097,1
24989,1
32789,0
65040,1
35914,0
20874,0
41131,1
73980,1
56511,0
48650,1
25193,0
44498,1
57137,0
39749,1
25903,1
40282,1
49724,1
71759,1
7018,0
19574,1
50784,1
10745,0
50662,1
15883,1
4087,1
25584,1
57396,0
44792,0
48366,0
26396,0
32177,1
2243,1
65457,0
42381,1
42067,1
47455,0
48847,1
49466,0
5475,1
47559,0
47047,1
33096,1
52072,0
62763,0
50266,1
10022,0
18113,1
33380,1
43831,1
62191,0
46535,0
34105,1
18882,1
15102,1
53526,1
22638,0
54216,0
21277,0
62054,1
43177,0
2489,0
73829,1
24871,0
34158,0
23223,0
33682,0
12710,0
52670,0
37880,1
53464,1
61848,0
58834,0
47254,0
68818,1
18804,0
48258,0
49723,1
53811,1
39864,0
54201,0
44698,1
26634,1
49386,0
57179,1
15525,0
56249,0
29295,1
25719,0
25600,1
73749,0
40896,1
28124,0
55379,1
74070,1
18775,0
31572,0
17431,1
17045,0
34870,1
45389,1
29754,1
25182,0
36366,0
7270,1
1832,0
71219,1
36040,1
19253,1
70693,0
61918,1
19523,1
3333,1
14280,0
54576,0
2528,1
16610,0
1027,1
45758,1
33442,0
72722,1
20106,1
68276,0
53502,0
41445,1
65246,1
56460,0
494,0
51287,0
69738,0
69014,0
71413,1
41834,0
49104,1
8781,1
72270,0
75431,0
59948,1
21407,1
45826,1
1629,1
25542,0
43997,0
75286,0
75670,1
74107,1
58782,0
50606,0
44799,1
59010,0
54222,0
75545,0
5775,1
54641,1
43115,0
41062,0
12550,0
35138,1
12210,0
69541,1
73326,0
52497,0
6114,0
26014,1
48188,0
62544,1
60725,0
73590,1
37856,1
45083,1
11674,1
39326,1
54036,0
25850,1
18457,1
58099,0
7349,1
13260,1
30902,0
48570,0
23963,1
54454,1
38947,0
58672,0
72809,1
24619,0
53651,1
64782,0
28829,1
40207,1
34307,1
62230,1
59725,1
72135,1
51476,0
55660,1
19080,1
37554,1
36434,1
9822,1
25316,0
32240,1
70568,0
12883,0
63756,1
28006,0
68919,0
49258,0
44823,1
66577,0
64272,1
60346,1
62476,1
31791,0
26563,0
65010,0
62807,1
56326,0
47376,0
17914,1
53539,0
29735,0
5029,1
69307,0
37466,0
64506,0
20146,1
73801,1
3504,0
11202,0
75657,0
54714,0
59650,0
39513,0
59052,0
72908,1
47877,0
53375,0
48917,0
34458,1
4727,0
21394,1
22419,0
54902,0
28510,0
28203,0
68249,0
17077,0
35893,1
57323,1
5118,1
27203,0
63125,0
34338,0
34981,0
21042,0
46794,1
22879,1
25288,0
38190,1
59779,0
16272,1
27240,1
48816,0
41745,0
66398,1
19180,0
71284,1
37462,1
53408,1
21,1
59129,0
62139,1
27067,0
54550,1
49027,0
56623,0
22855,1
24712,1
66368,1
54638,0
5612,0
2803,0
47118,0
7606,0
58409,1
49290,1
58116,0
8674,1
33530,1
43443,1
48908,1
32499,1
64251,0
32810,0
5198,0
36962,0
11213,1
58299,1
27965,1
57743,1
2639,0
43561,1
47902,1
70838,0
53747,0
67866,0
41624,1
46765,0
73792,0
45755,1
58988,1
44200,1
32203,1
4014,1
55483,0
1553,1
49385,1
45961,1
45336,0
49849,1
3162,0
41073,1
74714,1
68926,1
41700,0
57029,1
68445,1
20105,0
61985,0
1588,1
1536,0
14952,0
36235,1
53071,1
57272,0
37327,0
56782,0
6800,0
37321,1
54414,1
13116,1
68937,0
69946,0
55457,0
11440,0
58964,1
5309,1
14545,0
16555,0
60726,1
4073,1
64300,0
45254,0
45064,1
15558,0
24071,1
20193,1
38075,1
18498,1
50987,0
11966,0
42202,0
47433,1
54341,0
47329,1
50244,1
11691,1
39208,0
15451,1
11266,0
39669,0
33282,1
59515,1
17895,1
74067,1
29323,1
33916,1
63786,0
42889,1
32905,1
31327,0
40639,1
72941,1
56835,0
55280,0
32586,1
73190,0
34969,1
31493,1
63343,1
13782,1
12554,1
42106,0
15393,1
20348,0
72146,0
69151,0
59079,1
43144,0
60234,0
67243,1
21101,0
52272,1
73860,1
22150,0
37744,0
41392,1
41281,1
50243,1
52588,0
73293,0
16657,0
68775,0
64049,1
48698,0
54790,0
32155,0
44811,1
24296,0
58625,1
56869,1
7663,0
65651,0
47949,1
44857,1
69459,1
14889,1
56933,0
46821,1
41555,1
39169,0
67999,1
7539,1
23017,0
15423,1
1648,0
37133,0
19257,1
32194,0
10838,1
36109,0
35391,1
52630,1
45730,0
30537,0
49449,1
10042,0
69125,0
5569,1
53789,0
41099,1
42774,0
48068,0
5340,0
18382,1
27637,0
51937,1
63074,1
56194,1
70467,0
12783,0
61178,0
56699,1
11607,0
47823,1
49502,0
11894,1
44958,0
68902,1
18419,1
72192,0
26237,0
47090,1
36752,0
19092,1
18443,1
12048,1
13237,1
16959,1
21388,1
24900,1
27815,0
28526,1
32504,0
1779,0
27182,1
16756,0
65431,1
12072,1
55779,1
29793,1
65535,1
12469,1
47234,0
43295,1
14060,0
24980,1
7867,0
58699,0
16384,0
66236,0
57667,0
24226,1
18904,0
66436,0
50567,0
62162,0
13042,0
23861,0
626,1
35130,0
26842,0
24096,0
70813,0
75469,1
28145,1
3341,0
51064,0
18752,1
4566,1
51601,0
24031,1
46551,1
56332,1
31679,1
52104,0
18408,1
17340,1
63900,0
30617,0
28844,0
50084,0
68123,1
64771,0
20457,0
61827,1
65355,1
54071,0
14311,0
25183,1
59514,1
52888,1
69405,1
12113,0
22895,1
58927,1
13235,0
16625,1
60375,0
45821,1
2543,0
25775,0
62011,1
39547,0
74537,0
35612,0
21457,0
42708,0
50518,0
47717,0
7602,0
41852,1
20714,0
13927,0
39354,0
34881,0
4853,1
71324,1
2128,1
61929,0
22564,0
63557,0
43847,0
48497,0
73984,0
5222,1
70733,0
5865,1
14266,1
14823,1
13431,1
25519,0
4098,0
58730,1
27951,0
72998,0
63280,0
20973,1
26056,1
16323,0
48720,0
38442,1
38263,0
41203,0
30855,1
57266,0
42725,0
14463,1
50936,0
4603,1
27433,0
58265,0
33011,0
50847,0
41854,0
25407,0
65349,1
44040,1
38094,0
33436,0
6319,1
66778,0
9247,0
21189,1
7444,0
63349,0
36020,0
27180,1
9092,0
47340,0
9169,1
32741,0
68211,0
35911,0
35931,0
67659,0
64833,0
36019,1
30881,1
46320,0
64425,1
33371,0
74918,0
3881,1
27533,1
70408,1
24795,0
69907,1
57441,0
70979,0
6399,0
75143,1
16907,1
72148,0
18473,1
54961,0
51254,0
52283,1
23574,1
63918,1
64831,1
1024,1
38907,0
52416,1
71966,1
63398,1
50141,0
22205,0
24679,1
32274,1
34912,1
17935,0
57636,0
11633,1
21309,0
7575,1
25084,0
61567,1
52406,1
61896,1
44603,0
41434,1
12938,0
31077,0
6478,0
42808,0
18038,1
15413,0
55126,0
67555,0
11406,1
34900,1
74559,0
28029,0
63676,1
75807,0
16992,1
15197,1
66030,0
36440,1
72506,1
27313,1
75120,0
2153,1
21080,0
23391,1
71257,0
66647,0
64851,0
12739,0
27449,1
12311,1
51422,0
46461,0
66936,0
21558,1
72664,1
37347,0
73862,0
42456,1
35692,1
59033,1
16445,0
53054,0
46626,1
43252,0
1242,1
32308,0
68900,0
28848,1
59123,1
38725,0
1970,0
1469,0
71199,1
3439,1
8253,0
17974,1
8876,1
73082,0
61037,1
23971,0
6857,1
64886,1
45082,0
20739,0
51243,1
11685,1
45306,0
50900,0
9032,0
30725,1
24018,0
61048,0
22035,0
4534,0
29344,1
71669,0
40564,1
4132,0
49908,1
70489,1
12293,0
40484,0
9535,0
73894,0
17020,1
57633,0
64544,1
1758,0
30748,1
60667,0
5453,1
3234,1
55532,0
25323,0
18160,1
66189,0
38493,1
56716,1
50679,1
50760,0
40708,0
56991,0
18948,0
44245,0
25391,1
2312,1
23922,1
19058,1
31895,1
4957,1
7840,0
52964,1
72368,1
58258,0
27703,1
35250,1
38520,0
42837,0
1097,1
32650,0
31912,0
17923,1
73635,0
5147,1
68546,0
17429,0
10930,1
64216,0
15657,0
7124,0
69769,1
52555,0
15538,0
62061,0
28750,0
25679,1
29857,1
20955,1
65563,1
67241,0
3718,0
73094,1
64626,1
60330,0
55609,1
73910,0
45227,0
30572,0
59943,1
14337,0
43989,1
53397,0
16876,0
61821,1
26940,1
50941,1
27580,0
46999,1
68727,1
45334,1
57735,0
17310,1
12025,0
28184,1
63236,1
48181,1
57237,1
26406,0
3547,0
20085,0
26042,1
45369,0
4504,0
42277,1
55515,0
16015,0
22366,0
11076,0
32247,1
18729,1
64793,0
41489,1
13156,1
75029,1
72516,0
26696,1
50751,0
63893,1
50612,1
4575,1
20560,0
17240,0
51599,1
30752,0
33419,0
16001,1
14776,0
32422,0
51022,1
60722,1
1320,0
20534,0
4614,0
10795,1
14376,1
60024,0
2908,1
4240,1
22642,0
28868,0
23027,0
57190,1
21811,0
61054,0
73858,0
25030,1
23848,0
44294,0
45264,1
66711,0
49188,0
14563,1
12584,0
55139,0
26799,1
21127,0
56802,1
47466,1
8427,1
71854,1
52552,1
3495,0
56523,0
26683,0
53599,0
55245,0
15256,0
28122,0
46606,0
39834,0
39023,1
16141,1
3910,0
50755,1
4348,1
22866,0
38525,0
35286,1
60660,1
15149,1
75811,0
29949,1
62750,0
7630,1
3564,0
17229,1
68425,1
26276,0
57015,0
51417,1
45796,0
3030,1
51415,0
15765,0
51238,0
55011,1
31405,1
23139,0
50991,1
54003,0
60848,1
5725,1
17246,0
9056,0
49141,1
52257,1
51889,1
3698,0
37879,0
55703,0
12275,0
59905,0
72007,0
70110,1
69329,1
40696,0
53043,0
72424,0
21784,0
32174,0
62951,0
54094,0
27656,1
9413,0
41094,1
70154,0
39227,1
23546,0
16309,1
5190,0
51101,0
49948,0
72335,1
8151,1
29781,0
33136,1
25308,1
29995,0
22143,1
71359,1
15966,1
4438,0
10536,1
15134,1
50924,1
23992,0
18418,1
57432,1
54477,0
70590,0
21538,1
71044,1
5993,1
58347,0
70950,1
43291,1
17609,1
53261,0
32634,0
37082,1
22841,1
25504,1
9603,1
67926,0
12515,0
13702,0
20528,1
49410,0
74473,0
22744,1
68097,0
8636,0
50416,0
28436,0
28401,1
125,1
19875,1
59101,1
16349,1
64837,1
3996,1
63424,1
12887,1
31507,1
8089,0
11352,0
60809,1
71643,1
14821,1
25225,1
43747,0
68877,1
45168,0
20276,1
75411,0
64379,0
27581,1
15907,1
72585,1
31345,0
67563,0
54793,0
7479,1
46207,0
6501,0
63969,1
67405,1
55852,1
63425,1
54637,1
16371,1
51003,0
68110,1
70779,0
28172,1
14381,0
60434,0
11269,0
38261,0
68653,0
72437,1
4595,0
4466,1
1534,0
49796,0
24199,1
70188,0
7877,1
71184,0
65656,0
60350,1
49399,1
44143,1
37061,1
15147,1
10980,0
35064,1
71060,1
24498,0
29246,0
6378,1
33314,1
12951,0
51305,0
42134,1
33219,0
4004,1
75170,1
42408,0
75234,0
22617,0
44924,1
29142,1
25387,1
19379,1
24484,0
38490,0
43994,0
30203,0
11734,0
69817,1
36070,1
64139,1
26220,0
47364,1
456,1
26306,1
59573,0
62882,0
580,1
65499,1
63193,0
43927,0
73798,1
23101,1
28882,0
21967,0
44018,1
65062,0
30651,1
8062,1
44999,1
27763,1
41726,0
6764,1
25262,0
55268,1
67936,0
60040,1
73049,0
13578,0
16522,1
67380,0
19266,0
48275,0
62059,1
7318,0
52443,1
69210,0
71549,0
40903,1
14529,0
68473,1
56811,1
8319,0
46825,0
22595,1
30362,1
1182,1
44671,0
68904,0
48309,1
41128,1
27909,0
33560,1
18651,1
49124,1
75047,1
14341,1
62046,1
56139,1
5876,1
44433,1
5545,1
9003,0
30813,1
7290,1
11600,1
60183,1
14789,0
29375,1
59440,0
59059,1
36533,1
39451,1
22441,0
19449,0
18158,1
3767,0
60738,0
54179,0
68341,0
52290,0
42442,0
138,1
23163,0
53141,0
45864,0
8107,1
12389,1
39791,1
37814,1
50583,1
30494,0
13588,0
40937,1
49013,0
3515,0
54502,0
11107,1
46058,0
69588,0
61195,0
9020,1
68092,0
15928,0
19798,1
30461,0
41566,1
28452,1
65644,0
46973,0
10246,1
17821,0
31551,1
282,0
22954,1
29498,1
32530,1
44420,1
75338,0
5695,1
52966,1
48352,1
34677,0
57828,1
23085,1
37808,0
56117,1
46167,1
41976,0
64366,1
16301,1
34119,0
4710,1
15906,0
58366,0
67197,1
72880,0
6384,1
37566,1
11226,1
61176,1
3409,1
8220,0
70807,0
51346,1
59836,1
41925,1
10910,1
26068,0
61685,0
6277,1
65336,1
37886,0
6869,1
7265,1
51856,1
40996,1
55410,1
29435,1
43580,1
48411,0
23364,0
65201,1
33124,1
58323,0
61935,1
73334,1
30758,0
13282,0
53434,0
74577,1
4802,1
15270,1
54199,1
8864,0
6305,0
75410,0
23304,0
54612,0
23958,0
47432,1
17336,1
2220,1
7400,1
12429,1
11408,1
63838,0
8091,1
3307,1
7750,1
49435,1
10691,1
65787,1
62466,0
53116,1
33836,0
43981,1
65513,1
32546,1
391,1
11809,1
33503,1
62126,1
5162,1
7254,0
72299,1
71113,1
60293,0
66035,0
46102,1
9643,1
24064,0
31690,0
40384,0
59367,0
12271,1
58722,1
56464,0
29472,1
3509,0
52465,0
45013,1
21520,0
72107,0
13084,0
6704,1
60728,1
69917,1
75229,1
60813,0
62026,0
54927,1
8691,1
37821,1
29785,1
46020,1
66735,1
21971,0
56629,1
3832,0
38666,0
69740,1
59031,1
22334,0
30496,0
56554,1
41118,1
26867,0
21911,0
30641,1
27519,0
55278,0
23883,1
11859,0
31641,1
26050,0
60077,0
22360,1
11289,0
71236,0
31932,0
47369,0
54624,0
54503,0
25321,1
46038,1
17161,1
61456,1
72481,0
4307,0
10137,0
62519,1
29074,0
11956,1
74372,1
56488,1
26576,0
8765,0
29802,1
8810,1
48360,0
14047,1
11270,0
67985,0
14398,0
36949,0
3898,1
38992,1
70383,0
38055,0
72417,1
1746,1
15231,1
17619,1
14917,1
53225,1
21037,1
43770,0
7011,0
4225,1
16549,1
38220,0
34986,1
46732,1
7385,1
31135,1
56855,0
55232,0
36914,0
45666,0
18150,0
61811,0
7568,0
52760,1
29073,0
70923,0
6549,0
43838,1
21913,0
65973,1
35726,0
39117,1
28147,0
46518,1
9720,1
75060,0
33585,1
2475,1
34957,1
15618,1
34587,1
28384,1
5711,1
8675,1
49681,1
45207,0
33547,1
70857,0
43569,0
48484,0
38446,1
41383,1
71731,0
72119,1
66821,1
4667,0
22244,1
25490,0
19890,0
45747,1
40211,1
64182,0
1235,0
50490,1
28933,0
51221,1
39446,0
21276,1
51390,0
41552,0
57584,0
60085,0
5153,1
64257,1
2955,0
21453,1
46853,1
17061,1
68817,1
57510,1
6401,1
10765,0
19191,0
71504,1
40213,0
62352,0
18409,0
65530,1
5444,0
45742,0
61341,0
7897,0
69266,0
48804,1
73253,1
46883,1
49194,1
61517,0
53827,1
54180,0
48182,0
19579,0
23075,0
71008,1
33109,1
37501,1
69179,1
64220,1
66775,0
46801,1
18267,0
8269,0
68864,0
33791,0
59444,0
6471,1
53402,0
43470,1
62332,0
38310,0
57858,1
44369,1
55,0
64926,1
25696,0
28749,1
37953,0
39140,1
40074,1
69240,1
62950,1
56784,1
63568,1
45348,1
49225,1
69899,1
48619,0
2290,1
26908,0
55273,1
75535,1
25745,1
17012,0
7012,1
45615,0
2308,0
18705,1
40739,1
1225,1
64032,1
55382,1
16068,1
18416,0
21581,1
46832,1
6740,1
19037,0
20829,0
45813,1
27831,0
12128,1
33683,1
54293,0
53084,0
22110,1
31607,1
20427,0
14661,0
41485,1
48691,0
27458,1
2562,1
72207,1
21906,0
72884,1
8573,1
46103,0
74849,0
56680,1
75605,1
1427,1
36043,1
50554,1
64271,1
71294,1
6504,1
19104,1
10394,1
53462,0
62021,1
71409,1
32776,0
39011,0
39365,1
62328,0
29711,1
49688,0
59085,1
67324,1
72595,1
39245,1
8684,1
48751,1
54807,1
72127,0
3936,1
11542,1
65456,1
72439,1
63197,1
64573,1
56950,1
55521,1
72169,0
60700,0
12986,0
63832,1
59442,1
16037,1
59678,1
60930,0
31501,1
50774,0
6545,1
8982,0
49772,0
51829,1
53101,0
40160,1
11308,1
38179,1
5728,0
37607,0
32310,0
58361,0
24960,1
36960,1
22374,1
23345,1
5653,1
16521,0
59919,0
33898,0
13647,1
29452,0
27868,1
75007,0
67539,0
13199,1
1862,1
69516,1
38663,1
19871,1
8,1
56071,1
8792,1
58298,0
75036,0
15802,1
35915,1
30027,1
7094,0
56924,1
63202,1
32360,1
49889,0
32853,0
22122,1
18988,0
62586,0
46370,1
20927,0
32820,1
11713,0
23445,0
17280,1
48418,0
65326,0
69590,0
20855,1
20978,1
40911,1
68717,1
19136,0
16187,1
30893,1
41307,1
69793,1
2237,0
17515,0
15363,1
50886,0
5642,1
19125,0
9108,0
40,0
21320,1
10645,1
17635,0
60121,0
69832,0
14824,1
63764,0
38001,0
66938,1
38646,1
56434,1
50951,0
21592,0
36852,1
13815,1
62183,1
50617,1
59110,1
34414,1
42518,1
73086,1
6982,0
6055,0
53245,0
49376,1
46816,0
58983,1
31513,0
51982,0
41268,0
29798,1
33534,0
34789,0
27307,1
38140,0
16420,1
6213,1
42217,1
39096,1
59062,1
1688,1
46225,1
58825,0
42968,1
2615,0
32437,1
10783,0
70973,0
47141,1
8363,0
50184,0
72612,1
33397,1
19200,1
62609,1
28925,1
15922,1
13065,1
4581,0
25797,0
40345,1
29302,0
28573,1
68389,0
72676,1
43566,0
13899,1
41753,0
46001,0
13704,0
40450,0
53744,1
27413,1
24910,1
51158,1
32276,0
34224,1
16009,0
48568,0
64656,0
32369,1
53817,1
13617,1
59027,0
55186,0
25286,1
47564,1
53839,1
63716,1
38499,0
41685,1
5666,0
35005,1
61615,0
48304,1
51503,0
69143,0
75766,0
32996,0
58498,0
45450,0
7533,1
30222,1
58729,0
37292,1
56774,1
12399,0
59635,1
20019,0
31084,1
52518,0
41702,1
51492,1
41767,1
38050,0
64591,1
69732,0
7960,0
22861,0
25263,0
21736,0
26435,1
62857,0
10376,0
75527,1
38532,0
15137,0
50493,1
27083,1
21751,1
58329,0
32202,0
33989,0
69067,0
75648,0
44946,0
61900,0
14410,0
8930,0
23829,1
61971,0
9278,1
7262,0
39573,0
28274,1
35582,1
14591,1
63049,0
66916,1
47620,0
4127,0
44114,1
25297,0
52330,0
57655,1
4698,1
66276,1
4351,0
59567,0
18602,0
18643,1
74006,0
14860,1
45965,1
26336,1
26241,1
45551,0
73033,1
48207,1
25732,1
36719,0
55905,0
29672,0
46452,0
52073,0
44838,1
489,1
61835,0
11051,1
66940,0
36780,1
59575,1
60029,0
53686,1
24759,0
6257,0
54271,0
55644,1
27647,1
47594,1
42210,0
67264,0
65853,0
70055,1
14628,1
2248,0
59581,1
12169,1
42407,0
63763,0
45497,0
70889,1
74459,0
9646,0
52239,1
55514,1
34678,0
39869,1
74926,0
23682,0
65209,0
71763,0
12100,1
20817,1
67627,0
33360,0
28361,0
23616,0
15099,0
32716,1
68624,0
8504,1
23077,0
16488,0
17069,0
56555,0
20484,1
49756,0
28500,1
65784,1
48463,0
33919,0
33559,1
23171,0
29603,1
23474,0
58079,0
75568,1
51612,0
32490,0
66752,0
49303,1
4765,0
46085,1
2764,1
30570,0
23710,0
62248,1
59277,1
19155,0
61335,0
72188,0
32127,1
9175,1
14695,1
18119,0
12192,1
35173,0
48537,1
20225,0
18659,1
6494,0
34250,0
22600,1
10939,0
45704,0
7089,0
16253,1
65631,1
37488,0
69436,0
65916,1
3169,1
16105,1
52033,0
47052,1
3254,1
54834,0
17378,1
26168,0
56088,1
19065,1
45009,1
12638,0
18914,0
63133,0
55060,1
48597,1
12697,1
10381,1
48532,1
51894,0
27767,1
22569,0
44466,0
23972,1
74519,0
5991,0
43628,0
68072,1
56636,1
57443,1
15392,1
69742,0
59292,0
1749,0
23929,1
52189,1
56785,0
27412,1
56125,1
10249,1
34895,1
43571,0
57064,0
34846,0
610,0
13500,0
16468,0
13098,0
11184,0
62018,1
43611,1
50128,0
3138,0
46764,0
14508,0
56478,1
51355,0
61499,0
8895,0
33544,1
67794,0
61576,0
4450,0
73192,0
13274,1
1686,1
50069,1
60839,0
45767,0
60287,1
23954,0
10848,1
43820,1
64624,1
44183,1
27640,0
68059,0
17356,0
50806,1
50026,1
22101,0
57937,0
39629,1
54613,1
63109,0
38613,1
8745,1
68270,0
24314,0
53743,0
54297,1
38036,1
31708,1
50257,1
25216,1
46300,0
69332,0
75815,0
30857,0
39098,1
28435,1
58314,0
6893,1
44026,0
60913,1
29683,0
58214,0
69655,1
19930,1
23749,0
74096,0
41793,0
26637,0
15579,0
22824,0
42902,0
11082,0
16989,0
66327,0
59922,0
8978,1
28249,1
16932,0
3068,0
17464,0
72638,1
48454,0
26668,1
5542,1
55704,0
53001,0
54615,0
56167,0
66204,1
8299,0
25009,1
26614,1
59066,1
18731,1
28585,0
46679,0
4759,1
41417,0
51505,0
28392,1
54191,0
32970,1
16188,1
50767,0
73519,0
43135,1
48530,1
33885,0
12180,1
67516,0
70851,0
30198,0
34627,0
8951,0
15003,0
65493,0
5470,0
75394,1
31934,1
14553,1
20535,0
61507,0
59829,0
32404,0
30428,1
35633,1
13448,1
30878,0
70232,0
8757,1
67026,1
70486,0
68070,0
51926,0
61268,1
59932,1
34886,1
903,1
38089,0
64341,0
1218,0
8940,1
65733,1
57756,1
32297,0
70498,0
9182,0
33206,1
60468,1
71862,0
60108,1
18471,1
66494,1
20659,0
13506,1
45313,0
31170,0
22944,0
19953,0
28826,0
15371,0
26685,1
43208,1
63303,1
67903,0
25581,0
5708,0
39338,1
14029,0
7997,1
34141,0
44077,0
27373,1
49679,1
41794,1
4876,0
46364,0
48335,1
14774,0
51174,1
8858,1
51058,0
1579,0
51079,1
15715,1
30390,1
62412,1
46578,1
15954,0
14616,0
52828,1
45077,0
22992,0
32371,0
57162,0
19358,1
69074,0
35810,0
10650,0
14694,0
71468,0
1607,1
29505,0
20979,1
41599,0
70350,1
67344,0
64424,0
6932,0
14862,0
28723,1
328,1
63270,0
54013,0
1434,1
40962,1
30437,1
51522,0
74056,0
4494,0
17593,0
43327,1
40307,0
68219,0
10498,0
31955,1
42398,1
4387,1
64550,0
53889,0
47414,1
58068,1
42362,1
17366,1
41457,1
42302,1
41509,1
10894,0
11001,0
47677,1
11532,0
40144,1
42406,0
4608,0
32378,1
6559,0
18936,1
37472,0
8108,0
27928,1
56884,1
14207,0
3596,0
59878,1
46066,1
75736,1
74987,0
55362,1
66344,1
57120,0
13250,0
51792,1
30603,0
18190,0
24181,0
63032,1
9497,0
41089,1
68257,0
20186,0
54417,0
70658,0
29218,0
47810,0
41862,0
47404,1
34792,0
68822,1
49428,0
68802,0
63327,0
55788,0
54991,0
70203,1
25482,1
30683,0
19017,0
73677,0
45763,1
9833,1
21714,0
51807,1
59666,1
31178,0
40746,0
69911,1
7989,1
19481,1
39935,0
8816,1
67818,1
40592,0
29913,1
29374,1
72661,1
37476,0
22786,0
43331,0
7858,0
25479,1
55910,0
34529,0
38969,1
38356,1
67413,1
72396,0
74803,0
47552,1
68783,1
34023,1
40992,0
5621,0
10055,1
31633,1
13806,1
14849,1
37010,1
28896,1
637,1
43293,0
47695,0
71401,0
44575,1
23534,0
21432,1
66786,1
23090,1
58069,0
12085,1
47379,0
43059,0
24442,1
66597,1
45967,0
50182,0
26524,0
66394,0
26813,0
47723,1
21181,1
17041,0
9715,0
72728,0
13440,0
65177,1
22491,1
70429,1
40611,1
27187,1
49553,1
50984,1
75735,0
1948,0
72690,0
9679,1
39434,0
59726,0
37264,0
5714,1
15384,1
50620,0
43426,0
50004,0
13120,1
65923,0
27975,1
54224,1
51536,1
17449,0
4604,0
32425,0
69193,1
15427,0
47786,1
61600,0
54395,0
56475,1
50344,1
63031,0
15522,1
9724,1
59890,0
25758,0
39569,0
46337,1
2319,0
62903,1
45898,1
43642,1
55859,1
36950,0
25579,1
74842,0
11297,0
70883,1
66928,0
40519,0
32594,1
31768,1
13651,0
13068,0
32250,0
60296,1
64412,1
6,0
68584,0
310,1
14632,0
8395,0
71086,0
13413,0
14332,1
17668,0
9701,1
639,0
71021,1
57096,1
14290,1
14096,0
3601,1
15921,0
61311,1
10805,1
73329,0
72564,0
55003,1
53112,0
60873,0
73772,1
21093,1
7409,1
22340,0
61524,1
75145,0
31770,0
21218,1
5468,1
17519,1
43998,1
43107,1
15861,1
29963,0
13129,0
41264,0
6601,1
32806,0
4470,0
25938,0
58474,1
70465,1
3641,0
20682,1
29921,0
35463,0
11444,0
8221,0
12052,0
12703,1
6521,0
41025,1
67111,0
4531,0
68652,0
46511,1
8926,1
36759,1
8492,1
57481,0
58346,1
69972,1
16307,0
15111,1
52759,0
15588,1
27438,1
53154,1
30174,0
64666,1
39132,1
5633,1
75560,0
31811,1
23336,0
32152,0
50164,1
30923,1
17153,0
51111,1
71938,0
9631,0
49261,1
16928,0
36262,1
6215,0
28480,0
55974,1
30204,0
47489,0
56159,1
7236,0
51370,0
50699,1
36245,0
60032,0
26602,1
61405,0
12331,1
9157,1
18564,1
4023,1
8116,1
20748,0
4565,1
75743,1
40689,1
45673,1
49482,1
17503,1
52520,1
5887,0
11590,1
57273,1
51949,0
60396,0
1567,1
43992,1
53150,1
21652,1
4205,0
16690,0
24961,1
65487,1
54494,1
12240,0
3868,1
56631,1
16849,1
11344,0
47339,0
48316,0
16616,1
43555,1
8851,1
43540,1
62398,0
44325,1
35926,0
49736,0
62089,1
28056,1
32189,1
67176,1
5526,0
70399,0
23096,1
37300,0
10515,1
28198,0
11972,0
4038,0
69331,1
21937,0
26047,1
41339,0
53748,0
54464,1
69448,1
69426,1
61924,1
71154,0
26442,0
54445,1
15481,1
24423,1
5063,0
24036,0
14728,1
46283,1
11310,1
53577,1
32446,0
55563,1
16723,0
48003,1
32328,0
7488,1
65247,0
15253,0
1406,1
5616,0
35500,1
36618,1
11835,0
12208,0
60544,1
31296,1
60269,1
3479,0
66558,0
18445,0
38278,0
17711,0
34328,1
55444,0
42540,0
66925,0
29537,1
37051,1
72425,0
34861,0
18112,1
4584,0
29609,0
14154,1
62761,1
33463,0
57610,0
41172,1
3960,0
58973,0
2487,1
52512,1
20926,0
73820,0
9456,1
55612,0
30906,0
13030,0
66214,0
49417,0
50507,0
66691,0
67687,1
7451,0
36110,1
8866,0
63807,1
59696,1
75496,1
22525,1
6694,0
26473,0
37931,0
14811,1
38465,1
28335,1
60321,0
46703,1
64463,0
36763,0
18262,1
63973,1
45533,0
13355,0
59709,0
27979,0
58189,1
54212,0
4809,1
27289,0
52836,0
24213,1
65004,1
71115,1
37781,1
16684,1
60086,1
74722,1
12125,1
7707,0
10410,0
11962,1
21662,1
69517,1
28505,0
27391,0
48511,0
42814,1
69772,0
73816,1
51957,0
38952,0
35889,1
44175,1
33303,0
60475,1
39607,0
60386,0
66162,0
13324,1
62846,1
50482,0
59771,1
19866,0
35404,0
12381,1
27468,0
55579,1
18363,1
4905,1
75782,0
21327,0
54767,0
35345,0
38669,0
59289,1
55775,0
62396,0
12033,0
30328,1
1441,0
46196,1
55524,1
31652,1
47517,0
43840,0
45239,1
66017,0
56713,0
54716,1
40220,1
27396,0
10822,1
26736,1
15173,1
49238,0
13621,0
10109,1
29155,0
29292,1
20035,0
27867,1
27694,0
61718,1
404,1
51600,0
36588,1
59225,1
35779,1
41518,0
53078,1
73105,0
12971,0
10887,1
19879,0
39560,1
57781,1
29255,0
71344,1
31238,0
21636,0
34055,0
11165,1
69837,0
37917,0
4020,1
15081,1
51757,1
47275,1
57312,1
42803,0
57583,0
60778,1
69551,0
17859,1
42912,1
65879,0
49542,1
72243,1
46996,1
24152,0
55951,0
58157,0
53378,0
63283,1
33597,0
22538,0
50866,1
59327,1
37900,1
43414,0
5040,0
8882,1
28528,0
4154,1
61442,0
26946,1
68563,0
18048,0
954,0
38304,0
66596,0
17352,1
61597,0
27506,0
13303,0
2170,1
8887,1
45583,0
8819,1
40968,1
38363,0
33339,0
57437,0
20812,0
22912,1
18314,0
18501,1
21180,0
41448,0
41437,1
39896,0
31460,1
41239,0
70818,1
52274,0
54736,0
1898,1
28832,1
44942,0
28044,0
40818,1
1420,1
10673,1
15643,1
12512,0
1781,1
10855,1
55860,0
62972,1
62065,1
20997,1
24030,1
29759,0
1255,0
23845,1
60939,1
58158,1
25362,1
35249,0
1492,0
21995,1
68701,0
74869,0
20141,0
30435,0
41000,0
54534,0
67584,0
61216,0
63740,1
61172,1
55489,1
54324,0
19636,0
10046,1
13960,1
8614,1
20132,0
34074,0
66615,1
71249,0
55130,1
37330,0
67666,1
5828,1
60199,1
2197,0
22462,1
63397,0
42365,0
18310,0
33895,1
38272,0
7306,0
72002,1
63412,1
43365,0
73501,1
11457,1
62135,1
18035,0
22184,1
24491,0
32674,1
57664,0
20353,1
27195,1
47460,0
70665,1
16747,0
15043,0
38945,0
35813,0
69155,1
48753,0
72476,0
46704,0
42030,0
7298,0
11380,1
24158,0
53722,1
66118,0
42703,0
69623,0
27500,0
62843,1
41522,0
66728,0
45899,1
16326,1
37913,0
47238,1
24417,1
35113,0
4304,0
2872,1
73043,0
28895,0
62385,1
6120,1
34803,1
35087,1
28636,0
13965,0
45193,1
65508,1
24087,1
63661,1
50710,1
19569,0
22591,1
8868,0
2879,0
67601,1
9964,1
65572,1
9354,1
33706,1
54588,0
57236,1
48909,0
21606,1
611,1
69673,1
25218,1
38726,1
40490,1
33634,0
20000,1
25301,0
35740,1
8226,1
753,0
4579,1
57945,0
57845,0
69139,1
74907,1
60469,1
40946,1
18034,0
29262,1
23733,1
18134,1
35505,0
49012,1
14557,1
2328,0
60607,0
49927,0
50571,1
11743,1
71140,1
4064,1
8610,1
20258,0
42626,0
11929,0
53463,1
48204,0
57227,1
2494,0
72357,1
28106,1
10935,1
46500,0
11071,0
21142,0
31583,0
30810,0
41184,0
69602,1
73729,0
66898,0
32668,1
1848,0
26390,0
18155,1
19892,1
26026,1
57299,0
43773,1
6578,0
14620,0
45007,0
244,1
273,1
47550,1
74701,1
53872,0
22195,0
11760,0
13756,1
66351,0
62747,1
66231,0
69428,0
26851,0
22692,0
75212,1
54608,1
37366,1
5674,1
36829,0
42350,0
16806,0
10508,0
36182,1
16544,1
27680,0
19920,0
20839,0
47415,0
42815,1
73304,0
45434,0
66210,0
67761,0
65911,0
28624,0
19096,1
21812,0
74993,0
60989,0
17630,1
39274,1
26232,0
43003,0
74272,1
73502,0
18532,1
15053,1
70902,1
46204,0
43941,1
35211,1
12366,0
18256,1
41943,0
74637,0
11087,0
18447,1
27869,0
35803,1
46323,1
31547,1
58219,0
31644,1
5550,1
18039,1
42307,1
59096,1
37468,1
19385,1
22542,0
75422,1
34526,0
28614,0
63542,0
52827,1
11721,0
64828,0
8676,1
48198,0
22170,1
61097,1
25105,1
22629,1
56648,0
32311,1
29469,1
28672,1
35240,1
61806,0
58823,1
72768,1
33602,1
64836,1
38919,1
50911,0
71383,0
1059,0
19982,0
64423,0
6737,1
2040,1
53974,1
53727,1
41936,1
60568,1
9738,1
43234,0
57588,0
23817,1
27369,1
63706,1
31540,1
29901,1
17995,1
31891,1
4981,1
74039,1
73767,0
74230,0
45554,1
47844,1
3145,1
41349,1
44297,0
41198,1
62088,0
64046,1
56147,1
70186,0
65060,1
30207,0
31760,1
61787,1
45810,1
42983,1
66787,1
4831,1
13620,0
44554,1
24073,1
4617,0
40042,1
36728,1
37426,0
3149,1
47232,1
20953,1
24908,0
74648,1
40711,1
9581,0
74930,0
2561,0
53981,0
8331,1
24689,1
46591,1
67313,1
54926,1
56957,0
18439,0
52545,0
21028,0
51507,1
24676,1
11649,0
39605,0
46006,1
27440,0
3736,0
20744,0
21470,1
38319,1
35089,0
4743,1
32924,0
4310,0
31778,1
7092,0
42293,1
804,0
16910,0
36470,1
72054,0
22514,0
10205,1
36660,0
26658,1
7443,0
26361,1
14146,1
37562,1
15052,1
61543,0
75739,0
70043,0
41952,1
3879,1
49808,0
66176,0
632,1
41275,0
25334,1
19265,1
58259,1
24923,0
64914,1
6027,0
4477,0
24486,1
52715,1
36887,1
42028,0
36383,0
56164,1
72818,1
8055,0
30848,1
48952,0
60621,1
21395,1
51255,1
67943,1
66259,0
32083,1
41366,1
32275,1
34891,0
54011,1
67855,1
17337,0
35445,1
39675,1
70570,0
16121,1
41287,1
33591,0
18370,1
41378,1
7962,1
12687,0
36644,1
72446,1
72331,1
74661,0
27491,0
25029,1
29051,0
51426,0
15370,0
14830,1
20929,1
8750,1
15339,1
16568,0
28311,0
72928,0
9158,0
66696,0
52383,1
18354,1
10133,0
62717,1
14797,0
20314,0
36557,0
7558,0
69432,0
58861,1
52244,0
68415,0
69643,1
74390,1
60634,0
33200,1
50670,0
16969,1
5659,1
7493,1
9105,1
49221,1
5558,0
49414,1
44153,1
58768,1
34806,1
39135,0
15251,1
35006,1
38097,0
55757,0
3171,0
547,1
3771,1
36334,1
27074,1
227,0
55726,1
20200,1
7370,1
31174,0
10134,1
42165,0
28048,0
23285,0
11566,0
12632,0
73331,1
48006,1
25569,0
75345,0
58941,0
56534,0
38469,1
44985,1
75300,0
32914,0
34205,1
24447,1
19326,1
10154,0
17511,0
7544,1
24055,1
40479,1
32220,1
57085,1
64712,0
67280,0
13770,0
40574,0
34395,1
66350,1
71694,1
73718,0
53262,1
60545,0
53119,0
21957,1
23073,1
32952,1
62459,0
55872,1
12537,0
43269,0
50562,0
53289,0
61988,1
28746,0
31064,0
52103,0
57138,1
40762,1
10585,0
8115,0
15004,1
60248,0
4589,1
12983,0
1814,0
19593,1
28598,1
68726,0
67461,0
57876,1
29795,1
9205,0
58946,0
207,0
44007,0
49813,0
13456,1
75295,1
15476,0
61226,1
74743,1
73188,1
27312,1
43803,1
55716,1
46022,1
24559,0
22709,0
61130,1
69897,1
19669,0
40729,1
68231,0
34938,0
74546,1
52687,1
53299,1
54598,0
45918,1
57370,0
48123,0
75656,1
66079,1
69350,1
15851,1
58049,0
30474,1
30535,1
25255,1
6279,1
9434,1
67624,1
46403,1
41698,1
17286,1
30441,1
57082,1
60632,0
56549,0
37116,0
33762,1
72766,1
52183,1
29462,0
37573,1
38866,1
39176,1
58081,0
1866,0
23630,1
40017,0
3848,0
25646,0
40002,0
13341,0
23852,1
74208,1
35181,1
73524,1
4180,0
14261,1
40383,0
57507,0
69276,0
35862,1
24111,0
44154,0
5319,1
68935,0
26982,1
6195,0
40362,1
5474,1
26263,1
2718,0
2711,1
75774,1
44099,0
64780,1
30538,1
32137,1
60352,1
52131,0
5547,0
60582,1
2104,0
16981,0
10191,1
17333,1
31092,0
46024,1
46245,1
1349,0
71999,0
10814,0
17114,1
2051,0
3537,0
39614,1
61129,1
14407,0
71437,0
41892,0
16787,0
29516,0
73499,0
28180,0
37791,1
36547,0
49229,1
860,0
49211,0
38607,1
35523,1
63562,1
50167,0
57232,0
5349,1
9905,1
59780,0
35741,0
66153,1
9191,0
56288,1
37634,0
15868,1
63916,0
70750,0
18304,0
70806,0
29397,1
74330,1
45292,1
8531,0
65682,1
15639,0
45005,0
52865,1
52320,0
60129,1
31782,0
50978,0
66297,0
25191,0
25627,1
24405,1
31013,1
1053,0
55155,0
60587,0
56619,0
36773,1
63062,0
28688,0
52222,0
15216,0
69050,1
48936,1
8227,1
38716,1
74098,0
36740,1
54175,1
74443,0
19694,1
35294,1
47990,0
25189,0
45787,1
12956,0
3087,1
46918,1
26829,1
62909,0
42579,1
34192,1
41165,0
72412,0
10457,1
8546,1
25972,0
23985,0
47707,1
46709,0
21570,1
9867,0
70782,1
74773,0
30766,0
27675,1
53966,0
26383,1
14678,1
38041,1
31774,1
20741,1
19631,1
57674,0
7627,1
21494,1
22803,0
12713,1
66476,0
69624,0
46052,0
42521,1
9460,1
10005,0
46587,1
56723,1
12715,1
15696,1
55306,1
38821,0
73878,0
18040,1
21448,0
52263,1
58269,1
566,1
11891,1
55873,1
60609,1
64701,1
39969,1
56023,0
44585,1
52683,0
36256,1
75564,0
5450,0
39922,0
60415,0
58024,1
28259,0
20717,0
20168,0
55507,0
60881,0
46408,1
16739,1
32524,0
43521,1
42096,0
10063,0
39920,0
67084,0
18908,0
63089,0
69873,0
31804,1
11604,0
13137,0
19751,1
20650,1
67446,1
7777,0
41882,1
74464,0
72703,1
629,1
47211,0
60462,1
38587,0
57458,0
45611,1
65928,0
28856,0
13553,1
10813,0
59395,1
53203,1
44177,0
22500,1
57083,0
2631,0
17496,0
26145,0
3630,0
28235,1
2302,1
66033,0
74082,1
18054,0
61766,0
41734,0
61947,1
18002,1
19942,1
13737,1
37845,0
5081,1
57112,1
73608,1
67944,1
38,1
59673,1
39738,1
39385,0
57878,1
18226,0
2010,0
74306,0
40077,1
44626,0
49709,1
56189,0
2142,1
74016,0
40942,0
6873,0
22767,1
28623,1
67211,0
64363,0
64034,0
67879,1
27359,0
53755,1
44445,1
8146,1
47437,1
37248,1
25506,0
25222,1
42054,1
57626,0
58281,0
8214,0
28342,1
11773,1
47616,0
18861,0
38100,0
9946,0
4049,1
27724,0
16208,1
73298,1
14002,1
30181,0
30916,1
69128,1
34914,1
1230,1
10108,0
64878,1
14440,0
7138,1
3387,1
20533,0
5056,1
3651,1
42658,1
12615,0
55261,1
6379,1
25964,0
32678,1
74354,0
59959,0
62899,0
61686,0
74573,0
7547,0
3607,1
9207,1
44094,1
31304,0
48227,1
60307,1
60818,1
33317,0
34769,0
72869,0
29367,0
50455,0
45136,0
57818,0
55822,0
8937,0
61021,0
71038,0
5631,0
43400,0
24886,0
31024,1
17417,1
21580,0
33994,1
1685,1
6736,0
16586,0
34527,1
22947,0
33862,0
27739,1
4288,0
74422,1
52903,0
36956,1
37799,1
1854,1
13307,0
8219,0
30664,1
70652,0
10538,0
6272,0
55501,0
6976,1
38834,0
23876,0
74514,0
39726,0
53910,1
45451,1
28945,0
37413,0
54898,0
40336,0
57891,0
18202,0
4891,1
24736,0
41055,1
22089,1
23074,0
35980,0
58864,0
12350,1
25244,0
16788,0
8769,1
28076,0
23846,0
7631,0
57572,0
7180,1
26405,1
41007,1
13002,1
22461,0
29605,0
55084,0
32402,0
14364,0
10253,0
50460,0
1437,1
15065,1
32899,0
9049,1
53403,1
36062,0
45065,1
44905,0
57567,1
54424,0
20070,1
16496,0
71564,1
67950,1
42719,0
65358,0
66055,1
13441,1
71993,1
75790,0
12966,1
1631,1
67225,0
6955,1
57436,0
47371,1
75801,1
37442,1
33985,0
35159,1
13867,0
30599,1
20360,0
53578,1
40110,1
70900,0
15547,0
62104,0
29918,0
30509,1
27535,1
73710,0
73437,1
54813,1
17639,0
62071,1
29934,0
57342,1
32791,1
18336,0
44766,1
73198,0
68022,1
48319,1
15279,0
57343,0
49940,1
36396,1
123,0
24072,0
1018,1
33208,1
9355,0
29050,0
53929,1
61383,0
74998,0
57302,0
8156,0
12089,0
17043,1
45011,0
25159,1
4677,1
67744,0
21170,0
71235,1
58088,0
19997,0
7961,1
20359,0
33676,0
60038,0
29263,1
32787,0
42770,0
50842,1
31636,1
23218,1
53916,0
53908,1
74181,0
11364,0
27282,1
74672,1
4368,1
75724,0
12776,1
15818,1
35509,1
34579,0
9592,0
57620,0
2687,0
71567,1
63904,1
21925,1
41394,0
32046,0
6573,1
6815,1
54466,0
10804,1
55565,0
44957,1
69311,0
29527,0
60456,1
36016,0
69424,0
18848,0
36478,0
26463,1
68688,0
53306,1
5366,0
64360,0
15936,1
70961,0
73544,1
63728,1
64975,1
59433,0
22756,1
71959,0
20111,1
19378,1
50152,0
20403,1
8916,1
40749,1
61751,0
68033,0
72510,0
15955,0
12633,1
73733,1
35415,0
72215,0
56225,0
34053,1
37541,1
53676,0
64855,1
38434,0
70507,0
58308,0
68604,0
26998,1
15611,0
72628,0
23582,0
22336,0
6360,1
42509,1
39719,0
62213,0
54387,1
60148,1
9282,0
16062,0
25714,1
3675,1
54883,1
44209,0
65774,1
28706,1
44331,1
17259,1
40143,1
73257,1
31308,0
33771,1
32279,1
8852,0
27543,1
57535,0
34353,1
23170,0
73080,0
43332,1
29721,0
30213,1
26289,1
24640,1
73575,1
27323,1
53437,1
74200,0
75349,1
68236,1
23334,1
43524,0
37245,0
5885,1
35574,0
28736,1
4094,0
35084,1
32278,0
71874,1
9029,0
10799,0
31545,1
28946,1
17831,1
36353,1
19594,1
72486,0
20093,1
54015,0
48132,1
74566,1
71714,1
4437,0
12056,0
41305,0
48246,0
11999,0
10651,0
71648,1
24677,1
43457,1
74914,0
39184,1
57872,0
25345,0
65357,1
37767,1
21572,1
50020,1
16197,1
40510,0
14755,0
5436,0
55313,0
18073,0
1226,0
71070,1
45381,1
8574,0
64089,0
30540,1
23945,0
26464,0
4613,1
46083,0
18541,0
47686,1
20451,1
8376,1
39252,1
69077,1
10477,1
40618,0
74322,0
1827,1
36424,1
51499,0
72756,0
53601,0
20483,0
19691,1
18444,0
71569,1
56914,0
13329,1
58837,1
38802,0
69882,1
42916,0
74351,1
40881,0
57796,0
71587,0
39236,0
41869,0
71715,1
46661,0
57417,0
69798,0
27332,0
23757,1
28059,0
65517,0
30676,0
65475,0
24976,1
71627,0
48603,1
9365,0
47448,1
28237,0
17208,1
72402,0
21370,1
27802,1
57379,0
34108,1
19469,0
47985,1
33820,1
60209,0
22698,0
8097,0
16324,0
28752,0
17826,0
19950,0
28934,1
21593,0
1724,0
70935,0
66642,0
64526,1
50098,0
19320,1
43300,1
61520,0
56267,1
72306,0
68462,1
12304,0
62603,0
43268,0
15927,0
65667,0
11183,0
25361,0
4558,1
11761,1
63965,1
70212,0
1372,1
36594,1
17813,1
27925,1
67738,1
26581,0
65271,0
44719,1
25985,0
31723,1
6801,0
12007,1
11336,1
8528,1
59311,0
32513,1
61680,0
20015,0
47956,1
51888,0
17785,0
19857,1
34647,0
19510,1
15189,1
40219,1
74494,0
15746,1
33671,1
24913,0
11933,1
8198,1
50315,0
50273,1
73663,1
29081,1
20695,0
22648,1
57988,1
9667,0
50276,1
27163,1
26069,0
36244,0
30221,0
51943,1
33358,1
31881,0
2935,1
764,1
21480,1
47193,1
16528,1
58338,0
36247,0
56822,1
27741,0
24992,1
54895,1
57657,1
11913,1
2787,1
40635,0
73694,1
58688,1
60273,1
58120,1
11736,1
19150,0
10258,1
24171,1
63463,0
8687,0
73888,1
54830,0
8201,0
69370,1
72123,1
65862,0
32927,0
59013,1
24109,0
35025,1
16926,1
4446,1
46490,1
75307,0
54252,0
61863,1
68177,0
38539,0
50619,0
26711,1
43253,0
45684,0
45762,0
19608,1
23782,0
57894,1
65512,1
68555,1
32088,1
17295,1
48656,0
12255,0
36498,0
64359,1
36162,0
37060,1
9425,1
65968,0
33996,1
2788,0
43892,1
51004,1
50915,0
35542,0
5647,1
37650,1
36402,1
16812,1
48941,0
15888,0
55509,1
53075,1
32628,0
19130,0
57646,1
650,0
37614,1
35191,0
6921,0
46852,1
38949,0
13489,0
71858,0
777,0
30581,1
12257,0
3039,0
59652,1
11546,1
22457,0
1617,1
74824,0
23252,0
37680,1
60105,1
46873,0
51040,1
75635,1
31531,1
69833,1
73410,0
29970,0
1108,0
19324,1
60837,1
45709,1
73365,1
48758,0
32044,0
6245,0
56146,1
1696,0
35794,0
58524,1
54262,1
10321,1
37069,0
5992,1
67181,0
22626,0
6987,1
39917,1
62579,0
59478,1
36585,1
45124,1
10819,1
26864,0
29547,0
40516,1
37591,0
61744,1
871,1
15414,0
1456,0
21098,1
50864,0
29393,1
17067,0
72611,0
13746,1
64760,0
64286,0
43873,0
24339,1
41400,1
7172,0
55455,0
39138,1
74172,1
68377,1
49608,0
66309,0
43510,0
11138,1
21976,0
38422,1
41243,1
48200,1
61139,0
45249,0
18008,0
47388,0
72815,0
7427,0
53749,0
43854,0
33408,0
75750,0
66482,0
39265,1
39009,0
23549,0
68797,1
67045,1
61430,0
28039,0
51765,1
73790,1
2213,1
32896,1
43646,0
29313,0
1332,0
36564,1
60984,0
8559,1
17436,0
30654,0
64348,0
55417,1
51429,1
25353,1
8898,1
42267,0
32959,1
23654,1
74688,1
49232,0
75409,1
25918,0
10436,0
59624,0
42074,0
19239,0
54378,1
48820,1
13631,0
36105,1
5733,0
54356,0
70238,0
34100,0
7196,1
28850,0
5680,1
38578,0
3195,0
49505,0
37988,1
67918,1
17484,1
18973,1
60304,1
27176,1
799,0
54670,1
73103,1
62912,0
58697,0
1340,1
9542,1
48489,1
18771,0
66062,1
74254,1
38850,0
50251,1
59104,1
6723,1
2174,1
48734,1
70820,0
7785,0
31574,0
38081,0
39319,1
3528,0
73020,0
58111,1
73699,1
71382,0
54227,1
9052,0
52122,0
56439,1
39276,1
30867,1
71655,0
28803,1
62871,1
5429,0
18221,0
56594,1
65540,1
69356,1
15926,1
9633,1
33098,0
24012,1
71108,0
37885,0
21259,0
54468,0
33951,1
58602,0
25140,0
27230,0
39857,1
70605,1
24895,0
38650,1
70872,0
67439,1
8476,1
38252,1
49728,1
36130,0
13427,1
61080,0
39188,1
29378,1
19809,1
55882,0
13507,1
8616,1
4768,1
75462,1
22704,1
52782,0
31270,1
32406,0
32750,1
9981,0
43108,0
54570,0
14427,0
54346,1
69271,1
71604,0
36309,1
18684,1
6464,1
53270,0
38227,0
23502,1
60902,1
12280,0
74968,0
4888,0
59196,0
49895,0
52525,0
31517,0
6687,1
2938,0
2853,1
56077,1
30912,0
68304,1
62741,0
41140,1
67520,0
40088,1
31341,1
31587,0
8918,0
42315,0
5152,1
21088,0
33757,0
74481,1
45577,1
59912,1
112,0
54628,0
66064,0
52471,0
65364,1
64028,0
65694,0
70131,0
45670,1
74510,0
27594,1
56033,0
39409,0
17548,0
28369,1
40378,0
3649,0
6103,0
15347,1
48762,1
39987,0
9826,1
25104,0
13707,0
54300,1
22565,0
20486,0
42960,1
74858,1
74423,1
52779,1
61214,1
15908,1
72006,0
58267,1
69915,1
73540,1
20745,0
4376,1
69720,0
52061,1
62723,1
67430,0
72852,1
29115,1
8939,0
68099,1
34462,0
37224,1
34454,0
32459,1
21280,0
17231,0
13563,1
25210,0
45324,0
55477,0
60277,1
50640,1
37396,0
59081,1
49064,0
42981,0
61684,0
19985,1
28987,0
34561,0
49630,0
71489,0
26653,0
17538,0
40575,0
13628,1
11387,1
16454,0
53547,0
39428,0
401,0
28873,1
68164,0
74203,1
4784,0
44402,0
65859,1
1258,1
61836,0
25128,0
31066,0
21609,0
51404,0
36276,0
70426,0
26773,0
51098,1
35083,0
43876,0
3739,1
61559,0
6168,1
22641,1
30629,0
14690,1
49069,1
34979,0
31465,1
51250,1
47596,1
27127,1
9408,1
38257,1
5223,1
70742,1
20174,0
14758,1
35739,0
31348,0
47430,0
73841,1
15262,0
62277,1
72685,1
7471,1
56588,0
23109,1
17361,0
30018,0
37097,1
72259,0
71452,0
21427,1
6972,0
31608,0
2196,1
48708,0
64420,0
10302,0
15471,0
1357,0
55433,1
55023,1
39106,0
74943,1
3350,1
53783,0
2214,1
36503,0
74178,0
41187,0
25152,1
73232,1
53405,0
12814,1
20990,1
30702,0
73060,1
41016,1
16042,0
13640,1
15877,1
37515,0
15535,1
39957,1
43644,1
1741,1
10066,0
65551,0
34159,0
13895,0
3746,1
61926,1
33734,1
27885,0
49465,0
64806,0
21616,0
16159,0
403,1
57833,1
36132,1
43663,0
49776,0
19614,1
67168,0
25212,1
45006,0
23169,1
29053,0
42221,0
42549,0
12730,1
40405,0
9967,1
72334,0
20049,1
897,1
41574,0
53815,0
75293,0
24476,0
23911,0
36709,0
35010,1
36676,1
13389,0
13879,1
30263,1
3892,0
8246,1
31023,1
15612,1
40606,1
59439,0
70153,0
73934,0
47281,1
8997,0
39875,1
32164,0
23871,1
73995,1
21603,0
65169,1
52987,1
28094,0
46373,1
70661,1
40804,0
4524,1
12084,1
48470,1
66672,0
30012,0
16070,1
31330,1
51144,1
46376,0
3287,0
45516,1
49517,0
24465,1
16517,0
41342,0
67771,0
47574,1
65901,1
4375,0
70473,0
47950,0
26587,0
32971,1
72779,0
64551,0
46778,1
23655,0
34047,0
36910,1
62752,0
44984,0
73083,0
40836,1
12178,0
30450,1
71404,1
13135,0
1980,0
26388,0
57259,1
70461,0
16204,1
5236,1
44920,1
15250,0
36137,1
32397,0
15460,0
1198,1
59796,1
13383,0
60015,0
23361,0
14803,0
72990,0
21515,1
62755,0
30042,0
34163,1
23402,1
72747,1
49123,0
57219,1
29800,1
16139,0
4640,1
26217,1
28543,0
7258,0
17844,0
57309,1
48001,1
75718,1
27333,0
17108,0
29391,1
18956,1
25550,0
3372,1
36445,0
7292,0
4393,1
5010,0
5094,1
15993,1
29327,1
54182,0
27799,0
27321,1
55522,1
53572,1
37867,1
66234,1
45517,1
53481,0
52556,1
20614,0
46497,1
72369,1
36713,0
56226,0
72640,0
13214,0
8900,1
32265,1
45462,0
46802,1
66439,0
9896,0
23155,1
68490,1
32702,1
42022,0
23205,1
55187,0
25624,0
48997,1
64099,0
19519,0
1581,1
20297,0
1933,1
39871,1
21997,1
53736,0
37894,0
9452,1
44801,0
47975,0
43117,1
4913,0
48947,0
15428,0
52984,1
14809,1
13773,0
25272,0
48450,1
39913,1
42544,1
20591,0
6652,1
58213,1
33817,1
69826,0
53998,0
20411,1
25592,0
54561,0
75445,1
33164,1
59605,1
13596,1
18237,1
24131,0
39141,1
52496,0
66595,1
38911,1
41547,0
34249,1
65086,0
45296,1
61229,0
20366,0
1216,0
10194,0
24395,1
74867,0
24599,0
20886,0
30623,0
28994,0
26530,0
27232,1
14166,1
65483,1
3232,1
37029,0
30142,1
30601,1
34263,0
5913,1
63395,1
8711,0
979,0
648,1
34297,0
38048,1
25949,1
46658,0
37457,0
54455,1
431,0
37306,0
45947,0
62707,0
34223,1
30110,0
33032,0
22613,1
17876,0
75161,0
2253,1
27090,1
69814,0
42103,0
71319,0
30443,1
18388,0
75386,0
56247,0
44746,1
74769,0
44576,1
50381,0
42965,0
50212,0
72959,1
46321,1
62055,0
67714,1
26905,0
2532,0
28805,1
37989,1
14710,1
48022,1
66068,1
42063,0
34109,0
25469,0
26691,1
12564,0
19117,1
14183,1
11041,0
69666,0
34722,0
47174,1
61641,1
8172,0
29769,0
42108,1
56762,0
53580,1
58715,1
12230,0
56580,0
40043,0
52225,0
27293,1
28425,0
46427,0
69835,0
72321,1
16043,1
39549,0
17076,0
38223,0
56614,0
56791,1
25043,0
1353,1
12153,1
26969,1
21685,1
52927,0
45406,1
74643,1
42678,0
37368,1
71848,1
43638,0
58667,0
32932,1
50233,1
5231,0
28165,1
14077,0
31384,0
49128,1
61849,1
27902,1
14861,0
28332,0
23693,0
35136,1
39948,1
21474,1
49119,1
8817,0
33318,0
15441,0
22037,0
29145,1
8020,0
54847,0
9461,1
41996,1
69161,1
59280,0
32706,1
4392,0
53917,0
49233,0
15013,0
28710,0
30681,1
21702,0
46668,1
35428,0
30370,0
53532,1
23172,1
61124,0
34177,1
62684,0
33210,0
49593,0
10461,0
23236,0
62695,0
33271,0
53166,1
42157,0
34714,0
22075,1
51136,0
2838,0
1293,1
40908,0
74004,0
23857,1
56888,1
29819,1
34040,1
39515,0
40095,0
71376,1
23374,0
39613,1
46502,1
6498,0
55781,1
48604,1
58396,0
15758,0
40483,1
16373,0
72004,1
27854,0
62360,0
14034,1
4175,1
66440,1
5875,0
8630,0
18790,0
67583,1
18598,0
29882,0
23271,0
15128,1
56688,0
70375,0
71593,0
68147,0
51576,0
1390,1
31261,1
70987,1
74486,1
37831,1
56724,0
20488,0
23570,1
20609,0
31671,0
67899,1
52858,1
62977,1
28279,1
42883,0
5527,1
54067,0
21130,0
32762,0
27659,0
29122,1
8483,1
63517,0
39102,0
46871,0
71321,0
1356,1
73290,1
13721,0
24294,1
49061,0
31354,0
64623,1
23239,1
37764,0
14213,0
20622,1
15871,0
63871,1
15605,0
8249,0
31394,1
30330,0
43779,0
23588,0
37504,0
20848,0
39872,1
62841,1
41288,0
53861,1
19004,0
40169,0
40920,1
63295,1
53885,0
31744,1
62119,0
8803,0
75710,1
46890,1
67406,0
40097,0
33036,1
45484,1
1144,1
41423,0
43859,0
61696,0
47299,0
14568,1
55301,0
20749,0
57896,1
6975,0
71830,0
42061,0
10424,1
17748,1
40153,0
3018,1
9587,1
48714,0
50937,0
61173,1
33246,1
47959,0
38891,0
62876,1
48078,0
64190,0
59810,1
56498,0
51320,0
57642,0
19114,0
42232,1
14352,0
16821,0
31987,0
25368,1
33746,1
53152,1
64070,0
34624,1
74828,1
74191,1
32592,1
7628,1
57423,1
12478,1
5421,0
35447,0
31457,0
10708,0
27343,0
72401,0
46784,1
53549,1
31602,0
5159,0
20279,1
36540,1
42534,0
63320,1
21907,1
2255,1
26971,1
46862,0
65068,0
39347,0
52797,0
51423,0
28043,1
67407,0
16222,1
75191,1
62077,1
25733,0
38572,1
25486,0
46510,1
69009,1
57682,0
17285,0
5264,0
34648,0
43138,0
33120,0
51341,0
65092,1
15421,0
55774,1
855,0
37958,0
16955,0
14157,1
25993,1
28432,1
18069,0
73884,0
64901,1
11810,0
15557,1
4723,1
3795,0
18650,1
25300,1
13799,1
25582,1
23928,0
25653,1
72699,0
16082,1
10489,0
45441,0
31790,0
54739,1
48836,0
8853,0
21975,1
49204,0
45913,0
46987,1
20821,0
18086,1
74231,0
48028,0
56205,0
32205,1
8309,0
10056,1
14288,0
26468,0
16029,0
21573,1
6306,0
50101,1
3394,0
73507,0
46119,0
38383,0
46144,1
22914,1
25516,0
35560,1
74173,1
50826,1
56486,0
14074,1
42112,1
862,0
35430,0
57936,1
75213,1
59512,1
50435,0
71739,1
49157,0
66408,0
73701,1
4791,1
56451,0
41704,1
49349,1
54208,1
23632,1
30173,0
11688,1
59002,0
56940,0
8403,0
69054,1
9832,1
16456,0
2299,0
28899,0
4670,1
71272,1
13697,0
17386,1
73925,1
61965,1
67074,0
59137,1
39349,0
9854,1
20801,1
37007,1
13426,1
37792,1
32633,0
14973,0
74452,1
16987,1
1908,1
72430,0
50238,1
67027,1
64777,1
40732,1
6180,1
18404,0
56079,0
36134,1
75016,0
20649,0
21314,0
58488,0
69345,0
54062,0
17909,0
8117,0
24127,1
11032,1
73013,0
21369,0
23514,1
36041,1
59674,1
40299,0
56295,0
2937,1
31725,1
55673,1
11922,0
14185,0
26698,1
21619,0
4582,0
56400,1
58897,1
54491,1
48767,0
36809,0
55824,0
21748,0
42511,1
46516,0
3550,1
74377,0
75472,0
21895,0
9300,1
38007,0
75701,0
25675,0
16482,0
31266,1
39048,0
24617,1
20408,0
55255,1
44559,0
3646,1
35510,1
43384,1
38673,0
13494,0
5168,1
61426,1
59282,1
69450,1
57042,1
35562,0
53691,1
15570,1
73169,0
2681,0
26649,0
40759,1
59086,1
65202,0
10685,1
1998,0
51319,0
30548,1
31492,1
42156,0
54419,1
47214,0
13435,0
55856,0
22036,0
35809,1
64071,0
72975,1
64353,1
35301,1
38368,0
64688,1
37439,0
66075,0
36207,1
59657,1
46644,1
51873,1
19398,1
18587,0
65153,0
40256,1
2200,0
9906,1
26111,1
42282,1
4725,1
985,0
17547,0
20663,0
75510,0
43590,1
14569,0
73712,1
19248,1
39840,1
6317,1
3293,1
56263,1
6000,0
37127,1
33890,1
26952,1
72337,1
47030,0
9121,1
33714,0
16486,0
68985,0
60035,0
60037,0
64022,1
55641,0
24602,1
25365,0
27940,1
58622,0
19711,1
62096,1
74948,1
43158,1
74411,1
42140,1
46574,0
19738,1
45599,1
27999,0
5924,0
43827,0
69485,0
54867,0
14030,1
42697,0
2286,0
51875,1
33412,1
57389,0
38861,1
71641,0
67731,0
49811,1
13148,1
39233,1
53766,0
31321,0
10718,0
10018,0
40067,1
32388,1
60919,0
6106,1
34903,1
14919,0
2074,0
63769,0
43809,1
63970,0
19247,0
62348,0
51653,1
62582,1
64770,0
12157,1
45772,0
25716,0
53875,1
70124,1
39705,1
59523,0
47197,0
11976,0
30517,1
60737,0
64443,0
51090,0
72328,1
70075,1
6916,0
39906,1
37419,1
59562,1
51724,0
22052,0
20223,0
44176,1
58468,1
67518,0
61087,0
388,1
30353,0
7337,1
47367,0
16757,1
33750,0
56963,1
58841,0
34120,1
34106,0
62533,0
2345,0
50488,1
26184,1
69198,1
26599,0
54547,1
4296,1
37128,1
1574,1
44891,1
27290,0
66122,1
32151,1
3831,0
64866,0
21774,1
42752,1
16461,1
65440,0
72598,0
4526,0
71681,1
63057,0
75446,0
50701,1
61976,0
164,0
12598,1
75160,0
40166,1
43128,0
51554,1
50142,1
53582,1
39882,1
42931,1
56357,1
63988,0
52111,1
234,0
50168,0
40898,1
26204,1
58017,1
43951,0
54543,0
67872,0
10419,0
22164,0
53184,0
11538,0
26451,1
12756,1
56644,0
28620,0
7384,0
24135,0
61865,1
52717,0
52205,1
41354,1
11726,1
12002,1
27730,1
11196,0
37707,1
51420,1
60647,0
11371,1
13233,0
35519,1
71765,1
56942,0
64003,0
38235,1
23988,1
62736,1
2544,1
36242,1
51513,1
48467,0
41881,0
44679,1
20939,1
58330,1
67086,1
40507,0
14666,1
43111,0
39876,0
37353,1
73739,0
73652,0
32851,1
55443,0
69659,0
41902,1
12839,1
44400,1
61099,0
40255,1
68056,0
44858,0
50096,0
26956,0
71725,0
44006,1
36909,1
62148,0
24381,1
26157,1
840,1
26273,1
16128,1
17446,0
75603,1
32746,1
29731,1
39673,0
65974,1
6490,1
60723,0
54580,1
70942,1
27124,1
8273,0
57325,0
23388,0
827,1
19754,1
42571,0
57493,0
14576,0
7259,0
68247,0
68955,0
39717,1
10396,0
5245,0
40633,1
11968,0
29293,1
45949,1
25346,0
71457,1
23178,1
13614,0
17762,0
5492,0
73697,0
37611,0
31188,0
59632,0
45962,0
46450,0
4346,1
40085,0
1792,1
49664,0
68212,1
14525,1
70738,1
20521,0
23939,1
57991,1
7230,1
36835,0
2433,0
65067,0
6984,1
52408,0
6813,0
59036,1
14766,1
50333,0
28093,1
36289,0
21713,0
3478,0
31351,0
26152,1
53132,1
61840,1
33859,0
66862,1
72501,1
878,1
72846,0
58407,0
50867,1
12848,1
75255,0
61435,1
38773,1
19881,1
19984,0
62889,0
11847,0
18700,0
51598,1
23566,1
55738,0
9333,0
9393,0
30807,0
29955,0
60709,1
66306,0
38852,0
5045,1
12845,0
60739,0
51936,0
5472,1
44208,1
9139,1
34934,0
40058,0
39799,0
72042,0
2395,0
75235,1
48002,1
50570,0
65912,0
44362,0
35703,0
24577,0
48792,0
8106,1
4571,0
43069,1
15712,1
39753,1
68184,1
22260,0
49960,1
16881,0
47366,1
35484,0
38620,0
12655,0
39262,0
47754,1
34581,1
27624,1
52301,1
35547,0
64892,1
33600,0
23315,0
57923,0
58515,1
22690,1
26660,1
27628,0
36948,0
71018,0
13813,0
58650,0
9285,1
59637,0
62834,0
2640,1
45972,0
30574,0
6529,0
34243,0
35568,0
37181,1
43926,1
69120,0
31112,0
64496,1
54558,0
6692,0
53460,0
40939,1
39022,0
42451,1
60684,0
34046,0
59506,0
41994,0
65576,0
24034,0
75181,0
22098,1
50016,0
29041,0
5539,0
47529,1
32025,0
43822,1
54879,0
59976,0
47053,0
73000,1
50256,0
8919,1
41865,1
51340,0
20364,0
64927,0
61539,0
17364,1
42861,0
7496,0
70895,0
31948,1
55493,0
26354,0
27450,0
22655,0
14925,1
63423,0
34964,0
45380,1
67870,1
2669,1
5877,1
15980,1
39801,0
49922,0
62538,1
15772,1
7657,0
68004,1
75040,0
56530,1
43945,1
31500,0
15740,1
1999,1
8322,1
69486,0
53947,0
61075,1
69903,1
22041,0
39587,1
9325,0
69931,1
64303,1
49277,0
70748,1
9402,0
9087,0
74972,1
68931,0
3522,1
61800,1
21516,1
9795,1
64218,0
24926,0
22375,1
3721,0
49004,0
46069,1
68939,1
59744,1
39296,1
9335,1
66460,0
60237,1
53990,0
62199,1
22511,1
42610,0
34953,1
16382,0
35224,1
9432,0
23318,0
51828,0
63276,0
40185,0
35380,0
21514,0
16319,0
61296,1
38664,1
24389,1
22005,1
64016,0
49590,1
5652,0
16038,0
7726,0
25939,1
20192,0
26896,0
21317,1
19342,0
36535,1
36197,0
46238,0
65204,1
69744,0
53310,1
68982,1
32095,1
8481,0
28506,1
74732,0
40538,1
46632,1
24391,0
53544,0
10527,1
6818,1
27275,0
32529,0
28616,1
40501,1
38076,0
10659,0
71177,1
6442,0
36142,0
15841,1
71583,1
6398,1
66721,1
64743,0
25123,0
58279,1
44312,1
4874,1
56269,0
8872,0
19775,0
62205,1
51480,0
3005,0
40230,0
47887,0
66087,0
17736,1
3011,0
1334,0
69080,1
10107,0
63452,0
66103,0
46898,0
48409,1
26794,0
11106,1
53483,0
9305,1
142,0
73,0
59120,0
30784,1
19952,0
15071,1
23314,0
22025,0
58398,1
26256,1
61461,0
27658,0
50000,0
27827,1
63644,1
6554,0
43582,1
70847,0
36494,1
39405,0
32797,0
16430,1
50919,1
65337,1
62948,0
16863,1
49594,0
20552,1
36098,1
21350,1
35269,0
13058,1
25829,0
57187,1
34977,1
25431,0
26175,0
11415,0
50504,1
39416,0
49476,0
75413,0
36586,0
73152,0
29780,1
69439,1
30663,1
40555,1
45427,1
62283,0
11853,0
66008,1
5074,1
68735,1
507,1
3281,1
72162,1
67778,0
4786,1
118,1
6901,1
11537,1
51779,1
71045,0
33686,0
66346,0
74781,0
1470,0
27544,1
63739,0
32933,0
33082,1
27937,0
71286,0
23355,1
62093,1
58421,0
55534,1
18879,0
56061,1
57596,1
48080,1
10600,0
63977,0
2961,0
3799,1
19634,0
58212,1
72273,0
28154,0
11471,1
21630,0
17289,1
61714,0
39200,0
13894,1
41273,0
27722,1
5476,1
55372,0
35236,1
29925,1
13278,1
29879,0
32252,0
4019,1
13656,0
71391,0
17305,1
23515,0
48880,1
51019,0
73186,0
8417,0
37947,1
24195,0
75671,0
49976,1
563,0
27123,1
11548,0
58721,1
56229,0
30352,0
18145,1
28278,0
50714,0
5751,0
32188,0
14770,1
7629,1
9555,1
30929,1
54601,0
43344,0
34555,0
8200,0
9042,1
62799,0
49722,0
69416,0
4419,1
14876,0
34468,1
54946,1
9016,0
64611,0
57513,0
50725,1
6952,0
73381,0
33130,1
44366,1
26142,0
39247,1
43853,1
859,1
8270,1
29636,0
69663,1
14729,0
71172,0
10492,1
20869,0
59693,0
15432,0
71064,1
9396,1
11282,1
60080,1
14682,1
17559,0
15244,0
63726,0
48496,0
39994,1
43727,1
65745,0
8422,0
44779,0
56322,0
37312,1
55353,1
70786,0
13136,1
30165,1
19697,1
67195,1
62479,1
35117,1
48590,1
2458,0
2482,0
59352,0
43736,1
60712,1
9229,0
1926,1
49600,0
24319,0
56952,1
68612,1
46226,0
64302,1
4815,1
26741,1
24597,0
68400,1
64072,0
41229,0
53128,0
35102,1
30732,0
8257,0
7135,0
58180,0
42840,0
30802,1
70651,0
14537,1
67236,1
22392,1
6531,1
74905,1
2607,0
74683,1
65797,1
5184,0
26445,1
65851,0
40672,1
45850,0
65533,1
63073,1
42595,0
66049,1
58928,1
44741,0
38054,0
40813,1
52354,1
37612,1
17989,1
28447,0
23664,0
51375,1
14049,1
51302,0
43626,1
48916,1
33732,0
59095,1
16966,0
64912,0
50431,0
14136,0
5221,0
54635,1
53227,1
75522,1
57043,0
13276,1
69735,0
28645,1
66915,1
50454,0
58096,0
54614,0
2978,1
48305,0
49181,1
4544,1
21082,0
28498,0
53319,0
4321,1
14038,0
59622,1
67113,1
18827,0
11010,0
12273,1
17782,1
22817,0
72180,0
56965,1
8314,1
35971,1
49530,0
1929,1
2066,0
41635,1
60993,0
50947,0
42854,1
53569,0
55342,0
3737,1
16085,1
69892,0
9894,0
5515,1
60515,1
3294,1
71423,1
18647,0
57374,1
49969,0
61032,1
71591,1
19976,1
35535,0
51135,1
9526,1
30407,0
40258,1
2050,0
56218,1
58054,0
57322,0
74868,0
52534,0
12649,1
12834,1
25739,0
49954,0
36165,0
24214,0
7965,0
44907,0
16423,1
56708,0
69539,0
38124,1
18045,0
12754,1
19243,1
17073,0
31732,0
71227,1
42306,0
2911,0
16181,0
62326,1
16730,1
8124,0
7764,1
45731,1
45656,0
60675,0
72837,0
35034,0
349,0
1609,0
41478,1
49052,0
54331,0
67162,1
24621,0
43991,1
60114,1
14544,1
15930,0
31883,1
63004,0
72431,1
68924,0
13184,0
19767,1
54221,0
70449,1
58187,0
52567,1
35077,0
562,0
41214,1
24016,0
3579,1
29633,0
50844,1
34242,0
56481,0
60671,1
29618,1
34725,1
63998,0
6489,0
37651,1
43195,1
62847,1
72561,1
22764,0
14116,0
4339,1
64985,1
11869,0
72434,1
51034,1
42758,1
40747,1
33002,1
52810,1
69078,1
52804,0
65414,0
52701,1
808,0
28496,0
72587,0
35861,0
30271,0
24155,0
59507,1
72276,0
7618,1
46035,0
44347,0
45872,0
6032,1
5975,0
58108,0
69607,1
55029,1
29296,0
10016,1
53848,1
74894,0
25130,0
53114,0
43076,0
62890,0
18872,0
53123,0
68100,0
3625,1
16909,1
67668,1
63445,0
36864,1
66419,0
73310,1
52087,1
57941,0
66885,1
35879,1
25164,1
16822,0
22963,0
35873,1
14872,1
1544,0
27197,0
14366,1
71653,0
65600,0
28555,1
30162,0
65465,1
18811,1
7987,1
27587,1
44522,0
62517,1
55182,1
63054,1
68284,1
47007,1
16089,0
12229,1
36397,0
68465,1
21651,0
9794,0
41830,1
5676,1
43021,0
53510,1
60998,0
8664,1
34772,1
8713,0
9303,1
33603,1
65426,0
10326,0
59956,1
8258,1
18191,1
13361,0
42223,0
4140,1
38723,1
56377,1
23191,0
61357,1
31293,1
21608,0
50788,0
63618,0
35711,0
72772,0
12282,1
47553,0
30968,1
54843,1
56416,1
41746,0
63738,0
53520,1
41754,0
21938,1
53376,0
53257,0
70380,0
19840,1
15469,0
63652,1
69615,1
6135,0
2747,1
50060,1
5336,0
42932,1
33307,0
16530,1
40738,0
28686,1
11852,0
46059,0
33029,0
546,1
42176,0
53033,1
45795,1
13462,1
7007,1
75128,0
36302,0
25565,0
18492,0
27317,0
50595,0
20723,1
2327,1
56403,1
34313,1
24046,0
50199,0
40838,0
63297,0
27263,1
17601,0
18129,0
62460,1
3237,1
27757,0
13767,0
42363,1
332,0
50950,0
27403,1
55884,1
43585,0
26131,1
25680,1
66560,0
48150,1
59866,1
13367,0
72801,1
33379,1
59763,1
10111,0
19073,1
61428,0
36621,0
25131,1
998,1
43132,1
47906,1
72220,1
63653,0
39568,1
64683,1
75198,0
47492,0
45398,1
32636,0
50088,1
8129,0
40857,1
72045,0
53871,1
65477,0
33923,0
35638,0
60891,0
56778,0
34614,0
57515,1
61504,1
42525,0
65481,1
9837,0
52460,0
41207,0
51309,1
74823,1
53679,1
50648,0
31588,0
43361,1
42865,1
72592,0
22847,0
55198,0
41151,0
5485,1
53818,1
11454,0
8976,1
5742,1
60755,1
49022,1
6534,0
62913,1
17350,0
55442,0
42012,0
61169,1
55347,1
4785,1
12460,1
70223,1
68281,1
8509,1
75573,0
23595,0
18273,1
28325,0
15235,1
72761,0
45910,0
58516,1
44027,1
31884,0
40327,1
46538,0
36363,1
61611,0
22611,0
18282,1
42352,0
31445,0
68571,1
3930,1
2949,1
70668,0
30253,1
56934,0
36485,0
7492,0
67048,1
29429,0
15704,0
326,0
62100,1
52366,0
73610,0
42816,1
1804,1
32604,1
65649,1
18999,1
30709,0
9051,1
64982,0
7357,0
35335,0
35107,1
35442,1
15024,1
26293,0
60101,1
18099,0
32456,1
2583,1
31499,0
5125,0
43030,1
70699,0
44469,1
7632,0
39977,0
16770,0
21247,1
49803,1
63657,1
46168,1
22095,0
46536,0
48763,1
63512,1
51857,0
39264,1
37628,0
73159,1
41816,0
21859,0
58796,1
42880,0
9612,0
69995,0
21293,0
45622,1
42249,1
37102,1
7693,0
1041,1
19011,1
61870,0
38929,0
18745,1
75173,1
36693,0
40155,1
54097,1
26623,0
24211,1
30076,0
57943,0
42204,0
10872,0
66897,1
25357,1
20317,1
71146,1
22835,0
6799,0
9972,0
18873,0
53342,0
70893,1
34760,1
7251,1
60838,0
64661,1
36850,0
61552,1
33378,1
52586,1
72204,0
71577,1
53516,1
3859,0
37190,1
54960,1
43670,1
72341,1
43501,1
11621,1
38522,1
3968,0
70141,1
54072,1
25411,0
57848,0
6693,0
26073,1
5200,0
47788,0
23352,1
42024,0
36001,1
53851,1
16415,1
2022,1
63753,1
28486,1
9721,0
56237,1
64974,0
23221,1
36320,0
13343,0
68803,0
28780,1
68662,1
41125,1
4691,1
40084,0
49539,1
8999,1
34866,1
72163,1
39728,1
8446,1
45252,1
58287,0
45655,1
13761,0
66154,1
12222,0
45846,0
64380,1
26337,0
21249,0
27653,0
71395,0
4024,1
63790,0
45201,0
19478,1
70352,0
12854,0
34078,0
54329,0
36844,0
67515,0
62536,0
13280,1
6072,1
48998,0
75284,0
3768,0
64340,0
29629,1
26846,1
60548,1
22316,0
39842,0
10382,1
43258,1
24793,1
67827,0
6852,0
52085,1
8570,1
10690,1
74404,1
20439,1
48090,0
40886,0
24954,0
60944,1
52201,0
53420,1
14957,1
20412,1
6514,1
73231,0
55821,1
66888,0
17787,1
6526,0
13678,1
30728,0
23228,1
6712,0
16338,1
7813,1
11030,0
36388,1
36596,1
3306,1
50966,0
61232,0
52666,0
27059,1
50476,1
21667,0
43883,0
75323,1
71134,0
14220,0
43072,0
39850,0
24535,0
49174,0
8618,1
17848,0
64853,0
15268,1
40926,1
59387,1
11011,1
19354,0
37593,1
14143,1
41291,1
45116,0
31253,1
29619,0
68404,0
53002,1
27953,1
56662,0
28582,1
22703,0
70113,1
41877,0
27591,0
58232,1
57904,0
75243,1
63391,1
18994,1
35581,0
6233,0
3448,0
70378,0
37113,0
17380,0
25406,1
8051,1
22301,1
50821,1
36124,0
68290,0
6376,1
57297,0
17420,0
54264,1
32613,0
62823,1
16292,0
16594,0
55944,0
66443,0
62115,0
50304,1
11845,1
34952,1
66425,0
49295,0
50150,0
68834,0
59942,0
11326,0
52708,0
67152,1
21225,0
45320,0
24407,1
49891,0
61126,1
32003,0
17800,0
9927,1
41130,1
62646,0
44927,0
36973,1
65334,0
18714,0
2282,0
10434,0
32773,1
70069,0
74089,1
28397,0
47153,1
7971,0
23436,0
59940,0
47326,0
48716,1
6664,1
61038,1
53477,0
5097,0
69841,1
18698,1
56944,0
8035,0
40439,0
62623,0
40877,1
2816,0
18174,1
45163,1
4234,1
43899,0
29345,1
43752,1
71243,0
25340,1
58399,0
65480,0
21278,1
2539,1
25034,0
12408,1
66747,0
22828,1
58832,0
45489,0
4070,1
59227,0
42783,1
57313,0
43811,1
14127,1
67269,0
63518,1
18987,1
45922,0
44036,1
4760,1
31295,1
64714,0
21566,0
72322,0
4084,0
9196,1
7051,1
42775,0
65993,0
11028,1
64943,0
5535,1
8921,0
362,0
36473,0
62580,0
471,1
10231,0
26804,1
57191,1
65096,0
68548,1
6138,1
52557,0
37975,1
53081,0
5586,0
28152,1
64897,1
155,1
16481,1
27139,0
68009,1
19051,1
52499,1
56535,1
37751,1
72025,1
72673,1
10337,1
7832,0
3906,0
55638,1
4590,0
38531,1
24264,0
58649,1
32918,1
4976,0
13396,0
68626,0
45511,0
20218,0
12324,0
15086,1
33631,0
21768,1
23678,0
46039,0
920,0
8875,1
31305,0
15719,0
4811,1
72868,0
66679,0
8812,0
25611,0
45829,0
50015,0
28017,0
30734,1
47237,1
39730,1
48210,1
46806,1
61190,0
45100,0
44213,0
68954,1
61249,1
36454,1
51739,1
63565,1
49712,0
4433,0
61589,0
34310,0
59187,0
13188,1
17168,0
43433,0
32551,1
3100,1
73824,0
23488,1
57654,1
44479,0
47782,1
22111,1
41293,0
17853,1
64635,1
6283,1
30072,0
23053,1
45368,0
35685,1
31449,0
31325,1
40004,1
45096,1
54361,0
26569,1
15467,1
46374,1
41618,1
41068,0
61796,1
28256,1
71730,1
16590,1
39632,1
4594,0
15664,1
55708,0
21166,0
9589,0
11258,1
69614,1
24546,1
46770,0
34413,1
73422,0
36479,1
29064,1
8642,0
43240,0
39507,1
48764,1
50352,0
67571,0
48636,0
40235,0
27316,0
72248,1
40244,0
49789,1
66462,0
14914,1
9037,0
75025,1
60063,1
2729,1
73486,1
35565,1
63469,0
21970,0
40757,0
67616,1
70107,1
39304,0
73162,1
39147,1
42208,0
22503,0
12759,0
10113,1
22217,1
32969,0
8905,0
15435,1
35972,1
66208,1
29835,1
16945,1
46930,0
52325,1
72034,0
73882,1
66805,0
48957,0
71788,1
46456,1
32704,1
25814,1
22859,1
39765,1
33720,1
2918,0
56232,0
33740,1
56243,0
1861,1
2584,0
70369,1
52303,0
58445,0
41112,1
29334,1
49389,1
16440,0
7341,0
71356,0
3524,1
44982,0
52676,1
75065,0
64396,1
43276,0
19389,0
37165,1
47008,0
4370,0
69712,0
61982,1
34595,0
38253,1
56628,1
23078,1
45825,1
72076,0
46481,1
62891,1
9373,0
55707,1
30193,1
16019,1
31898,0
52164,0
3894,0
41736,0
18862,1
24364,1
32393,1
65432,1
12939,1
23044,0
23468,1
43074,0
28357,0
57691,1
70974,0
19105,0
2520,1
6240,0
46276,0
56132,1
36055,0
75604,1
39770,1
55948,0
67123,0
30845,0
37902,0
8272,1
45992,0
37117,1
61290,1
46367,1
17191,0
14909,0
30511,1
50609,1
17480,0
59973,0
32909,1
48849,0
30319,0
63554,0
52755,1
62825,0
2492,0
32157,0
28745,0
36799,1
49671,0
23684,0
18032,1
62429,1
20503,1
64527,1
40582,1
20549,0
11449,1
75590,1
2414,0
68565,0
42833,0
24813,1
63127,0
18679,1
13604,1
27692,1
59645,0
11748,0
72193,1
12080,1
73898,1
37499,1
33874,1
56536,0
60017,0
47390,0
49947,0
56038,1
28974,0
49009,0
25162,0
36404,1
23822,1
31786,1
42068,1
2800,0
72495,0
20150,0
5047,0
36489,0
16922,1
73280,1
41533,1
13686,0
38037,0
6278,1
53567,1
49106,0
25781,1
385,1
54461,0
66823,1
48888,0
58280,1
44600,1
38355,0
40630,1
65988,1
43205,0
8157,0
22386,1
36370,1
28107,0
64718,0
35693,0
42556,0
73605,0
16585,0
58142,0
24184,1
26985,0
1910,1
41338,1
46989,0
20119,1
69478,1
40791,1
29126,0
44263,1
27013,0
15666,0
3965,0
9754,0
25711,1
51788,1
25208,1
57836,0
5738,1
24077,1
65239,0
51100,0
12692,1
43598,0
17958,0
48529,1
67558,0
68239,0
1445,0
31968,1
24312,1
20153,1
16809,1
74716,0
17119,0
17220,1
60406,0
74768,1
74186,0
3762,0
36806,0
2917,0
28381,1
56626,1
64642,0
54771,0
52442,0
4326,0
37803,0
67400,1
8681,1
59601,0
20445,0
31719,1
49218,1
21167,1
31096,1
31865,0
8709,0
23424,1
14211,1
35776,1
41755,1
26045,1
58803,1
26557,1
5845,0
66497,0
73672,1
65504,1
35276,1
62099,1
52246,1
4745,0
27406,0
71009,0
24984,0
73266,0
8944,0
26328,1
1403,0
42917,0
34578,0
10741,0
73261,0
11530,0
62038,1
66190,0
47247,0
23337,0
53761,1
55062,0
75237,1
63762,0
5130,1
11208,0
54693,0
12424,1
15592,0
26539,1
27528,0
67750,0
5098,1
64095,0
61730,0
23026,1
29055,1
18257,0
70634,1
40581,1
23519,1
33325,0
48060,0
65306,1
38715,1
65840,1
8860,1
31241,0
20027,0
38849,1
14885,1
70678,0
50519,1
62450,0
47557,0
5938,0
16080,0
70120,0
1213,0
74872,1
71585,0
69031,0
14967,0
61346,0
36111,1
35655,1
48479,0
45645,1
35995,0
50440,1
59995,1
409,1
55404,0
38203,0
17846,0
70001,1
58285,0
68223,1
45876,0
13995,1
67066,1
32266,1
50185,0
34185,0
55452,1
34619,0
27299,1
38059,0
46715,0
9254,1
51669,1
15504,0
21897,0
11170,0
41389,0
54183,1
29076,0
58960,0
58955,0
7225,1
75071,1
35906,1
17751,0
13682,0
1945,1
19242,1
11541,0
43363,1
22002,0
3136,1
7301,0
17339,0
51941,1
3222,1
59011,0
69983,1
69334,0
33517,0
69998,0
894,1
15509,0
70881,0
9758,0
35895,1
52669,1
59773,1
20551,0
20775,0
61951,0
69920,1
62004,1
14498,1
42069,0
6797,0
66527,0
464,0
33243,1
61645,0
41968,0
40918,1
36926,1
30279,1
75174,0
10490,0
41440,1
36279,0
5565,0
43044,1
16425,1
40509,1
40124,0
13930,0
64556,0
16098,0
74247,0
24507,1
34318,0
10641,0
55070,1
65594,0
26545,0
62168,1
61780,0
23041,0
24177,1
29508,0
11678,1
28298,1
60383,1
50378,1
52084,0
60535,1
28290,1
5208,1
34976,0
70626,1
38313,1
58735,0
34859,1
9211,1
59700,0
27556,1
7159,0
37661,1
35555,0
12591,1
40603,0
57890,1
39171,1
9477,0
3325,1
20425,1
47573,1
66813,0
2708,1
68005,1
60492,0
64261,1
12233,1
55348,0
31146,1
50187,1
6209,1
11550,0
41960,0
38119,1
53255,0
15444,0
1881,0
49959,0
784,1
40132,1
61279,0
30286,1
3340,1
53480,0
8801,0
60774,0
53602,1
22660,1
65188,1
1632,1
57516,0
7681,1
13609,0
6931,1
61823,1
23818,0
14549,1
45014,0
67317,1
53912,0
75534,1
23354,0
24930,0
134,1
37565,1
74920,0
53190,0
57863,1
4598,0
53853,0
73171,1
15466,1
4102,1
37758,1
5611,1
31163,0
74955,1
19049,0
54073,0
10370,0
10996,0
30451,1
25950,1
29252,1
14201,0
5285,0
2307,0
46831,0
29499,0
43625,0
28650,1
74435,1
43769,1
44475,1
27745,1
23727,0
7830,1
42417,0
41368,0
2596,1
48362,1
44113,0
53080,1
14466,1
6537,0
28315,0
917,0
75303,0
58795,1
66998,0
64083,1
63692,0
46172,0
64784,1
27838,1
42222,1
65006,0
51067,1
32834,0
61852,0
35490,0
16949,0
7984,0
4398,0
43785,1
60227,1
2417,0
70265,0
7344,0
13556,1
55338,0
75365,0
19847,1
64202,1
74263,0
29858,0
61241,1
8137,0
12832,0
48544,1
10110,0
43968,0
46787,0
41914,0
73008,1
72934,0
15164,0
75787,0
30120,1
63770,1
4115,1
37323,0
67107,0
8661,1
57218,1
505,0
48416,1
47282,1
25157,1
73156,1
73867,0
43843,1
12112,1
55326,1
50664,0
12552,0
5563,1
56073,0
22989,0
45459,1
19973,0
51665,0
11873,0
17363,0
45892,0
71613,0
32538,1
6735,0
58012,0
71327,0
37686,0
9591,0
23967,1
38281,0
6427,0
65529,1
15002,1
1435,1
33019,0
38121,0
73270,0
5178,0
52047,1
11263,1
27630,1
63930,0
60938,1
25795,0
37581,0
1160,1
54418,1
13650,0
33728,0
5761,0
31893,0
52467,1
4266,1
38841,1
6492,1
29057,0
71176,1
17851,0
65360,1
26607,0
61081,0
15228,1
15687,0
18165,1
47680,0
25025,1
27976,0
14354,0
17311,1
35344,1
3174,1
49507,0
41652,1
69254,0
5423,0
62127,0
37223,0
63477,0
30201,1
74554,1
71124,0
11163,1
20410,1
32809,0
45694,0
56920,0
56069,1
47832,0
2347,0
49366,0
43604,0
51356,0
1556,1
71817,0
5804,1
2651,0
65648,0
46106,0
51606,1
65624,0
1155,0
50885,0
6787,1
55676,1
51379,0
27131,1
47065,0
22540,1
32956,1
29406,0
53914,1
74772,0
59967,0
66468,0
64817,1
31868,1
64870,0
48400,1
36928,1
14400,0
56452,0
55558,0
62153,1
31776,0
63268,0
48748,0
28887,1
53413,1
59168,1
30295,1
60566,1
13112,1
32354,1
42838,1
59428,1
45661,1
6696,0
25554,0
34080,1
10661,1
52635,0
26482,0
5246,1
43645,1
73536,1
55909,0
56063,1
43320,0
46697,1
22493,1
23607,0
37304,1
46976,0
53644,1
56512,1
13195,1
36840,1
46875,0
27047,1
32236,1
56145,0
1708,1
59148,1
1797,1
42338,1
40234,1
63908,0
14309,0
65325,0
68716,1
44728,1
22016,0
41829,0
40935,1
39735,1
63375,1
657,0
51884,1
47108,0
20587,1
66105,1
8672,0
41539,1
75414,0
51311,0
20462,0
45968,0
33451,1
39540,1
52070,0
576,0
46193,1
52317,0
19742,1
72965,0
28209,0
52356,1
68292,0
68195,1
41123,0
22834,1
48488,0
54135,0
46385,0
73961,1
16682,0
10840,1
11901,1
58770,1
11663,0
74847,0
10760,1
67739,1
823,1
52862,1
14966,1
63170,1
67774,1
26991,0
37202,1
66188,0
61490,0
74026,1
17290,1
36379,0
43515,0
68772,0
40879,0
40409,1
30760,1
45023,1
46308,1
13652,0
32569,1
49779,1
53052,1
53188,1
61977,1
34920,0
39537,1
32453,0
59174,1
53566,0
43408,1
16524,1
26841,1
48601,1
49680,0
8066,1
42562,0
46581,1
57253,1
55793,0
27712,1
7161,0
16722,1
35769,1
43480,1
39695,0
32076,0
55179,1
42693,0
36968,0
8984,1
69476,1
74498,0
5760,1
4583,1
63876,0
836,1
7608,1
67654,1
23688,0
36776,0
28150,0
58130,0
5405,1
24470,0
67498,1
47799,0
69443,0
8296,0
40425,1
29880,1
63566,1
70181,1
47341,0
70584,0
359,0
58263,1
23076,0
50473,0
73755,1
59508,0
8832,0
70544,0
41048,1
58368,0
16005,1
27812,0
69220,1
28801,0
67816,0
37681,1
29817,0
56741,1
24513,1
33489,0
65783,1
60503,1
48592,1
24524,1
51682,0
74324,0
69722,0
64879,0
27520,0
11905,1
47298,0
37657,0
28540,0
44978,0
29171,0
25515,1
73454,0
38508,0
575,0
38652,1
75356,0
64678,0
57400,0
44886,1
73119,0
50591,1
39825,0
52873,1
33522,1
30477,0
56751,0
32062,0
4577,0
49242,0
7638,0
21285,1
19132,1
61625,0
9957,0
7543,1
8510,1
46924,1
25118,0
37500,1
5144,0
69745,0
18100,1
2857,0
47867,0
43002,0
52664,0
30526,0
40657,0
44032,0
56075,0
45565,1
72529,0
71988,1
29038,1
74157,1
45676,1
58514,0
13589,1
7620,0
63509,1
56987,1
19249,1
16931,0
71430,1
46957,0
5364,0
74817,0
73529,0
57953,1
53357,1
8405,1
72817,1
45310,0
62182,0
23379,1
18341,1
59004,1
36092,1
67272,0
29495,0
36452,1
54368,0
5042,0
5561,0
34316,1
74741,1
61218,0
20014,0
22687,1
70640,0
49727,1
67986,1
18122,0
11122,0
11973,0
41690,0
60866,0
35021,1
68325,0
72183,0
16557,0
39128,1
10664,0
675,0
26967,1
25219,0
3075,0
36854,1
6810,0
69315,1
48669,0
38012,0
36118,1
40152,1
67992,1
43916,0
67531,1
44742,1
33638,0
64752,1
69243,1
61771,1
20349,1
32923,0
72218,0
31020,1
55995,1
2232,1
62414,1
20321,1
3789,0
73726,1
39867,0
13077,1
29488,0
52289,1
18204,0
11402,0
44139,1
41504,0
28434,1
17099,1
61281,1
49319,1
21304,1
42608,1
20672,1
7988,0
35965,0
73449,0
28417,1
66997,1
39101,1
45811,1
11767,0
48202,1
50037,1
39242,1
28257,0
265,1
27702,1
26036,1
6726,1
51362,1
23343,1
9357,1
21717,1
16438,0
36645,1
7263,0
56278,0
63514,0
65476,0
59688,1
27166,1
71776,1
75272,0
53274,0
57628,0
12786,1
58382,0
194,0
20782,1
54892,1
26506,0
71536,0
12926,0
15130,0
2976,0
46214,0
15472,0
52342,0
23386,1
3026,0
28322,1
72881,1
34946,1
55205,1
68814,1
69279,0
36029,0
31246,0
35563,0
28545,1
50284,0
6933,1
51727,1
66507,1
53596,1
60646,1
64644,1
50063,0
64682,1
559,0
73945,1
61026,1
7881,0
36343,0
51225,1
26997,1
26107,1
49689,0
24033,0
73859,1
30990,1
57774,0
43881,1
39373,1
16014,1
37915,1
25594,1
60789,0
33632,1
51323,1
67883,0
9786,1
44913,1
55026,1
17017,0
3950,1
3103,0
30420,1
43771,1
61726,1
51955,1
57976,1
47138,1
55879,1
73263,0
43728,0
68831,0
25284,0
25879,0
65863,0
9273,0
47842,1
17839,1
4283,0
38240,1
62729,1
37441,0
7864,0
17244,0
51798,0
55316,0
63335,1
54304,1
17950,1
23134,0
26499,0
29915,0
30192,0
74104,0
63493,1
14608,1
51911,0
25811,1
63215,1
62570,1
10248,0
7269,1
27464,0
62271,0
1659,1
45586,0
46555,1
4145,0
17316,0
16375,1
18887,0
63084,0
68285,0
15498,0
35684,1
65443,0
47737,0
4750,0
40890,1
6393,1
22046,0
25330,0
73149,0
46465,1
41365,0
72554,1
46544,1
61673,1
22928,1
42004,1
36324,1
42052,0
10528,1
36698,1
68318,1
32317,0
38751,1
10064,1
25672,0
11967,1
10219,1
20985,1
2431,0
37629,1
2901,1
36205,1
16761,1
65957,0
28386,1
39028,1
30282,0
68456,1
63896,1
48218,1
64040,0
14115,0
66364,1
10941,1
60465,1
10809,1
14095,0
46133,1
25195,1
32708,1
51087,1
8243,0
21633,1
42166,1
66926,0
18437,0
30832,0
19006,1
10931,1
19927,0
71377,1
48297,1
66814,0
7419,1
55623,1
71892,1
16727,0
10657,0
75136,0
30490,1
50091,1
55222,1
4250,0
73905,0
26924,0
41855,1
11927,0
64062,1
52060,1
8003,0
63986,0
13679,1
18556,1
32491,0
25690,0
59721,0
58141,1
57340,1
1657,1
49360,1
37126,1
59260,0
7624,0
10054,0
5122,1
49014,0
5445,1
55619,0
5183,0
21246,1
62070,1
55551,1
2052,1
48478,0
38381,0
15242,0
56330,1
43261,1
3747,0
56441,0
5636,0
67006,0
40326,1
69953,0
50417,0
65882,1
50632,0
37107,0
61245,0
36240,1
27874,1
9784,1
1891,1
19267,0
58665,0
13999,1
43139,0
69766,0
70324,0
22722,0
33402,1
43048,0
68491,1
57764,0
54549,1
64816,0
50195,1
74740,0
27280,1
51563,1
35094,1
41015,0
70122,0
24022,1
45019,0
69372,1
61837,0
24411,1
57983,0
44323,0
58892,0
53136,1
35772,1
38022,0
74017,0
65681,1
44648,0
21058,1
64679,0
12780,0
19454,0
19778,1
74328,1
68908,0
41544,0
64209,0
6015,0
49087,0
43061,1
9761,0
55300,1
70745,0
75754,1
44990,1
46844,0
11544,1
48066,0
54260,0
317,1
52972,1
35377,1
35516,0
21376,1
6132,0
45638,0
74171,0
33291,0
69848,1
12105,1
37952,0
59869,0
58945,1
50626,1
28640,1
25791,1
34346,0
73761,0
24809,1
34457,0
73142,0
63124,1
602,1
261,1
72887,1
1625,1
21908,0
30726,0
59242,0
2336,1
62178,0
9264,1
63592,0
46611,0
59315,0
18186,0
34237,0
44782,1
3043,0
13712,1
70368,1
21837,1
49870,1
2557,1
64017,0
20221,0
301,0
44612,1
66311,0
66026,1
57039,1
455,0
62711,1
62660,1
21400,1
23126,1
45018,1
42680,0
26447,1
22231,0
45208,0
8601,0
5239,1
38025,0
3211,1
16214,0
30873,0
11120,0
65083,1
11448,0
57524,0
72653,0
12340,1
23868,0
74446,1
58083,1
28004,0
57248,1
16392,1
55549,0
1505,1
23575,0
49966,1
65008,0
31911,1
57571,0
54354,0
74618,0
64234,1
16203,1
66872,0
5411,0
17938,0
3418,0
63698,0
52808,1
48394,1
27618,0
15316,0
3863,0
35499,0
9777,0
73476,0
28792,1
14593,0
35654,1
10262,0
19214,0
19225,1
60489,1
10224,0
62185,0
158,0
59084,0
72996,0
40361,1
313,0
26654,0
44836,0
39051,0
20510,0
71043,0
61819,1
67126,1
20518,1
75052,1
55680,1
19940,0
37183,1
47309,0
17005,0
55092,1
7115,1
25786,0
3264,0
33644,0
24050,0
73276,0
63020,1
14963,0
63513,0
11799,1
35358,1
69181,0
43104,1
26267,0
69173,0
17720,0
27274,0
49957,1
53240,1
31569,1
75223,1
24480,1
74461,1
71282,0
15816,1
74562,1
44485,1
60259,0
47457,0
25168,0
12472,1
54692,0
38248,1
21885,0
13101,1
36502,1
70028,1
48110,0
25322,0
60450,1
44350,0
13929,0
53007,0
47779,0
66669,1
24738,1
17972,0
53831,1
36959,1
2360,0
14253,1
60483,0
30386,1
2341,1
38594,1
41845,1
11559,1
68564,0
5399,1
30251,0
69197,1
43050,1
69800,1
47041,0
43278,0
19739,1
73117,0
39861,1
27329,0
2241,1
41245,0
43140,1
67321,1
7883,1
31861,0
35379,1
18394,1
1517,1
51175,1
10362,0
28073,0
7454,1
19343,0
4177,1
55073,1
42940,1
57046,1
60343,1
24642,0
11176,0
16221,0
26290,1
4298,0
18222,1
25155,1
67160,0
33265,1
21640,1
30900,0
72977,0
30694,0
70834,0
44441,1
29366,0
73932,1
15237,1
29805,1
65042,1
58406,0
21788,0
62044,1
48921,0
22787,1
72670,1
39631,1
44088,0
24685,0
43913,0
14484,0
40525,0
60478,0
48214,0
8349,0
15205,1
15661,1
58959,1
47547,0
67572,0
4980,0
63510,1
62828,1
4999,1
62910,1
35413,0
66140,0
20206,0
27768,1
24172,0
53592,0
598,1
58444,1
4501,1
1597,0
58391,1
39336,0
9081,0
61622,0
75082,1
13460,1
19748,1
45571,1
57865,1
66692,1
33334,0
64589,0
9912,1
23667,0
33909,0
1115,0
31722,1
37099,0
4034,1
23638,0
50705,0
39477,0
40824,1
73707,1
25915,0
58376,1
38218,1
9279,0
30308,1
6296,0
33286,1
27790,0
27908,1
41267,0
34348,1
66387,1
41720,1
39103,0
2503,0
6316,1
34569,0
38819,1
54766,1
48812,0
34022,0
14989,0
70111,0
69353,1
52211,1
62564,1
26703,0
35246,0
69713,0
74558,0
41458,1
68710,0
24292,0
27104,0
46463,1
66308,1
5420,0
66245,0
27235,0
48719,0
54402,0
71464,1
52864,0
38665,0
72805,1
57649,1
22848,0
30237,0
39634,1
40572,1
35808,0
30053,0
60964,1
44757,1
35527,0
69779,0
6657,0
54657,0
28233,1
70771,1
71290,0
18981,0
40647,0
20254,1
12091,1
40133,1
6668,0
55855,0
71463,0
7142,1
59788,0
31779,1
34865,1
35001,0
18725,1
48117,0
33758,1
45125,1
15943,1
28149,0
13132,1
26393,1
9887,1
22276,1
37173,0
64789,1
33165,1
30712,1
8571,0
2432,0
49807,1
57106,1
43046,1
70929,0
577,0
26271,1
37862,0
14397,0
31349,1
47012,1
33207,0
56011,1
51069,0
20571,0
10053,1
10418,1
63390,1
32148,0
28879,0
60143,1
383,0
39104,1
55304,1
42281,1
17242,1
31139,0
19612,1
45335,1
7755,1
18768,0
47941,1
52213,1
63374,1
14195,1
50,0
42949,0
66491,1
23608,1
29162,1
27209,1
8987,1
2612,1
35316,0
74280,0
55249,1
20679,1
73779,1
52093,0
17651,0
73126,1
813,0
43403,0
52410,1
5344,1
49558,0
38289,0
40109,0
23637,0
68518,0
12262,1
43627,0
67959,1
696,1
21387,0
20680,1
11851,0
37063,1
23751,0
74861,1
70219,1
42587,0
67821,1
38397,0
41044,0
48744,0
2536,0
51484,0
33154,0
36907,0
49424,1
54816,0
45574,0
62008,1
21745,0
59279,0
27612,1
74085,1
35140,0
13010,0
54828,1
74093,1
61090,1
74469,0
36853,1
18978,0
42824,1
18027,1
6522,0
53344,1
34450,0
60822,1
34563,0
6333,0
65896,0
29305,0
43516,1
16157,1
75558,0
40083,0
14699,0
25097,1
8567,0
20373,1
5318,1
55950,1
69038,1
38139,0
42492,0
74837,1
6811,0
31627,0
34212,0
29481,0
9923,0
68259,0
54161,0
21512,1
70676,0
60299,0
10167,1
60097,0
30883,0
68856,0
7527,0
69859,1
72995,0
23130,1
11612,1
51523,0
24362,1
16300,1
53564,0
48863,1
31282,1
67215,1
37394,1
70176,1
50750,0
9201,0
58641,1
27570,0
51571,1
40159,0
62368,0
63034,0
69621,0
70801,0
16391,1
6706,0
63228,0
54647,0
5599,1
11586,1
9401,0
74957,0
25121,1
53115,0
46970,1
38230,0
55539,0
56390,1
18856,0
26343,1
36722,0
39189,1
74210,0
49217,0
45330,0
62087,0
15647,0
56305,0
33871,0
30564,0
6406,0
2805,1
21916,1
25856,1
54915,1
21405,0
10392,1
42005,0
68666,1
31933,0
25378,0
1876,0
23915,0
32684,1
6497,0
27054,0
51048,0
22152,1
29123,1
62233,0
45167,1
16866,0
41587,0
10596,1
7163,1
67363,1
57377,1
65613,1
44749,0
30788,1
55987,1
37124,0
23562,1
9167,0
58360,1
50389,1
54410,1
20134,1
52192,1
2796,1
6511,0
54255,1
57830,0
21156,1
68670,1
42826,0
70190,0
48598,1
7406,0
18458,0
17825,1
20469,1
24705,1
33438,1
30415,0
46629,0
3833,0
65684,1
33976,1
33891,1
44411,0
57728,1
19296,1
46483,1
9320,1
17338,0
67379,1
71460,1
68035,0
5372,1
50630,0
52807,0
67840,0
14878,0
25150,1
46762,0
45859,0
8859,0
14583,0
20334,0
17071,0
67728,1
74770,1
46082,0
9043,1
51967,1
73593,0
5490,0
889,1
68122,1
19357,1
35771,1
1416,1
51000,0
37365,0
38189,0
40260,1
3274,1
72219,0
23925,0
33217,1
67376,1
75103,0
54857,0
53421,1
353,1
50988,1
39185,1
1533,1
48398,0
32638,1
50260,1
44405,0
7091,0
64660,1
55572,0
3569,1
71795,1
51556,0
54837,0
66511,0
29912,1
12666,0
48306,0
17178,0
16830,0
35452,0
70344,0
5651,1
13595,1
22721,1
6254,0
63126,1
35797,1
66852,1
63196,1
58034,0
19729,1
17638,1
12670,1
74054,0
56775,0
66964,1
72647,0
26661,0
63141,0
33064,0
13919,1
39702,1
23621,0
3083,0
20645,0
61746,0
74928,1
22105,1
20114,0
56094,1
1219,0
49286,1
69317,1
54150,0
30762,0
71500,1
70723,1
8658,1
42007,1
25350,1
21397,1
39979,0
6127,1
52517,0
39933,0
43247,0
24379,0
70435,0
15312,1
12731,1
33460,1
61743,0
13450,1
71190,1
53471,0
12625,1
65873,1
66158,0
25668,0
56379,0
61305,1
10214,1
623,1
59629,0
9348,1
9753,1
45452,1
60697,1
18451,1
16869,0
40800,1
69073,1
41337,0
48322,0
8454,0
58978,1
2636,1
40988,1
34762,0
37927,0
25698,0
29875,1
56608,1
49555,0
35389,0
19197,0
52363,0
34538,1
1436,1
64344,1
25603,1
42190,0
41460,1
72825,0
55715,0
34746,0
6354,1
46613,0
75660,1
54441,0
23116,0
12961,0
68410,0
34235,0
36306,1
60686,0
62453,0
5689,0
16228,0
38997,0
25143,1
4188,0
61355,1
30127,1
63471,0
33071,0
70639,0
35336,0
33058,1
41149,1
47924,1
29353,1
29928,0
30364,0
28304,1
24275,1
9349,0
70036,1
28705,1
18201,1
14512,0
69410,1
26806,1
4536,0
58926,1
45371,0
41608,1
48726,0
67754,0
49459,1
36198,0
427,1
46316,1
75254,0
37887,1
8746,0
66226,1
11534,0
30433,1
45515,0
60257,0
12850,0
56739,1
37652,1
8179,1
22347,1
55229,0
72551,0
61147,1
14826,0
13024,0
18944,0
54782,1
53754,0
39648,1
58241,1
15979,0
54411,0
35422,0
14850,0
20621,1
59867,1
38002,0
3650,1
24374,0
69156,0
43303,1
6321,0
11817,0
41598,0
13957,1
20367,0
49718,0
33504,0
53250,1
48294,0
15950,0
56893,0
28190,0
24718,1
70128,0
50483,1
25596,1
18260,1
25878,1
20563,1
432,0
59043,0
47648,1
57695,1
15889,0
70998,0
67604,0
5035,0
69923,0
35522,1
3189,1
25905,0
26877,1
54085,0
59949,0
35257,0
58430,0
30323,1
51425,0
56253,0
2171,0
44543,0
2974,0
74365,0
9986,1
9585,1
63488,1
56865,1
74790,1
18075,0
41296,1
52872,1
34317,1
54796,1
40009,1
16478,1
61112,1
16545,1
39768,1
16135,0
10383,1
68226,0
64119,0
22677,1
66028,1
59438,0
31767,1
20616,0
8114,0
23884,1
52877,1
8582,1
11844,0
68776,0
32815,1
70405,0
31475,1
33103,0
68250,0
58038,0
3482,0
73686,1
64740,1
14693,0
19477,0
20897,0
14750,0
67823,1
64264,1
25027,0
38042,1
56582,1
7193,1
5930,1
73340,0
60808,1
63013,0
27241,1
38244,1
23487,1
1358,1
23824,0
27158,1
14522,0
61219,0
47373,1
39514,1
69305,0
46434,1
21956,1
48697,0
65917,1
7643,0
4046,0
65747,0
6562,0
14016,0
55465,1
30261,1
29308,1
71873,1
24745,1
3365,0
186,0
16287,0
12812,1
50914,0
2442,0
49161,0
36694,0
30466,0
47624,1
57446,0
46486,1
24044,1
51047,0
9971,1
7430,1
10897,1
15449,1
20519,1
55836,0
55144,0
39390,1
22177,0
6505,1
23870,0
8036,1
34617,1
19537,1
10344,1
2668,0
32230,0
19280,1
19204,1
960,0
66667,1
16298,1
9707,0
61450,1
64922,0
63772,0
22945,0
24341,1
50975,1
10553,0
62174,1
61452,0
50055,0
65870,0
58623,1
5618,1
18680,1
21147,1
9057,1
18899,0
29756,0
64629,1
13933,1
23545,1
12526,0
31265,1
35290,1
65018,0
10386,1
21287,0
36131,0
73785,0
12959,1
50793,1
38836,1
28258,1
43761,1
1139,0
36762,0
44188,1
2834,0
2084,0
36505,1
24841,1
32897,0
7786,0
63368,1
34706,1
46614,0
13172,1
62345,1
25965,1
63508,0
15670,1
74294,1
3694,0
7498,1
56426,1
4166,0
23204,0
66135,1
24919,0
54457,0
48910,1
6631,1
15969,0
12540,0
64655,1
46353,1
51395,1
42048,0
26209,1
75652,0
38660,1
45728,1
31573,1
75475,1
18828,0
42733,0
56556,0
67969,1
71397,1
42903,0
36378,0
21517,1
31730,0
5601,0
45692,1
31106,1
12734,0
47396,0
2777,1
45837,1
25376,0
34291,1
63038,1
13110,1
13661,1
71234,1
18855,1
676,1
19309,1
34440,1
35306,0
70341,0
6547,0
72586,1
19189,0
65410,0
72452,0
36481,1
32319,0
59119,1
64391,1
45062,0
52617,0
53530,1
74941,1
72912,0
57647,0
38580,0
51769,1
1422,1
50503,1
43483,0
49982,1
61636,1
5997,0
64824,0
30377,1
37445,0
68079,0
15057,1
27315,0
72589,1
17162,0
28580,1
18675,0
36983,1
34422,0
1975,0
57771,1
31159,1
67248,0
48551,0
39458,0
22391,1
36883,1
25784,0
56834,0
46735,1
69118,1
31613,0
29221,0
58919,0
38758,0
33613,1
41271,1
9654,1
67193,1
5670,1
63158,0
61388,1
42802,0
19188,0
47446,0
13364,0
67996,0
56916,0
27754,0
74664,1
75021,1
18886,0
59522,0
47035,1
71626,0
48415,0
52922,0
12828,0
22892,0
7440,0
29948,0
55580,0
21689,0
40399,1
16791,0
12352,0
34873,0
41637,1
12343,1
31202,1
66929,1
60333,0
26915,1
71003,1
26670,0
36523,1
62870,1
18096,1
74999,1
66670,1
52069,0
26750,1
56067,0
41084,1
20557,0
62962,0
35927,0
13222,1
27258,1
55328,0
7131,1
2234,1
14182,1
63705,0
27865,1
44587,0
33639,1
35122,1
39517,0
44694,0
13835,1
63366,0
13538,0
71780,1
16107,1
41348,1
41461,0
71013,1
70725,0
67349,0
51457,0
30067,0
56661,1
56060,0
36613,1
33126,1
12442,0
74168,1
53167,1
2626,0
1290,1
14217,1
74179,0
44680,0
27706,1
37519,0
42215,1
72376,1
46494,0
24366,0
45165,1
70630,1
29626,1
65820,1
43325,0
27813,0
19539,1
38202,0
43619,1
43949,0
67802,1
38986,1
6520,0
74798,1
71519,1
33039,0
71588,1
59267,0
22155,0
8722,1
25577,0
13467,0
55373,1
38357,0
17186,1
34012,0
66473,1
13350,0
69039,0
43750,0
28712,0
72740,0
65171,1
27033,0
54519,1
33125,1
31959,1
17801,1
16357,1
55460,1
35608,1
28100,0
34941,1
6185,0
22773,0
71523,1
73723,1
35120,0
28689,0
61349,1
43763,0
59500,1
62863,1
27152,0
54126,1
53687,0
34815,0
652,1
69113,0
61364,0
55289,1
61293,1
71416,1
19314,1
48234,0
73588,0
50838,1
9366,0
13649,0
22713,1
71097,1
20770,0
50938,0
46651,1
96,1
5217,0
19939,0
46952,0
29486,1
61618,0
19143,0
1461,1
24605,0
22079,0
44432,0
50207,0
46896,0
53726,0
40932,1
33699,0
6359,0
367,1
72903,1
29792,0
38344,0
1925,1
9047,1
74252,1
28424,1
33453,0
11179,0
6116,0
44672,1
17784,1
68927,0
33841,0
52160,1
51409,1
33929,0
75726,1
26187,1
55149,0
26216,1
33235,1
43583,0
37145,1
2896,0
46506,0
32901,1
56284,1
10721,1
15470,1
50327,0
19899,0
39621,1
66251,0
5575,1
26695,0
26384,0
60133,0
31996,1
4201,0
44689,1
18103,0
33183,1
71813,0
5934,1
73946,0
1578,1
75099,1
72102,1
10620,0
31215,0
55131,0
22818,1
64802,1
48900,0
21896,1
72776,1
43944,1
22983,1
18794,0
59662,1
46912,0
24693,0
24228,1
12984,1
17702,0
54203,0
54997,1
60364,0
9156,0
35863,1
16762,0
14319,1
55628,0
16172,0
9771,1
46122,1
69280,1
66782,0
3780,0
28911,1
32581,1
17094,1
52007,0
27716,1
18077,1
54033,1
1178,0
34030,0
33191,1
39674,0
24179,1
7235,0
54342,1
25192,0
6394,0
3818,0
157,0
33333,1
120,0
21904,0
52648,0
70266,0
70781,1
13072,1
64815,1
16220,0
44015,0
42122,1
2216,0
47765,1
36874,1
32964,0
47901,1
73146,0
36365,1
20980,0
65864,0
72327,0
20356,1
19226,0
37169,0
33783,1
31766,0
45090,0
61626,0
4394,1
26084,1
36616,0
38711,0
46759,1
69221,1
68577,1
49720,1
59390,0
15072,0
54569,0
13253,1
10256,1
2680,1
69400,1
18884,1
29197,0
74865,1
26144,0
40125,0
48989,0
21561,0
23505,1
34933,0
46954,0
42907,0
129,1
33689,1
28023,0
53627,1
53796,0
28054,0
60677,1
56790,1
26770,1
46145,0
60921,1
25820,1
34082,1
21119,1
55724,0
35470,1
6010,0
999,0
4059,0
12186,1
8077,0
60683,1
38582,1
20862,1
18206,1
12835,0
12950,0
26119,0
52491,1
63009,1
3360,1
65746,0
30422,1
10087,0
72835,0
19616,0
52090,1
15680,1
26266,1
58756,0
21701,0
13858,1
69560,1
66359,0
3461,0
24937,1
26858,1
11078,1
65671,1
23398,0
5846,1
12423,0
60162,1
1033,1
22875,1
70705,0
50045,0
52202,1
39225,1
57540,1
65866,1
64405,1
37280,1
47378,0
4545,0
1124,0
69730,1
73768,1
55206,0
43438,1
35319,1
55284,0
66322,1
6977,0
27985,0
27246,1
68523,0
30761,0
63356,1
45761,0
39021,1
545,1
69330,0
51096,1
59989,0
33458,0
35584,1
44979,0
46929,0
35714,1
16194,0
4100,0
28391,1
60358,0
7462,1
62106,0
72980,0
54063,0
73748,0
20919,1
46474,1
14656,0
12287,1
23730,1
51299,0
18036,1
27192,1
54213,0
7033,1
18573,1
34615,1
8517,1
16361,1
46641,0
21804,0
21146,1
32519,1
32013,1
26772,0
17953,0
59860,1
51466,1
48298,0
54475,0
28682,1
11961,0
2176,1
71855,1
20752,0
51509,0
32856,0
30544,1
2145,1
60681,0
9271,1
48163,0
30605,1
40568,0
60805,0
24255,0
33787,0
74939,0
9445,0
74243,1
54018,0
64690,0
8946,1
41680,0
72429,0
32080,0
46683,1
51496,0
16374,0
47808,1
64578,0
3228,0
37718,1
67459,0
6101,0
59454,1
32967,1
71624,0
5956,1
31799,1
8277,0
39449,1
41585,1
67035,0
68586,1
1316,0
69863,1
10854,1
17218,1
21787,1
15560,1
74355,0
73817,1
5870,1
15388,0
74725,0
12412,0
59746,0
19663,0
30317,1
7268,1
33532,1
26146,0
48035,1
7912,0
42046,1
72265,1
53842,1
36014,1
57548,1
7122,1
24309,0
27657,1
13103,0
52074,1
3126,1
50214,0
19906,0
37404,1
69358,1
4372,0
40979,0
28376,0
30202,0
12427,1
75476,0
62728,1
62601,0
41345,1
22644,0
18737,1
56706,0
18758,1
67442,1
46104,1
11636,1
56302,0
29971,1
13013,1
70479,1
36832,0
32448,0
9910,0
22785,1
9240,1
25987,1
40875,0
71654,0
47840,0
3869,1
25686,0
47277,1
47187,1
57804,1
13744,1
66520,1
32563,0
7982,0
16839,0
35230,1
65199,0
57168,1
61720,0
61162,1
30457,0
48128,1
8827,1
47909,0
6057,0
49830,0
75266,1
32882,1
47749,1
14611,0
34049,0
73297,0
60437,0
2552,1
42574,0
28515,1
33182,0
63839,1
40057,0
41175,0
556,0
49392,1
37026,1
54682,1
27695,1
50700,1
65502,0
28306,0
21791,0
71354,1
31283,0
37380,1
62376,0
62986,0
32507,0
9033,0
6043,1
35518,0
47124,1
6385,1
26762,1
8312,0
43062,0
62704,0
43101,0
18181,0
70826,0
69052,1
51487,0
7591,1
9735,0
6186,1
55574,0
20346,1
43748,1
37494,1
22267,1
56740,0
5703,0
28261,1
4194,1
17724,0
73624,0
15117,1
43869,0
9163,1
46900,1
59217,0
24134,0
60539,0
24042,0
15526,0
41871,0
36083,0
42654,1
61102,0
6122,1
13808,0
22654,0
75553,0
7192,1
18627,1
65628,0
72235,1
43380,0
28788,1
28612,0
8123,0
14383,0
1502,0
23293,1
21529,0
20396,1
18545,0
32131,0
66063,1
54778,1
19255,1
49637,1
35271,0
74685,1
61489,1
15933,0
65099,0
38513,0
25664,0
34966,1
10737,1
65024,1
14423,0
17768,0
5861,0
14711,1
4252,0
3797,1
6149,1
47538,0
19121,0
55320,1
49762,1
55174,0
20212,0
68757,0
59875,0
58981,0
22605,1
40174,1
12374,0
70824,1
42941,1
20485,1
26975,0
31298,0
45652,0
20575,0
71833,0
54074,1
40949,1
49653,0
56320,0
35818,1
6798,1
11342,1
73027,0
55185,1
25144,1
28948,0
15219,0
49995,1
30398,0
51016,0
69251,0
9769,1
72689,1
22670,1
4045,0
50807,0
54139,0
62982,1
37757,0
5947,0
15021,1
25633,1
48606,0
45900,0
64547,0
20894,0
26518,0
53361,1
54281,0
18913,0
58363,1
45937,0
49484,0
70103,1
16100,1
20931,1
11445,1
70283,1
23764,1
32447,1
16649,0
34652,1
44800,1
48420,0
59001,1
74776,1
55747,0
25049,0
2085,0
8252,0
33953,1
38127,1
14747,0
43189,1
29446,0
45600,0
61904,0
44658,0
54115,1
2332,1
26327,1
16255,0
32663,0
36095,0
65814,1
44358,0
70104,0
44216,0
39055,1
5959,0
5931,0
18484,0
30977,0
29113,0
62895,1
14530,1
15730,1
41970,0
55893,1
45145,0
38820,1
19670,1
32670,0
11299,1
4749,1
64790,1
53345,0
69545,1
25721,1
25474,1
60879,0
42110,0
64931,1
5343,0
39952,1
24772,0
51495,1
42139,0
27645,1
71183,0
72068,0
53234,1
41797,0
38824,1
63898,1
72775,1
34051,0
54582,1
37858,1
11407,1
43321,0
100,0
51721,0
75405,0
3850,0
71870,1
55405,1
41242,0
32801,1
47766,1
64725,0
67785,0
13526,0
62493,1
9827,0
47484,0
5755,1
42959,1
17354,1
26067,0
74427,0
38164,1
9870,1
37606,0
42380,0
48595,1
25139,0
45391,1
48226,0
33367,0
75114,0
603,0
66109,0
5395,0
43888,1
19993,1
35354,1
17498,0
21705,1
27573,1
58876,0
60754,1
15962,1
34780,1
40815,0
54495,1
17450,1
46197,0
64867,0
25386,0
8701,0
27173,1
32201,0
8369,0
11024,1
26141,0
57383,0
12908,0
44098,0
74029,0
27015,1
63537,0
61168,0
11935,1
31692,1
31701,1
22971,0
49924,0
17238,0
69918,0
55346,0
65156,1
1793,1
32580,0
68649,0
29363,1
61117,0
48477,1
69947,1
55109,0
71628,0
53307,0
63269,0
48981,1
31907,1
58134,0
26993,1
7648,0
30504,1
60025,1
75150,0
63532,1
31464,1
66762,0
44890,1
31518,1
59157,1
54653,1
30488,1
53716,1
57984,1
756,1
35284,1
9901,1
16224,1
797,0
4977,1
673,0
65726,0
18397,1
64721,0
40050,0
34916,0
71842,0
17318,0
6996,0
66070,0
62670,0
24722,1
20883,0
54678,1
28810,1
16744,1
31870,0
27379,0
14196,1
35405,1
47246,1
62316,1
73626,1
1740,1
41367,1
5211,0
48866,1
15302,1
1972,0
65093,1
1902,1
59107,0
53541,1
2728,0
72298,1
51520,0
65711,0
52696,0
71195,1
31413,1
49283,1
29876,0
39721,0
21624,1
69823,1
29120,1
64707,1
46938,1
70523,0
6794,0
31365,0
60744,1
38801,0
30863,1
38084,1
74860,0
8515,0
58499,0
16299,1
64949,0
73176,1
17457,1
58645,1
2119,1
12507,0
29006,0
55586,0
64158,0
40585,0
20712,1
63643,0
70916,0
50109,1
23697,1
34917,1
64043,1
18413,0
69447,0
10442,1
63581,1
19845,0
49210,0
16653,0
25694,0
19818,0
8288,1
21884,1
42364,1
15732,0
49742,0
57504,0
307,0
6782,0
29649,0
13312,1
29996,0
17128,0
34929,0
16796,0
68749,1
30449,0
7222,0
28708,0
57888,0
50283,1
26709,1
70017,0
63003,0
4332,0
72330,0
47883,1
41379,1
42499,0
15195,0
47468,0
17563,0
48953,0
68356,1
10615,1
39812,1
31115,0
35602,1
26185,1
34149,1
19677,1
43451,1
49402,0
62002,1
30249,0
58427,0
17980,0
13613,0
15951,0
13949,0
45924,0
60385,0
514,0
822,1
63097,0
42235,1
57235,1
46421,0
49005,1
32063,1
1951,1
2016,1
50039,1
4656,1
43544,0
6650,1
48785,1
47870,0
2072,0
2743,0
75366,1
28380,0
31875,0
50558,1
31481,0
64692,0
74476,1
55488,0
20779,0
69294,1
61502,1
63185,1
10104,0
10927,0
16076,1
22127,0
1408,1
41783,1
72893,0
44705,1
19045,1
38070,1
57264,1
40666,1
35054,1
43608,0
72659,1
33065,1
43272,1
65196,0
22647,1
23299,1
22074,0
22752,0
52493,0
21983,0
72705,0
26394,0
1433,1
15677,0
61453,1
18429,0
72572,0
1915,0
9068,0
41069,1
55241,0
48049,0
36640,0
7070,1
72413,0
73358,0
36119,1
21543,0
69743,1
72487,1
70874,0
67046,1
75042,1
5487,0
13356,1
27726,1
59261,1
75769,0
42935,0
53226,0
1850,0
11283,0
68469,1
44382,0
20177,0
73951,1
65519,0
30183,0
46244,0
7160,1
27372,0
3150,0
57418,0
33017,1
67034,0
13100,0
69255,0
45339,0
3882,0
60658,0
21585,1
49613,1
68196,1
64305,0
4559,0
12628,0
54726,0
45395,0
32957,1
9718,1
59014,0
13064,1
61399,1
37498,0
37194,0
70551,0
20008,0
48422,0
17502,0
28567,0
32904,0
24178,1
45986,1
64462,0
60595,0
45454,0
75220,0
34500,1
11501,0
67353,0
12744,0
14603,0
60790,1
40872,1
67849,1
64020,0
14416,0
2401,1
49145,0
28041,0
12267,1
51024,0
46050,1
15278,0
21710,1
5135,1
32950,1
35477,0
33239,1
75549,0
50446,0
34889,1
31784,0
69640,0
6899,0
66945,0
18527,0
36360,0
9114,0
13291,1
67455,0
71818,1
23808,0
64308,0
19014,0
66826,1
73461,1
31093,1
26850,0
59188,1
47126,0
55733,0
5022,1
37047,0
32197,0
16802,1
3986,0
15461,1
4708,1
42241,1
26260,0
8364,0
24492,1
27092,0
22519,1
31780,1
11980,1
62769,1
71973,0
46530,0
71042,0
71527,0
24347,0
10630,0
14904,1
25817,0
11114,1
40771,0
9212,0
7658,0
14799,0
71584,0
61528,0
16024,0
14743,1
61051,1
22273,1
3875,1
2209,0
58319,1
23593,0
42859,1
71846,0
66856,0
9788,0
48401,1
48119,1
65653,0
37762,1
6588,1
42922,1
48323,0
20994,0
16419,1
2103,0
25547,1
18696,1
33961,1
45152,1
47067,1
24701,1
13616,1
20274,0
37687,0
10571,0
1647,0
56733,1
11464,0
54365,0
50049,1
24069,0
42997,0
60855,1
16114,0
13926,0
26331,1
71784,1
32849,1
21944,0
38229,1
47361,1
52112,1
6142,0
23202,0
3130,1
62655,1
67578,0
67094,0
74952,1
63949,0
17929,1
63691,1
58690,0
3701,0
54031,1
19643,1
23013,0
5466,1
12701,1
69304,1
58466,0
54949,1
41674,0
17767,0
23081,1
1662,0
52248,0
40834,0
41334,0
35917,0
54102,1
58091,1
51445,0
27888,1
55999,0
28696,1
2892,1
6290,0
16230,0
28867,0
72504,0
11640,0
45392,1
42882,0
13190,1
66592,1
510,1
58223,0
37039,0
66578,0
55055,1
15367,1
69687,1
40811,1
40726,1
28560,1
36024,1
59140,0
10438,1
16480,0
69312,0
6993,0
29916,0
72616,0
20319,1
61448,1
66893,0
50062,0
6409,0
20597,1
65128,1
469,1
51453,0
63687,0
7435,0
11097,0
69004,0
17755,0
32938,0
27606,0
51645,0
30901,0
56564,0
64310,0
725,1
51906,0
2504,0
41063,0
64219,1
9086,1
43118,1
29753,0
46468,1
27223,0
52481,1
62013,1
31355,1
30735,0
23501,0
35708,1
11413,0
59708,0
40221,1
53953,0
9186,1
12292,0
12499,1
1653,0
52449,0
68094,1
72513,0
49331,1
29475,0
4122,1
29707,0
10127,1
10296,0
35852,1
54836,0
37843,0
8152,1
9036,0
8558,1
63321,0
67201,1
7889,1
27172,1
56144,0
49801,1
73667,0
50986,0
45060,0
39778,1
32320,1
65997,0
45634,0
58475,1
2757,1
2280,0
43329,0
55105,0
61842,0
55124,0
43198,1
17536,1
37928,0
73804,0
26210,0
72013,1
1393,1
54664,0
50236,1
75131,0
26213,0
51240,1
18303,0
48063,1
28083,0
14348,0
20856,1
36534,0
40957,1
28299,1
17620,1
69176,1
51438,1
3988,1
647,1
75125,1
11059,1
61073,0
29536,1
70284,0
19497,0
33752,0
18918,1
71602,1
54493,0
39518,1
45220,0
41070,0
54966,0
69265,1
12339,0
40237,0
27881,1
1807,1
16136,1
38955,0
50831,1
5552,0
4686,0
65936,0
21023,0
17256,0
50870,1
11361,1
25623,1
15734,1
10558,0
39908,0
41814,0
15328,1
28936,0
10810,0
32156,1
3090,0
18919,0
22836,1
26577,1
53492,0
35330,0
69165,0
14218,0
19047,0
41707,0
52694,0
10789,0
11347,0
68344,1
20024,0
70087,1
56890,1
63346,0
64658,1
34227,1
47502,0
6775,1
64431,1
69890,1
62294,0
22108,0
65548,0
4325,1
61369,0
33012,0
60470,1
6600,1
14635,1
7993,0
32523,1
32562,0
31941,0
74678,0
29591,1
21372,0
13170,1
24835,0
8878,0
5132,1
6596,0
6699,0
34477,1
2739,1
74880,1
71023,0
35933,0
9884,1
20611,0
14997,1
47330,1
11348,1
50981,0
2707,1
3143,0
44865,1
35375,1
6791,0
47746,1
28295,0
71193,0
19954,0
32940,0
12196,0
12102,0
28143,1
18453,0
25483,1
11941,1
14175,0
52899,1
58968,0
50575,0
37257,1
71254,1
50497,0
23902,0
60574,0
60997,0
3914,0
72688,1
37037,0
54811,1
51179,1
8828,0
52302,1
24208,1
43635,0
472,1
4642,1
6823,0
3680,0
12747,0
38632,0
45419,1
61119,0
3463,1
49820,1
9441,1
36705,1
37005,0
51339,1
27030,1
21479,0
2407,0
23255,1
25082,0
68261,0
69806,0
44037,0
57338,0
33868,1
62699,0
63712,0
55068,1
62784,1
44615,1
68796,1
27782,0
69306,1
47477,1
41012,1
47951,1
53295,1
35392,1
58559,1
75709,1
33660,1
69698,0
56408,0
5206,1
38378,1
66238,0
48924,1
29340,0
24777,0
74081,0
23761,0
63311,0
20607,0
17157,1
53367,1
66812,1
56353,1
56620,0
62039,1
55566,1
61859,1
48231,1
56847,1
63875,0
25616,0
53994,0
52371,0
54167,0
35667,1
37551,1
45794,1
62731,0
18779,1
20305,0
34132,0
17158,0
7519,1
13599,1
18268,0
15768,1
61814,1
51646,0
56482,1
64705,0
43584,0
19675,1
64467,0
61340,0
19535,0
32381,0
1949,1
39346,1
4443,1
33577,0
6467,0
32616,0
35003,1
36732,1
67483,1
73128,0
12948,0
13490,0
27284,1
60278,1
9925,1
711,1
69519,0
47471,1
61091,0
28971,0
7045,1
26057,1
12462,1
3867,0
69576,1
67475,0
37605,0
8804,1
16226,0
9511,0
58078,0
13558,1
40554,0
75066,0
14382,0
20983,1
68255,1
51329,1
2568,1
51009,0
28795,1
62683,0
24428,1
16889,0
47235,0
31303,1
13924,0
37090,1
16588,0
35525,0
55104,1
10481,1
46228,1
21979,0
53469,0
47920,1
38353,0
18132,1
14621,1
14778,1
14899,1
52644,1
13632,0
13882,1
59787,0
3300,1
3821,0
18660,0
11079,1
59335,1
10537,1
49368,1
55172,1
51055,0
4776,1
20550,0
74799,1
14138,0
54277,1
8540,1
5995,1
1421,0
53584,0
49498,1
29016,1
34199,0
39036,0
23281,0
30997,0
37460,1
28439,0
42169,1
65760,0
61285,1
16606,1
2837,0
12485,0
15619,1
50964,0
4327,1
33917,1
18972,0
67097,1
48307,1
73752,1
55650,0
15812,1
18567,0
7562,1
67316,0
39329,0
56317,0
479,0
27489,1
63627,1
70272,0
41576,1
71954,0
35982,0
66493,0
4254,1
56201,1
13242,1
23683,1
49733,0
8240,0
26866,0
31913,0
10710,0
51118,0
37806,1
66057,1
62037,0
62397,1
11930,0
41332,1
4281,1
8473,0
41658,0
4836,1
5597,1
18240,0
53528,1
16661,1
23226,1
56109,0
19812,0
8942,1
52027,1
13718,0
8783,1
30896,1
56960,0
61171,0
716,0
42576,1
37580,0
63308,0
39356,0
71048,1
47631,0
11696,0
44702,0
67679,1
26472,0
54249,1
22274,0
61170,0
27567,0
15204,1
68778,1
31600,0
62141,1
32885,0
64444,0
30854,1
72303,0
4026,0
68828,1
24157,0
67589,0
57103,1
18375,1
68703,0
46161,0
49876,0
21086,0
44100,1
23150,0
13701,0
5512,1
50042,1
9931,0
13210,0
26137,0
59130,1
75180,1
29701,1
73195,1
71913,1
63410,0
40350,1
74496,1
73243,0
46522,0
11088,1
58326,1
636,1
27913,0
43082,0
50572,1
33238,1
46296,0
51696,1
39611,0
7433,0
72179,0
65084,1
53924,1
57757,1
72886,0
11698,0
6903,0
12434,0
10988,0
34091,0
30129,1
6772,0
39562,1
31343,0
38788,0
6176,0
27641,0
58546,0
12547,0
32576,1
970,1
13203,0
5818,0
29653,1
32665,0
65074,0
25392,0
33887,0
40269,0
65273,0
72347,1
2675,0
9074,0
46183,1
22492,0
66039,0
29427,1
74049,1
1811,1
1816,0
34654,0
52414,0
56259,0
61665,0
13834,0
70686,1
18857,1
23010,1
18726,0
44096,1
62781,1
66680,1
40643,1
28102,0
12801,0
28772,1
35978,0
292,0
71168,0
12220,1
6150,1
44586,1
28211,1
54593,0
10095,0
23231,1
57931,1
58802,1
5413,1
70798,1
65102,1
28808,0
41768,1
43023,1
39297,0
58075,0
35402,0
17550,1
64001,1
40922,0
42972,1
10365,0
1635,0
59160,0
55908,1
34381,0
71083,0
39306,1
1558,1
15113,0
37840,0
51780,1
56337,0
62989,0
56981,1
44591,0
59243,0
39232,1
73513,1
594,1
60961,0
74576,0
6871,0
44810,0
4528,0
7,1
46113,1
1343,0
17068,1
59873,1
2858,1
66024,0
7501,1
44706,1
70978,0
45311,1
20480,0
63684,1
58222,1
38361,1
14765,0
53309,0
54138,0
38912,1
3051,1
59930,0
50261,0
12683,0
41032,0
62494,1
61851,0
15777,1
49978,1
16651,1
67846,1
11302,1
12878,0
60782,0
75132,0
6822,0
40414,0
46242,1
706,1
41993,0
47074,1
74775,1
48630,1
69522,1
54874,1
54076,1
20058,0
28774,0
74033,1
38554,1
62636,1
18372,0
15129,0
39544,0
56995,0
6067,1
6660,1
54151,0
32955,1
14667,0
17241,0
30218,1
72663,0
73057,0
6053,1
72247,0
8506,0
18976,0
18248,0
2034,1
34409,1
2279,1
73492,0
23938,0
59828,0
65144,1
3994,1
2129,0
43123,1
51836,0
73711,0
44822,1
67073,1
48793,1
60051,0
5699,0
1905,0
33625,0
23294,1
31737,1
75268,0
37698,1
1552,0
19646,1
20293,1
37467,1
47837,1
40966,1
22430,1
51931,0
44723,1
47106,1
65236,0
31168,1
74477,1
38005,1
9653,0
64054,1
50856,0
22952,1
40833,1
9301,1
71374,0
36204,1
55848,0
71614,1
42539,1
58862,0
35029,0
51548,0
40455,1
60297,0
57749,0
48693,1
57731,0
64252,0
17691,0
1285,0
73622,1
71664,0
16126,0
24159,0
41110,0
61833,1
40652,0
17738,0
5177,0
56129,0
165,1
24453,1
62420,1
18890,1
13699,0
37474,1
22760,0
866,1
24859,1
14357,1
4585,1
7859,0
54750,0
19786,0
23390,1
63440,0
70914,1
39527,1
41362,1
23267,1
70046,1
71861,1
28393,1
65720,0
1391,1
35572,0
38712,1
12933,1
68539,1
53422,1
60630,0
10975,1
32303,0
12046,0
26918,1
34625,1
28904,0
15107,0
22490,0
21192,0
66123,1
54818,0
37613,0
73885,1
9026,0
41737,0
10471,0
29667,0
73167,1
32423,0
65304,0
38628,1
44560,0
14007,1
36785,1
33323,0
55248,1
31981,0
59394,0
1565,1
28321,1
48015,0
28247,0
22132,0
63801,0
39142,0
45834,1
26508,0
2643,0
72009,1
60164,1
47712,1
13872,1
20898,0
9321,1
39466,0
17199,0
32726,1
17637,0
43087,0
4395,1
64189,1
74293,1
19299,1
42467,1
56810,0
18442,1
20140,1
1114,1
27926,1
45307,1
51774,0
64930,0
58681,1
15741,1
75515,1
1458,1
74439,0
67285,1
13774,0
9863,0
4612,0
66831,1
66532,0
16327,1
1481,1
20033,1
39003,0
53803,1
5551,0
53529,1
61916,0
3441,1
27292,1
767,0
10523,1
24647,1
60405,0
8057,0
47049,0
75767,1
54950,1
34616,0
32070,1
44295,1
31754,1
28509,0
19540,0
30821,0
3640,0
75681,0
66265,0
3573,1
67633,0
26418,1
59661,0
52535,0
50113,0
38930,1
27973,0
33606,1
17120,1
43961,1
45387,1
20249,1
48609,0
55364,0
66827,0
10565,1
62697,1
29181,1
40720,1
15101,1
36466,1
40247,1
53354,1
10575,1
18734,0
63272,0
42252,0
54401,1
20945,1
67369,1
64538,1
10655,1
4569,0
25251,1
43903,1
71253,1
54043,0
47130,1
60534,0
30473,1
64005,1
60553,1
15654,0
19513,0
64266,0
17314,1
18339,0
75464,0
30852,1
10441,0
16943,1
63619,0
31333,0
781,0
38408,0
32989,1
5465,0
64437,0
34597,0
20043,0
5610,1
6610,0
25785,0
3322,0
38935,0
18063,0
66889,1
23125,1
555,0
58726,1
17412,1
62295,1
59412,1
66694,1
71000,1
39076,1
32484,1
29755,1
6773,1
32727,1
61938,1
67641,0
64680,1
7338,1
73721,1
6721,1
49972,1
3032,0
26567,1
66630,1
40151,0
68280,0
28105,1
9228,0
31846,1
60305,0
72445,0
72532,0
49072,0
14793,1
39510,0
27037,1
45916,1
38141,0
2819,1
58727,1
66273,1
16781,1
30935,1
52435,1
42745,0
20433,1
26610,0
32935,1
60885,0
64068,1
2744,1
52748,0
32521,0
74106,1
53598,1
23086,0
12659,0
56415,1
25052,1
31704,1
10445,1
61880,0
73877,0
24112,0
20523,1
7047,1
22062,0
73130,1
61844,1
25427,1
20497,1
46618,0
6098,1
61191,0
6040,1
1031,1
69248,1
40533,0
33992,1
68782,0
7143,1
37985,0
54701,1
21131,1
67143,1
55190,0
55296,0
17943,0
13436,1
53371,0
50192,0
73403,0
63819,0
52559,1
59092,1
43218,0
19007,0
25421,1
15479,1
26816,1
75159,1
63846,0
6676,0
41444,0
5483,0
50287,1
11872,0
28641,0
70958,0
67495,0
16829,1
1703,0
50578,1
42727,0
15755,0
50592,1
60069,1
4684,0
8621,0
30911,0
39588,1
17093,0
6703,1
28168,0
21135,0
68235,1
30468,1
58539,1
55315,0
56409,1
61678,0
33097,0
2667,0
43432,0
18199,1
23888,1
33665,1
7022,1
45833,1
51075,0
54106,0
18229,0
15735,1
46252,0
66649,0
4432,0
15368,1
5785,0
19800,1
4498,0
65661,0
47405,1
17666,1
33220,0
39202,0
5536,1
42091,0
68132,0
62425,1
71022,0
74458,0
15606,1
64386,1
3849,1
47756,0
58869,0
12677,0
49825,0
41938,1
6141,1
13224,0
62472,1
58952,0
64823,1
42793,1
3238,0
54826,0
22668,1
19182,0
56768,0
2155,1
16260,1
57388,1
48076,0
185,0
66177,1
14039,1
60345,0
10497,1
74749,0
40699,1
6355,0
8730,1
32399,0
20999,1
66957,0
62505,1
60407,1
33004,0
55398,1
31663,0
35583,0
55796,0
68141,0
21749,1
45109,1
46216,1
8413,0
20061,1
18244,1
36369,1
57294,0
9935,1
23257,0
64915,1
64555,1
5267,1
63718,0
49162,1
11975,1
638,0
17716,1
59732,0
8535,0
53830,0
59972,0
13409,1
68444,1
24251,1
30635,1
48798,1
41397,0
56392,0
67720,1
42433,1
11740,0
61103,1
17459,0
36185,1
62040,0
7445,0
9933,1
45800,1
37094,1
58809,1
14681,0
26961,1
25858,0
8460,1
47481,1
39246,0
26756,1
47781,1
21005,1
74764,1
53489,0
13179,0
64115,0
44399,0
33971,1
53418,1
25314,0
56903,1
16965,0
67082,0
7825,0
12320,0
42179,1
74810,1
23974,1
23648,1
74105,1
53352,0
41629,0
15162,1
45134,1
74246,0
34653,1
17577,1
24101,1
67773,1
73648,1
55071,0
59798,0
34572,0
16064,0
38429,0
71615,1
3531,1
52281,0
60974,1
42125,1
46246,1
34825,0
7934,1
18193,0
42257,0
21888,1
64868,0
65170,0
35030,1
61307,1
71705,1
71747,1
7256,1
18722,1
27138,1
40901,0
24234,0
12562,0
39945,0
37210,0
51709,0
13370,1
21882,1
65301,1
60586,1
225,0
20021,1
19610,0
53217,1
25916,0
30562,1
27611,0
47608,0
16805,0
44769,1
70944,0
10485,1
36587,1
43437,0
11029,1
47873,0
59488,0
14756,1
75232,0
27388,1
35802,0
30227,0
15727,1
75737,0
10633,0
36054,0
56470,1
47727,1
4840,1
71203,1
35554,0
16957,1
45284,0
49136,0
15832,0
18533,0
42766,0
68182,0
75480,0
21115,1
65057,1
45689,1
47718,1
30827,1
65145,0
67157,0
71388,1
42243,0
19437,1
20750,1
6592,1
33494,0
19656,0
8448,0
62042,0
63747,0
38491,1
71994,1
5570,0
4854,1
13092,1
9563,1
72810,0
55252,0
36572,0
67947,0
27589,0
58151,1
41596,0
29899,0
9473,1
35241,0
30264,1
52056,0
16896,1
21631,1
55705,1
22304,1
57526,0
15369,1
15373,1
47894,0
37158,0
28967,0
75137,0
48017,0
25424,1
19551,0
6182,0
31407,1
49669,0
22557,1
64256,1
59417,0
42623,0
3041,1
3227,1
40035,0
3606,0
51026,1
7190,0
2873,0
15904,1
14453,1
66698,0
28003,1
53905,1
19350,1
61565,0
10048,0
58092,0
45337,1
22176,0
34234,1
31753,1
65054,0
60242,0
40677,1
58568,0
30179,1
20052,1
32710,1
10150,0
53400,1
75233,0
60340,1
54217,0
2587,1
27057,1
71675,0
54820,1
43595,1
18543,1
72627,0
4206,1
27946,0
17173,1
26083,1
38688,0
50286,1
45861,0
72375,1
67474,0
13154,1
33433,0
17433,0
72097,0
16857,0
55920,0
26275,1
24811,0
31225,1
62281,1
11879,1
4253,0
22649,1
20841,1
57783,1
3256,0
2678,1
49983,1
32913,1
49019,0
4389,0
31292,1
31714,1
42691,0
7720,1
24564,0
44628,0
11741,0
19788,1
49819,0
50644,0
48433,1
14299,1
10102,0
51685,1
9078,1
369,1
53504,0
49457,0
47117,1
28566,0
19630,1
74044,1
37136,0
4971,1
22284,1
31286,0
27490,0
12818,1
6948,0
8471,0
25324,0
29028,1
69083,0
62520,1
74564,1
40246,0
25005,0
23556,1
68601,1
44807,0
65484,1
15103,1
10228,0
72241,1
39231,1
1637,0
4259,1
23579,1
5012,0
58348,1
52413,0
45997,1
5614,0
31700,0
69827,0
62730,1
51290,0
48956,1
8000,0
52448,1
52678,1
7403,1
1088,1
49701,0
12124,0
62447,1
52845,0
34800,0
4424,1
55633,0
11272,0
59847,0
55652,0
25296,1
10027,0
20846,1
15782,1
9560,0
68248,0
6079,0
6405,1
60826,1
35998,0
37122,1
6850,1
53286,1
14584,0
16903,1
68899,1
50641,0
11150,0
20678,0
65176,1
8688,1
59492,1
42304,0
4657,0
31807,0
32056,1
43349,1
10078,1
68381,1
63689,0
18019,0
11363,1
7979,0
15650,1
13943,1
74043,0
70972,1
25173,1
71629,0
41496,1
25209,0
45682,1
30684,1
8229,1
52637,1
2907,0
60872,1
27089,1
34054,1
35324,0
47034,1
59711,0
13883,1
48680,0
63954,1
2038,0
36998,0
32458,1
24348,0
9838,1
9116,0
12433,0
64290,1
71180,1
55691,0
19531,0
29734,0
25495,0
68936,1
37665,0
62389,1
71210,1
12040,1
42546,1
24751,1
20632,0
36272,0
56219,0
53808,1
68733,0
68467,0
54801,0
20756,0
29238,0
33618,0
21857,1
64727,1
67751,0
27601,0
18210,1
54196,0
11481,0
46489,1
64389,0
56630,0
21210,0
37630,1
6625,0
1530,0
33000,0
20139,0
15120,1
19093,1
70047,1
53017,1
59030,1
18494,1
72043,0
69996,0
3172,0
28399,0
47898,1
48773,1
56141,1
69360,0
52886,1
45396,1
43083,1
33672,0
26872,1
29512,1
49231,0
57899,0
15564,1
21100,0
356,0
4857,1
24467,0
4975,0
32111,0
11072,1
7870,0
22485,1
23576,0
38867,0
18141,0
61640,1
40356,1
65692,0
51905,1
30049,0
33322,1
42095,0
54162,1
35281,1
5953,0
39535,0
55525,0
45147,0
52510,1
35532,0
15334,1
38061,1
15541,0
20309,0
52594,0
29153,0
72134,1
13459,0
71466,1
57964,0
42085,0
2024,1
35947,0
29675,0
24742,0
57005,0
69680,1
2991,1
9694,1
66431,1
28081,1
69343,0
13484,0
2641,1
32537,0
19852,0
26455,0
34536,0
70672,1
35835,1
57176,0
8170,1
63005,1
69049,0
21091,1
51934,0
55064,1
61608,1
59376,1
46263,1
12563,1
49373,1
53313,1
31071,0
56722,1
5600,0
66585,1
45513,1
12579,1
17066,1
17486,1
33633,1
57591,1
10398,1
54504,1
58042,0
57228,1
50599,0
12612,0
54261,0
66947,0
59587,0
52472,0
51122,0
66952,1
62502,1
4979,0
16232,0
45723,0
16418,0
19741,0
3466,0
47318,1
35593,1
60962,1
75666,1
28702,0
48548,1
43988,1
57153,0
41058,1
43805,1
21442,0
72910,0
42839,1
40033,0
25875,1
52322,0
11745,0
55864,1
36820,0
9495,1
11676,0
15213,1
25372,1
21045,1
9034,1
10638,1
12360,1
23128,0
71783,0
49487,1
11276,1
14178,0
66110,0
47769,0
70755,0
15973,0
12795,1
36030,0
16274,0
39734,1
74892,0
22758,1
61889,0
13012,0
20627,0
3273,0
26974,0
31554,0
15139,1
46899,1
37286,0
39809,0
71689,0
7756,1
34741,0
26035,1
55957,1
14732,1
74013,0
42942,1
63751,0
48373,0
16732,0
24667,1
74601,0
68413,1
59285,1
75057,0
37596,0
17911,0
71720,1
12682,0
31448,0
10068,0
2806,0
71621,0
1914,1
28642,1
641,0
1621,0
36074,0
2267,1
39039,1
71116,0
54542,1
59935,0
22940,1
33925,1
17847,0
44340,0
59638,1
30082,1
9475,1
34258,1
59319,1
10966,0
62713,1
46774,1
13634,1
37692,1
49095,1
61181,1
8625,1
13545,1
30701,0
74357,0
33018,1
73272,1
67884,1
71408,1
4189,1
33835,0
39083,1
5247,0
68358,1
12477,0
66023,1
62407,0
23344,0
73110,1
776,0
9808,0
34771,0
44881,1
28309,1
31921,0
63552,1
62413,0
14698,0
26375,1
34791,0
62266,0
73784,1
36944,1
17051,0
41939,1
75095,0
61408,0
4794,1
53801,1
30576,0
35625,0
68027,0
71762,1
41398,1
71414,1
5983,0
62073,0
9699,0
30182,1
38091,1
30472,0
72950,1
49206,0
13039,0
6634,0
65526,0
14232,0
63538,0
42944,0
30713,0
69701,1
13579,0
71049,0
33876,0
70330,1
38921,0
52803,0
66181,0
56522,1
44964,0
27022,0
9194,0
46630,0
6615,1
7374,1
30523,0
57369,0
37898,1
20237,1
56907,0
5384,0
61558,1
44541,1
9200,0
44720,1
49464,0
26873,0
26043,0
35496,1
16056,1
32720,1
5263,1
37599,0
16571,1
70707,1
58754,0
62485,1
11203,1
19516,0
48718,1
26726,1
32649,1
23573,1
60788,0
63040,1
70395,1
40062,1
58867,1
55027,0
13147,1
53715,0
54438,1
4755,1
41769,0
49090,0
32660,0
13140,0
36164,1
57364,1
29695,0
23600,1
3552,1
73228,0
23438,0
46455,0
34534,0
31936,1
3916,0
23331,0
24443,1
5424,0
46327,1
68165,1
9776,0
27622,1
7578,0
66896,0
57203,0
12672,1
6310,0
3240,0
34017,0
66130,1
59373,0
61485,0
45103,1
33726,0
69097,0
15154,0
74317,1
66513,0
37616,1
42186,1
2311,0
8181,1
55114,0
29138,0
54996,0
57300,1
16129,0
57970,1
64580,0
13125,1
59843,0
5740,1
1664,0
12177,1
33993,1
12005,1
7665,1
58742,1
20566,0
10679,1
6411,1
69904,1
16342,1
23659,0
60673,1
36747,0
58799,1
60816,1
55340,0
28208,1
25171,1
6654,0
43441,0
63497,1
42755,1
48800,1
16320,0
72691,0
69805,1
15349,0
47178,1
32305,1
26303,1
34643,1
55773,1
35683,1
52916,1
42773,1
20509,0
19238,1
74996,1
55082,0
73054,1
3851,1
75662,1
54885,1
22448,1
65786,0
39795,1
10683,1
69022,0
42384,1
25543,0
57869,0
45453,1
5553,0
64859,0
17050,0
57214,1
59370,0
47027,0
14725,1
67305,1
70331,0
37747,0
38373,0
31412,1
47974,1
5271,1
68347,1
9615,0
47952,0
3846,0
7981,1
19288,1
40632,1
41958,0
60398,0
8572,0
45210,1
23717,0
44494,1
52308,0
13325,1
35070,0
18577,0
26000,0
37166,1
19662,0
73771,0
4377,1
20474,1
24797,0
50209,0
36081,0
38351,0
4554,0
67451,0
58119,1
23780,1
61917,0
32783,0
67547,1
34415,1
63332,0
65034,1
65172,1
24804,1
34343,0
64772,1
71211,0
52833,1
15982,1
50622,0
16467,1
45874,0
57267,0
7151,0
57780,1
73312,0
36375,0
19282,1
15032,1
49252,1
1232,1
26147,0
42228,1
66221,1
10612,1
795,1
11329,1
54204,0
19758,0
12170,1
28953,0
52595,1
26314,0
18232,0
40686,1
37310,0
29203,0
43242,1
26154,0
62758,0
47795,1
50467,1
65547,1
21164,0
51400,1
51579,0
37427,1
75070,0
45505,1
59879,1
48044,1
55383,0
21878,1
20959,1
24478,1
29059,1
4481,0
36158,0
64191,0
67726,1
16,1
56999,1
69566,0
63599,1
28924,0
4318,0
36008,1
7224,0
66749,1
73337,1
5355,0
3948,1
49538,0
268,0
35594,1
28738,0
31550,0
64728,0
35274,0
73899,1
29686,1
35037,0
9943,0
60786,1
41385,1
68729,0
68798,1
1048,1
65637,0
28133,0
14291,1
4001,1
50092,0
27651,0
36943,1
49344,1
23186,1
55110,1
65316,0
38811,0
66392,0
75091,0
32583,0
1593,0
70560,1
62091,1
23708,1
62973,0
48265,0
22738,0
9507,0
2078,0
69130,1
61443,0
15245,1
40783,1
73493,0
56163,1
2810,1
18806,1
52925,0
21454,1
23149,0
40981,0
43290,1
61834,1
20378,1
12115,0
43113,0
65630,1
35111,1
57101,1
35411,1
32603,0
5401,1
18337,1
65874,1
780,1
59012,1
64185,1
42383,0
12775,1
64820,1
40171,1
71281,0
75651,0
75296,0
59938,0
13635,0
26710,1
24161,0
52882,1
54437,1
64179,0
67124,0
24148,0
58716,0
22850,0
51155,1
18459,0
68303,1
25977,0
6234,0
20887,1
20324,0
20290,1
40192,1
56929,1
29518,0
10435,1
46042,1
13762,1
41222,0
42434,0
66873,0
20921,0
35088,0
31285,0
9248,0
61380,1
40851,1
25395,1
12936,0
20034,0
9089,1
17032,0
70561,1
12012,0
64645,1
55258,0
35280,1
33007,0
43322,1
60847,0
34493,1
3556,0
21990,1
11460,1
55389,1
28527,0
29942,1
73447,0
19764,1
18989,0
29128,0
58606,0
38114,1
11334,1
32860,1
41422,1
6179,0
73052,1
19046,1
3470,0
24368,0
51562,1
22839,0
63849,1
14070,0
7595,0
62939,1
13359,1
20385,1
14578,1
44467,0
15319,0
71872,0
49300,1
53179,0
33257,0
48760,0
58707,0
55749,1
50329,1
43825,0
21825,0
58419,1
8495,1
29455,1
35194,0
74196,0
70757,1
46166,0
40775,1
21759,0
74245,0
31183,0
39829,1
22547,1
25788,0
22083,1
7277,0
33045,0
39307,1
72423,0
2294,0
7810,0
28716,0
42056,0
8169,0
40524,0
28741,0
32281,1
13586,1
13938,1
1215,0
36330,0
51252,0
5400,0
35974,0
26994,0
60486,0
57558,0
63795,0
54125,0
33135,1
12468,0
53663,0
44285,1
32182,1
46016,0
72641,1
50980,1
32557,1
61575,1
21109,0
72863,1
35317,1
17774,0
31984,1
75456,0
75597,0
47932,0
19588,1
28364,1
15295,0
17230,1
43024,1
12602,1
30719,1
6649,0
31544,0
44697,1
49364,1
43572,1
62488,0
12781,1
53415,1
53944,1
60083,0
41683,1
46815,1
63547,1
65494,0
6555,1
66173,0
17357,0
30301,1
40772,1
41487,1
27193,1
40785,0
3167,1
38452,0
4499,1
40956,0
6440,0
47165,0
41037,1
44959,0
50597,0
43233,0
5766,0
34369,1
22034,0
21283,1
20501,1
25529,1
38288,1
5823,1
71769,1
31874,0
8079,0
10136,1
74184,0
40460,1
53568,1
70632,1
43641,1
67799,1
32215,0
40565,1
35646,0
52938,1
40770,0
12862,1
45092,0
60522,0
18105,1
71,0
45979,1
73615,0
47022,0
73061,0
10973,1
52198,0
27943,1
61167,1
50557,1
42411,1
65276,1
58695,0
8516,1
30800,0
24630,0
11521,1
22289,1
3220,1
30054,0
47762,1
18776,1
39624,1
37516,1
57404,1
14078,1
59026,1
42366,1
64176,0
53639,0
45592,0
71554,1
35786,1
47259,1
60612,1
34373,0
59593,0
34566,0
5593,1
59198,0
49840,0
57550,1
24683,0
23802,1
17551,0
21364,0
32917,1
10409,0
11708,0
62435,0
62806,0
56497,1
3502,0
5986,0
58286,1
23301,0
17411,1
3457,1
50708,0
18933,0
37550,1
74163,1
62082,1
7331,0
69142,1
61378,1
56860,1
14791,1
30778,1
40985,0
71051,1
70869,0
61784,1
56988,1
7797,1
914,0
40318,0
11036,1
69289,1
74488,0
20738,1
17395,1
39406,1
36577,0
71676,1
37508,1
68656,0
5425,0
20545,1
64007,0
69216,0
73644,0
394,1
1865,1
53088,0
31956,1
11423,0
6458,1
3942,1
48242,1
44290,1
58321,0
42120,1
39771,1
60229,0
7924,0
40596,0
4599,0
25281,1
21950,0
65559,1
39377,1
18954,1
8628,1
48371,1
33001,0
41824,1
30630,0
17646,0
58403,0
49403,0
5912,0
36582,1
31824,1
27097,1
6352,0
25141,1
24301,1
69272,1
7622,0
26339,0
30698,1
44110,0
64581,0
14294,1
17986,0
38560,1
17557,0
41002,0
290,1
4522,1
14839,0
17275,1
67291,0
61478,0
14403,0
11147,0
66424,0
7150,1
75606,0
73886,0
60367,0
16104,1
65895,0
13903,0
36051,0
37085,0
43307,1
10001,1
62762,1
21712,0
6407,0
18910,1
73900,1
22051,1
68421,1
66483,1
16436,0
52526,1
55481,1
49658,1
17201,1
38433,0
54500,0
59283,1
11677,1
36726,0
44034,0
62063,1
66591,0
30671,0
18410,1
66126,1
46751,0
62768,0
35891,1
40843,1
65014,0
70984,1
69338,1
62860,1
33648,0
13904,1
19484,0
47316,0
67163,1
52606,1
45317,1
4063,0
53465,1
51431,0
73533,0
54597,1
37769,0
60198,1
44555,1
44270,0
704,1
22011,0
74497,0
53672,0
49212,0
10266,0
42888,1
27853,0
36584,0
21092,0
2791,0
27525,1
75812,0
68416,0
24904,0
10722,1
39277,1
8929,0
57036,1
34514,0
16131,1
18749,0
54609,1
53869,1
19426,0
53107,0
52012,0
34427,0
57702,1
50745,1
68957,1
6089,0
66163,0
39851,0
35334,1
49481,0
28699,0
2696,1
49714,0
18703,0
57244,0
50869,0
3612,0
41407,1
25429,1
2906,1
26206,0
71037,0
40388,1
33914,1
56056,0
21219,1
51887,0
73339,0
70057,0
13138,0
62025,0
72450,0
57354,1
17749,0
15282,1
67486,0
14043,1
71996,0
11917,0
68175,0
3760,0
69582,0
10510,0
60003,0
59664,0
47148,1
25199,0
26398,0
68841,1
47397,0
13407,1
32098,0
33922,0
52989,1
18135,1
2554,0
29851,1
45658,1
7771,0
61657,0
2165,1
35944,0
62677,1
29331,1
51308,0
23082,1
7515,0
61562,0
6006,1
66658,0
18969,1
187,1
48251,1
35219,0
23796,1
26748,1
53493,1
44887,1
52781,1
40784,1
34750,0
72696,1
20617,0
61284,0
36127,0
30036,0
48106,1
36307,0
36335,0
49944,0
72830,0
59753,1
48535,0
40541,0
8053,0
30160,1
63584,1
31392,0
75075,0
56477,0
12749,1
67222,0
17750,0
54728,1
42754,0
21695,0
45691,0
61691,1
71597,1
17307,1
56826,1
10905,0
71943,1
61788,0
3687,1
63058,0
56591,0
34853,0
8254,0
25520,1
2891,1
37874,1
63720,1
30128,0
15716,1
74522,1
53987,1
44841,0
39331,1
28440,0
7662,0
74375,1
31488,0
66292,1
12945,0
8553,0
42144,1
39165,1
25764,0
192,0
3119,0
12909,1
8485,1
12955,1
36794,1
64809,0
72847,1
70139,1
61215,0
3979,0
27060,0
27532,1
60123,0
42967,1
67105,1
39355,1
74069,1
13267,1
63474,1
69834,1
18164,1
3063,0
9217,0
15422,0
69632,1
39619,1
15267,0
35251,0
58714,1
41402,0
6576,0
7390,0
42461,1
5351,1
20393,0
44317,0
6140,1
59539,0
55153,0
55004,1
43354,1
51947,1
70279,0
25518,1
16523,1
47312,0
1270,1
41127,0
19769,0
63869,0
45909,1
5003,1
43385,0
11862,0
66248,1
22934,1
69568,1
47675,0
13829,1
48091,0
13161,1
16798,1
1867,1
38232,1
29273,1
64376,0
56602,1
73788,0
27846,0
66788,0
55863,1
11732,0
23732,0
69637,1
40121,0
25036,1
73640,1
8203,0
57457,1
59745,0
50120,0
71760,1
30186,1
50698,0
2832,1
55946,1
43155,0
36387,1
2992,0
36683,0
7933,1
63617,1
19743,1
12748,1
57283,1
54674,1
61289,0
19134,1
11757,0
30756,1
34586,0
59254,0
15080,0
37788,1
32891,0
21994,0
46534,0
74690,0
30396,1
43098,0
50156,1
64786,1
19555,1
5176,0
32508,0
36410,1
74983,1
70698,0
35486,0
68256,0
15225,0
34319,0
37696,0
65590,1
1624,0
16873,1
43808,1
48769,0
55093,0
66348,0
44668,1
45633,1
43786,1
3676,0
10192,1
5455,1
46372,0
29354,0
14065,1
68083,1
35323,0
57718,1
16819,1
10144,0
3618,1
60145,0
30481,1
32198,0
28164,1
31675,0
36126,0
31972,1
66,0
56679,0
62043,0
51162,0
32117,0
39077,1
7410,0
48647,0
336,0
3311,1
70306,1
8090,0
25865,0
30238,0
49734,1
12874,0
45162,0
30506,0
22819,0
32922,0
3686,1
67982,1
70994,1
68971,1
16850,0
17676,1
26242,0
15135,0
24125,0
70108,0
60110,1
35865,0
16629,1
39863,0
2928,0
31048,0
73418,0
55511,0
56633,1
4896,0
82,0
59564,0
26609,0
34983,0
56583,1
481,1
42836,1
11458,0
9979,0
55662,1
68352,1
26720,1
37493,0
3434,0
1990,1
39782,0
50339,0
57690,1
60854,0
59795,0
3242,1
11870,0
40139,1
43124,0
63760,1
61468,1
59897,0
23028,1
52726,1
24333,0
53061,1
6781,0
11307,1
73446,0
35696,1
32002,1
12906,1
7085,0
37826,0
29445,1
40200,1
41526,0
1158,1
11823,1
11483,1
69490,1
52590,0
211,1
47203,1
12855,0
41601,1
30613,1
15247,0
63116,1
8845,0
66911,0
47562,1
33278,0
55462,1
22522,1
56179,0
41408,0
53881,0
70552,1
21056,1
12790,1
20635,0
25757,0
65322,1
20375,1
1538,0
22808,1
3532,0
70586,0
36417,0
16979,1
5855,1
65050,1
71737,0
11526,1
27229,0
68447,0
57496,0
32032,0
50535,1
67103,1
51454,0
19479,1
52498,0
59815,1
64486,0
74506,1
62591,1
62549,0
58331,1
73430,1
51268,1
58918,1
13433,0
52176,1
51430,1
45849,0
58783,1
21290,0
32889,1
1726,0
50855,1
57724,0
1695,0
68854,0
18599,0
56044,0
61133,0
62936,0
16058,1
68625,0
55968,1
27916,0
3752,1
13430,0
71111,0
45250,0
38527,0
54848,1
60276,1
45084,0
64225,1
29544,0
17566,1
55233,1
47708,0
34481,0
18466,0
58485,0
24938,0
69046,1
5801,1
62969,0
56899,1
1639,0
15699,1
60853,0
26922,1
10501,0
14317,0
47967,1
69561,1
59055,1
1039,0
16227,0
13483,1
23957,0
47449,1
13564,1
58575,0
14022,1
66456,0
36561,1
9700,0
59663,0
9708,1
43347,0
53020,0
14598,1
30371,0
51634,0
62548,1
49175,0
58351,1
73537,0
50161,1
15528,1
27444,1
61805,0
12418,0
74189,0
68431,1
33908,0
32377,1
16878,0
49245,0
13751,0
67562,1
57332,0
67227,0
56998,1
6456,0
68185,0
31586,0
26754,0
73067,1
17664,0
43178,0
22552,1
39899,1
6337,0
72894,1
20568,1
26015,0
66603,0
70458,1
39481,1
9530,1
47170,0
22575,1
57084,1
66298,1
19999,0
39380,0
59667,1
67307,0
24826,1
21919,0
72197,0
65492,0
30119,0
31739,1
62147,1
55090,0
20397,0
24714,0
53025,0
69865,1
17308,1
58949,1
29506,0
65055,1
65672,1
6397,1
31116,0
26595,0
23863,1
26434,1
32324,1
53174,0
40210,0
70538,0
45233,0
67574,1
33832,1
60374,1
43190,1
56411,1
47694,1
38754,1
26697,1
62712,0
9098,1
4924,1
14719,0
36188,1
59141,1
59418,1
59534,0
56404,1
56543,0
18937,0
53475,0
60943,1
52231,0
63579,1
17424,0
10850,0
63304,0
62259,1
17999,1
10627,0
61920,1
33417,1
37372,0
62302,1
16314,0
50996,1
74981,1
48438,1
34882,1
28928,0
54667,1
22146,1
23650,0
8532,1
4724,0
74609,1
13922,0
17419,0
58356,1
13560,0
41191,1
26665,0
48906,0
1400,1
46248,0
43554,0
41995,0
36099,0
45643,1
74623,1
66864,1
5853,1
71852,0
16447,0
11978,0
34988,1
53476,0
12232,1
11075,0
67467,0
49345,0
63734,0
49521,0
46381,0
37690,1
36408,0
48783,0
28058,1
20232,0
38033,0
61294,0
52870,0
41895,0
46400,1
59402,0
27314,0
60580,1
61908,1
69015,1
52077,0
43673,1
48378,0
48228,1
43969,0
10729,0
6159,1
44902,1
67602,1
17626,0
60828,1
71277,1
31056,0
21596,0
60550,0
73936,0
14085,0
14567,1
29324,1
2404,1
47402,0
34213,0
48381,1
36875,1
44911,0
36669,1
59737,1
57001,1
41603,1
74155,0
65434,1
35657,0
72907,1
39279,0
63897,1
71079,1
60188,0
37428,0
68699,0
27619,1
73763,1
31720,1
24720,0
414,1
13428,1
73781,0
35204,0
73623,1
52264,0
65941,1
2894,1
26959,1
13105,1
35814,0
21129,0
53500,1
3520,1
17537,1
68645,1
58628,0
66111,0
39595,0
12641,1
75537,1
52337,1
5149,0
65716,0
2812,0
48100,1
44582,0
25299,1
27967,0
68376,1
42230,0
10743,0
3092,1
20765,0
72814,1
4850,0
54242,1
61208,0
22142,1
45412,1
59214,0
30302,1
74307,0
71091,1
62522,0
52971,0
16313,1
28907,0
10452,1
53406,1
12964,1
51985,0
22281,0
46767,0
7667,0
74397,1
44070,0
41152,1
6962,0
39447,0
60883,0
69980,1
44923,1
64839,1
24626,0
29717,0
72098,0
21668,0
45725,0
53314,0
73775,1
58179,1
47331,0
11991,1
59738,0
33085,1
70713,0
66000,1
61429,1
34833,0
52411,0
46458,1
45939,1
34260,1
8425,0
3513,0
46671,0
59314,1
24433,0
14895,1
24544,0
45328,0
53859,1
29773,1
43744,0
23152,1
48725,0
34813,0
32671,1
4647,0
61082,0
5488,0
11837,0
74563,0
48735,1
11131,0
63176,0
25013,0
9431,1
10971,1
44211,1
21359,0
15911,1
11753,0
52839,1
64847,1
34216,0
50173,0
61711,0
15377,1
64896,1
1982,0
34970,1
20081,1
55441,1
12064,0
7968,0
9281,1
72834,0
48700,1
11468,1
16377,1
73141,1
42679,0
5386,1
46894,0
37384,0
457,1
9283,1
17543,0
33423,0
47545,0
5365,0
37399,1
27649,0
13901,0
5892,1
46061,0
69788,1
71566,0
51958,0
4493,0
35267,1
13637,1
14702,1
36565,1
52162,1
14221,1
66095,1
31759,1
11004,0
3161,0
37745,0
61227,0
10714,0
58977,0
17731,0
6331,1
53880,1
57149,0
68089,1
74848,1
3689,1
20230,1
19928,0
40508,1
33283,0
879,0
32246,0
42242,1
7781,0
60715,1
3891,0
52524,1
15391,1
53920,0
65407,0
27959,0
26200,1
46015,1
63504,1
43026,0
60532,1
31964,0
65825,1
22147,0
64375,1
70118,1
46855,0
66726,1
47021,1
38339,1
40676,0
31489,1
6575,1
68074,1
36180,1
67299,0
34557,1
40856,1
12943,0
477,1
7784,1
70548,1
9183,1
5578,1
41024,0
51349,0
25730,0
22868,0
74953,0
29419,1
17603,0
3874,0
4263,0
48671,1
17934,0
44540,1
50564,0
71632,1
5498,0
47828,1
42979,1
41510,1
71089,0
58633,1
59734,0
12129,0
61762,0
59871,1
65309,1
70005,1
71378,0
27485,0
63559,0
63360,0
19207,1
27031,1
38621,1
63668,0
59253,1
9457,0
52145,1
21698,1
30946,1
6388,1
858,0
14748,0
69808,1
46609,1
50737,1
54604,1
52778,0
14792,1
1342,0
8577,0
32631,1
74961,0
71347,1
60543,1
56921,1
73759,1
1380,1
20171,1
7046,1
8478,0
7456,1
4461,0
49649,0
49116,1
21329,1
12679,1
29251,1
67548,1
32074,0
38846,0
50728,1
68313,1
72209,0
55453,1
65409,0
52182,0
41659,0
50353,1
37154,1
48884,1
64242,1
54513,1
26766,1
69634,1
64180,1
1956,0
14493,1
40645,0
75392,1
2946,1
54265,1
43715,0
2550,1
39350,0
3048,0
6641,0
56339,1
62734,0
47216,0
35056,0
20893,1
7087,0
63553,0
18031,1
23051,1
49827,1
31546,1
70329,1
5920,0
70999,0
3616,1
55123,1
6856,1
38136,0
8772,0
29998,0
36157,1
57282,0
40528,1
21711,0
34812,1
63205,1
59406,1
40975,0
17483,0
938,0
19439,0
62467,0
23066,0
23227,1
10823,0
68186,1
53202,1
40722,1
35303,0
52953,1
26549,1
11616,0
47498,0
39656,1
53991,1
47524,0
22956,1
7167,1
69900,1
29680,0
70230,0
45293,1
69323,1
70918,1
2287,1
58777,1
65880,1
16026,0
32486,0
19461,1
41591,0
30607,1
32847,1
72581,1
51843,1
11772,0
63667,0
7017,0
71796,0
37907,1
101,1
67906,0
46805,0
41027,0
47618,1
14303,0
15720,0
71061,0
71506,1
12755,0
66194,1
72575,0
4003,0
18820,0
64652,0
56714,0
47654,0
44171,1
32785,1
24522,1
7048,1
1984,0
17715,1
16035,1
21120,0
8239,1
37249,1
68346,0
7368,1
15630,1
67203,1
17893,0
1806,1
48179,0
45919,1
45866,1
57862,0
33471,0
27947,0
13963,0
69830,1
37189,0
20996,1
27761,1
31182,1
50810,1
39467,1
48048,0
53695,1
71220,0
6638,1
20039,1
55782,0
8011,1
5632,0
57372,0
65568,1
1389,1
14996,0
68791,0
29412,0
14685,1
48903,1
18235,1
31039,1
3263,0
68519,0
70309,0
47634,0
72205,0
25485,0
2080,1
10081,1
58939,1
11212,0
19887,1
75640,1
5213,1
1575,1
15584,1
3351,0
59927,1
51066,0
70769,1
49425,1
18797,0
70601,1
24054,0
27602,0
75484,0
27269,1
26446,0
31101,1
39439,1
57832,1
54351,1
7287,1
51312,1
29270,1
16654,1
1105,0
15884,1
4615,0
13801,0
40046,0
60669,0
35108,0
40731,1
35912,1
16777,0
70102,0
20135,0
24946,0
42607,1
23610,1
52500,0
71152,1
75636,1
10791,1
26315,0
55853,0
35656,1
25274,1
35718,1
14767,1
55666,1
1936,0
38576,0
21898,1
73284,1
5202,0
58987,0
7031,0
41649,0
72463,0
17414,1
30988,0
39578,0
2505,0
1665,1
55953,0
75650,0
15029,1
44737,1
66076,0
73072,0
50451,1
37789,0
34264,1
73242,1
48281,0
47927,1
23148,1
18371,1
30194,1
36623,1
4648,0
63143,0
75793,0
46745,0
1291,1
52863,1
64488,0
70816,1
6589,0
3052,0
70085,0
35076,0
37714,0
75682,0
1414,0
68718,0
29514,0
8176,0
14444,0
48190,0
10222,0
32869,1
74401,0
50188,0
75641,1
30742,1
60876,0
66132,0
26646,0
33405,0
14187,1
64121,0
21524,0
40765,1
4679,0
53938,0
66146,1
32199,0
33573,1
33114,0
52968,1
39320,0
56525,0
9993,0
54920,1
11098,1
43342,0
17675,1
60986,1
46267,1
70819,0
29014,1
33764,1
63815,0
38160,1
24691,1
26513,1
54347,1
42674,0
4143,1
44593,1
70116,1
29546,0
13014,1
43710,1
30499,0
59075,1
20342,1
17655,1
10761,1
34910,1
23592,1
29152,0
13754,0
31011,0
67613,1
55960,1
13917,0
74094,0
67205,0
58888,1
68401,1
74126,0
6854,0
60497,0
50079,1
50008,1
18522,0
54607,0
37834,0
64706,1
20075,0
38504,1
63204,1
68494,1
69796,1
37482,0
47410,0
73108,1
57641,0
17544,0
37882,1
57670,1
65625,0
73531,1
33232,0
37951,1
34956,0
12206,1
33068,1
12618,0
19367,1
64111,1
46903,0
10858,0
65210,1
41315,0
63166,1
50410,0
122,0
4125,0
10901,1
11832,0
19929,1
63968,0
27988,0
48177,1
12168,1
10989,0
43564,1
65765,0
5591,1
33688,1
24093,0
8755,1
51383,1
54689,1
54989,1
21339,1
49582,0
58545,0
54168,0
53135,0
40758,0
5915,0
45442,1
30908,0
7911,0
24635,0
15314,1
75253,1
37389,0
53536,1
52384,0
56091,1
46790,1
41924,0
36712,0
3320,0
63119,1
36086,1
11900,1
43543,1
29910,0
56902,0
48314,1
8771,1
64145,0
64785,0
53527,0
53,1
3681,1
42344,1
20493,1
20020,0
8081,0
72694,1
62471,1
40642,1
10096,0
68933,0
18264,1
72001,0
31289,0
54541,1
61980,1
15477,1
46132,1
65286,0
75589,0
14161,1
34016,1
4057,0
49975,1
9514,0
36946,0
18487,0
14180,0
22154,0
53752,1
47897,0
37157,0
24183,1
40469,1
21952,1
48987,0
63132,0
19736,0
73939,0
33398,1
38194,0
75221,0
29231,0
7469,0
47645,0
75791,0
48328,1
70159,1
42884,0
69378,0
33831,1
24371,0
68516,0
14209,0
48864,0
19622,0
30834,1
42033,1
71164,1
64674,0
27208,0
43931,1
65244,0
43401,0
29280,0
67433,1
37963,1
5568,0
70299,1
35648,1
60934,1
28632,0
13731,0
47177,1
23569,0
16386,1
48914,0
22775,1
52125,1
9533,1
54327,1
66967,0
3583,1
45865,1
3364,1
26344,0
24639,1
72421,1
42873,0
32947,0
26382,0
28820,1
63633,1
73174,0
27467,1
12420,1
49049,0
75020,0
46657,1
45181,0
48926,1
65245,1
29227,0
9702,0
5756,1
32984,1
70933,1
75552,0
60792,1
11952,1
60294,1
56203,1
57587,0
12139,1
60750,1
28050,0
6377,0
29523,1
71949,1
13495,1
23307,0
27631,0
36161,1
35348,0
51230,0
61934,0
30469,1
72394,0
47692,1
5662,1
14474,1
32584,0
71434,0
26838,0
24568,1
21503,0
68301,0
57131,0
49826,1
16637,0
23444,0
47258,1
61476,1
62129,1
28835,0
70873,0
59472,1
41001,0
26501,1
20988,1
15348,0
52789,1
7910,1
68011,0
55173,1
37341,0
72973,1
39205,1
23201,1
41316,1
35801,1
12019,1
49456,0
48602,0
59931,0
26636,0
30007,0
54871,0
19626,1
6358,1
38774,1
44892,0
47526,1
41953,1
29845,0
49546,0
74782,0
36546,1
13438,1
71912,0
66674,1
1292,0
22134,0
5533,0
54068,1
34334,1
38804,1
9939,1
4830,1
1900,0
58194,1
46834,0
68222,1
74242,1
50520,0
61599,1
3744,1
52541,0
41353,1
27135,0
20970,0
26684,0
12411,1
5241,0
51222,1
24787,1
1503,0
24457,0
75371,1
14574,0
61570,0
16446,1
69295,0
9238,0
53244,0
40259,0
21688,0
1835,1
28600,0
31132,1
311,1
20520,1
34737,1
45955,1
48518,0
36916,0
2317,1
45046,0
22781,1
27961,1
8502,0
70460,0
22860,0
71905,0
110,0
1501,0
1995,1
43317,1
30055,1
35856,0
26264,1
41009,0
12596,0
5086,0
25397,1
63104,1
31877,1
23151,1
61451,0
40520,1
41282,1
42324,1
4495,1
65996,1
29004,0
55766,1
4239,0
17553,0
7175,0
24955,1
48474,0
51786,1
11776,0
69657,1
6252,0
16659,1
17771,0
47459,0
30899,1
60830,0
70859,1
41723,0
69479,1
52024,1
14657,1
75358,1
52943,0
40287,1
69664,0
67189,0
51095,0
66012,0
18824,1
65522,0
41186,1
59333,0
15091,0
53688,1
62347,0
54080,1
46152,1
5281,0
49933,0
2694,1
50138,0
31954,0
2670,0
61068,1
5291,1
33414,1
298,0
39650,0
35851,0
643,0
53382,1
69949,0
46817,1
43081,1
31209,0
25872,1
55942,1
69571,1
18074,1
44020,0
60006,1
19582,1
26856,0
71792,0
10853,1
75494,0
62322,0
13254,0
14762,0
39824,0
53473,0
11174,1
13019,1
66117,1
41010,1
28547,1
48412,0
28128,1
28931,0
47228,1
50833,1
2925,0
713,0
66638,0
63382,0
56276,1
21384,1
29668,1
16011,0
49296,0
53681,0
58626,0
54868,1
12312,1
31643,0
48457,1
57837,0
57060,1
28052,0
74931,0
59287,1
42247,0
68940,1
39014,1
63983,1
73766,1
43230,1
60890,0
26281,1
30782,0
13051,0
4763,1
33107,0
70411,0
31157,1
49496,0
19790,0
23380,1
25445,1
75583,1
68483,1
30816,1
25823,0
28728,0
60653,1
26692,1
32022,1
30577,0
20475,0
66846,1
64919,0
54800,0
41292,1
55984,1
22061,1
51354,0
11012,1
40503,0
29513,1
45185,0
38477,0
32024,0
64224,1
37503,0
59166,0
46315,1
17532,0
18780,1
5999,0
2180,0
24891,0
33647,1
965,1
55929,1
52909,1
54427,0
74183,1
2189,0
36846,0
15132,0
72799,0
72597,1
65714,0
45461,0
71758,1
18901,1
12400,1
47899,1
50566,0
58631,0
44533,0
12712,0
37412,1
5516,0
33958,0
73129,1
33609,0
72172,1
25135,1
8101,0
55674,1
66797,0
60600,0
2951,0
52173,0
3956,1
66757,0
61006,1
20690,0
15751,1
35051,0
55043,0
59069,0
66490,1
33960,0
19678,1
23816,1
55799,1
43163,0
43884,1
47515,0
73089,0
4028,1
74134,0
426,0
39835,1
13612,0
61179,0
45782,0
5148,0
3408,1
75612,0
72105,0
75775,0
73633,1
49500,1
11878,1
73957,1
14339,1
60192,0
38653,1
21891,1
6618,1
69107,1
29917,1
58678,0
12329,0
12363,1
55136,1
62626,0
53542,0
42349,1
65908,1
70884,0
50208,1
6923,0
15708,0
21068,0
59961,0
31299,0
60467,0
58503,1
28957,1
45628,0
58018,1
61956,0
23198,0
21945,1
7685,1
22032,1
26002,1
14581,1
12198,1
27770,0
32306,1
48451,1
32934,0
45695,1
59375,0
22907,0
54302,0
8078,1
55475,1
5796,1
1471,0
20068,1
37586,0
60761,1
57022,1
56130,0
35756,0
8815,0
56978,1
41251,1
4299,0
32703,1
4982,0
49952,1
13629,1
29417,1
16597,1
39484,0
40312,1
65948,0
25706,0
54007,0
10495,1
50568,1
63381,0
58542,0
10929,0
66089,0
52692,0
61734,0
52492,1
997,0
69974,0
4515,0
33196,0
12370,1
32857,1
49074,1
27759,1
37087,1
49489,0
21258,1
55242,1
32730,1
46810,0
34392,0
70647,1
33700,1
20584,1
1324,0
70363,1
10473,1
4137,1
29722,0
22012,0
57957,1
50053,0
17695,0
66756,0
73743,0
40408,1
29999,1
12049,1
7589,0
71421,0
29770,0
5816,1
71301,1
72808,1
19090,0
37921,0
34599,1
30518,1
29131,1
70597,1
58636,0
31771,1
13492,0
37854,0
36282,0
54810,0
29024,1
74394,1
48999,1
1681,0
47336,0
12060,1
53978,0
29458,0
14951,0
2164,0
58401,1
3521,0
40351,0
68034,0
37775,0
18148,1
31930,1
71209,1
45783,0
17802,1
22128,0
41459,1
8074,1
11232,0
23998,1
70953,1
9656,0
43485,1
40701,1
65838,1
73482,0
29177,1
75111,1
10303,0
17497,0
64330,0
43683,0
1263,0
57139,1
17621,0
33079,0
5369,1
72769,0
47640,1
50179,0
51619,0
64374,0
26525,1
65105,1
55394,0
33931,1
62311,0
16675,1
48611,1
4986,0
40236,0
75259,1
67934,0
72147,1
15340,0
26937,1
68052,1
16365,0
18124,0
41703,0
73776,1
45034,0
44665,1
25023,0
11573,1
67991,1
35650,1
42491,0
12371,1
23491,1
59468,1
26288,0
15684,0
7304,1
15941,1
25598,1
61188,0
57651,1
56312,1
10057,0
61409,1
40012,0
43505,1
69034,0
19499,0
61822,0
75215,1
39572,0
7814,0
62218,0
57770,1
24612,1
12725,1
17257,0
29929,1
53518,1
38519,1
60165,0
74283,0
31179,1
60720,0
42180,0
56239,1
63951,0
49044,0
10230,0
17323,0
29588,0
23996,0
4838,0
43893,1
47638,0
34329,1
21341,1
9073,0
10338,0
43442,0
50862,1
65039,0
56753,0
31750,0
27432,1
33881,1
33687,1
748,1
43962,0
68579,1
20805,1
4496,1
42131,0
1327,1
42055,1
49441,1
18867,0
58868,1
24643,0
3880,0
30062,0
61228,1
50355,1
49579,1
65989,1
38991,1
40016,0
11924,0
73180,1
8394,1
50450,0
27136,1
38104,0
41642,0
20618,0
10158,0
50508,1
48459,1
61664,1
53788,0
26533,0
17513,1
75490,0
67133,1
34556,1
45581,0
1878,0
21007,0
25240,0
32373,1
66465,1
42042,1
67415,0
14005,0
35626,0
66011,0
75012,1
24686,1
2379,1
24780,0
14020,1
55725,0
30976,0
21171,1
11882,1
74532,0
11503,1
47715,1
74986,0
73037,1
9601,1
23633,0
52961,0
18476,1
31976,1
63503,0
73875,0
44773,0
26202,1
42699,1
19679,1
34410,0
21832,0
6942,1
68332,0
23703,1
18958,0
119,1
46965,0
64729,1
26574,0
66651,0
13168,0
1276,1
50116,0
17921,0
67658,0
62007,0
21816,0
32990,1
22368,1
23014,0
33684,0
29847,0
5388,0
14540,0
15853,0
16067,0
9655,0
24903,1
24354,0
18109,0
18906,0
51381,0
57419,1
251,0
18782,0
14310,1
16825,0
66779,0
18298,1
15991,1
55547,0
44116,1
32755,0
18091,0
3562,1
74378,1
33657,0
13349,1
8280,0
62996,1
40651,0
6950,0
61386,1
44355,1
63757,1
13825,0
1808,1
50383,0
43551,1
12440,0
31514,1
70132,0
34991,0
23537,0
64260,1
55412,0
71456,1
22216,0
46428,0
52043,1
137,0
65506,0
35459,1
37332,0
30590,0
65810,1
40212,1
16053,1
66267,1
16640,0
69580,1
18016,0
50543,1
4973,0
4278,1
30941,1
43137,1
50118,0
62678,1
74384,1
56035,1
37849,1
53442,0
58183,0
70708,1
9740,1
21362,1
5172,0
2349,0
331,0
63284,0
17332,0
38972,0
15144,1
49615,0
27553,0
39505,1
36631,1
43729,1
19396,1
54316,1
36720,0
66701,0
63588,1
36432,1
17576,1
13660,0
72318,1
12099,0
64406,1
9280,1
57357,1
15337,0
4289,1
55202,0
37174,0
16859,1
20940,1
52859,1
26976,0
5080,0
15637,0
47040,1
74854,1
56912,1
59307,1
62645,1
13331,1
69470,0
14458,0
50536,0
72344,1
30594,0
13423,0
43454,0
26385,0
49033,0
24959,1
72404,0
44988,1
22189,0
60858,0
60572,0
37161,0
61319,1
44431,1
45035,0
10182,0
49427,1
50240,0
30765,1
34089,0
2573,0
21365,1
19413,1
9828,0
1240,0
29390,1
13706,1
68496,1
49866,1
35623,0
71638,1
17810,0
38115,0
67646,1
13809,0
35503,1
23120,1
43925,1
47914,1
2271,1
33110,0
72426,1
70762,1
34058,1
41758,1
22972,0
72727,1
39647,0
30587,1
64019,1
39160,0
34808,1
34683,0
70417,1
32911,0
16617,0
38881,1
61758,0
58484,1
64159,1
3271,0
68308,1
65514,1
6761,1
22684,0
9559,0
39293,1
36700,1
10439,1
7360,0
26919,1
67614,1
9090,0
55169,1
61682,0
17274,1
10305,1
13113,1
73940,0
6476,0
17235,0
8880,1
68508,0
20751,0
24099,1
75026,1
33658,0
10829,1
47661,0
68713,1
24302,0
60904,0
18213,1
66185,1
70248,1
34289,1
55250,0
12325,1
24687,0
25748,1
3808,1
12217,1
38457,0
30669,0
73211,1
16424,1
62852,1
46967,0
36939,1
6084,1
53666,0
56970,0
67696,1
32761,0
57942,0
982,1
49053,0
32764,1
2421,0
31210,1
31832,1
39886,0
1608,0
10041,1
67905,0
61772,0
43829,1
69864,0
12981,1
62681,0
17569,1
75491,0
25591,1
45418,1
13488,1
59736,0
14471,1
17111,0
2436,1
61713,1
64558,1
1528,0
49098,1
36903,1
3462,1
67711,1
14260,1
51304,1
45218,0
72758,0
65686,1
68073,0
54572,1
63271,0
5048,1
16934,1
14542,1
74034,1
32601,1
53142,0
20816,0
39226,0
60264,0
36538,0
17143,0
35686,1
71880,1
4533,1
66435,1
74594,0
15854,1
37409,1
27639,0
6590,0
38035,1
28990,0
5678,1
57831,0
60925,0
73335,0
30851,0
56518,0
69889,0
35164,0
75797,1
35295,1
21344,0
58273,1
14838,1
46909,1
9984,1
5398,1
30232,1
39625,1
29762,0
36457,1
16581,0
67685,0
46512,1
67192,1
57269,1
66743,1
18412,1
75063,1
69867,0
27595,1
40801,0
44825,1
5347,0
44361,1
325,1
55018,1
69089,1
7828,1
4738,0
68750,1
33896,1
1810,1
56051,1
37721,0
21738,1
34693,1
6160,0
4580,0
23662,1
42790,0
3040,0
52529,1
49253,0
59125,1
1634,0
4592,1
41173,0
42975,0
68665,0
46221,0
60488,0
55979,1
58063,0
41546,1
36735,0
27893,0
31297,1
63138,1
58859,1
71103,0
75594,0
3638,0
27297,0
37373,0
29559,1
37103,1
15729,1
27810,1
15515,0
33344,0
6551,0
72266,1
17611,1
33918,1
30689,1
18637,1
7267,0
23748,1
28670,0
21542,1
21275,0
46013,1
44193,1
65300,1
53517,1
28842,0
57004,1
68829,0
15780,1
43463,0
12505,1
39070,0
40296,0
16294,0
68114,0
49460,1
18507,1
67375,0
6441,1
27554,0
7599,0
37343,0
61365,1
28065,1
9580,0
30185,1
1241,0
54390,1
47768,0
24607,0
31889,0
63156,0
40819,1
492,1
8651,0
56036,1
30029,1
53849,1
39639,1
50382,0
43659,1
26681,0
1449,1
67156,0
36430,0
64745,1
56173,1
12657,1
54393,1
65198,0
67018,1
70860,1
39593,1
65403,1
57604,1
61324,0
35846,0
36399,0
46850,0
35940,1
1132,1
73526,0
488,0
52894,1
23656,0
3927,0
30585,0
36300,1
46720,1
22604,0
48879,1
39209,1
66356,0
18079,1
11351,1
54893,0
41200,1
33030,0
24350,0
14617,1
24340,1
50618,0
71902,1
14962,0
60250,1
1034,1
51542,0
75757,1
44551,0
44180,1
68794,1
39204,1
29063,1
69226,1
44633,0
35528,0
7336,1
16344,0
30568,1
70905,1
48112,0
14939,0
58340,0
73591,1
40357,1
45604,0
55740,1
38701,0
68793,1
16192,0
29399,0
10274,0
40069,1
8806,0
14737,1
14194,0
44158,0
3127,1
32154,0
8009,1
34539,1
15323,1
10574,0
60783,0
71287,1
69339,1
11259,1
68669,0
2240,0
50516,1
42255,0
31746,1
10578,0
35009,0
68213,0
52585,1
70831,1
67682,0
7972,0
62384,0
37601,0
30774,1
33269,1
48872,0
39040,1
72786,1
31827,0
7783,1
40648,1
44566,0
56435,1
59892,1
67757,1
26268,0
16848,0
10181,1
39393,0
10119,0
67844,1
48448,1
61052,0
34535,1
53089,1
51510,1
72644,1
2443,1
20448,1
13230,0
51605,1
16162,0
54963,0
43446,0
1887,0
69787,1
5927,1
45764,1
70394,1
32622,0
16846,1
2247,1
19411,1
64042,1
17712,1
65123,1
69342,1
57717,1
52331,1
38008,1
69699,0
33268,1
55867,1
11162,1
60175,0
49619,1
58967,1
34386,0
59806,1
41196,1
59683,1
50596,0
35450,1
39910,0
25311,0
27038,1
35551,1
31187,1
30740,0
63189,0
35832,1
53338,0
67543,1
38737,1
49440,0
50196,1
70636,0
70898,1
32481,1
37833,1
24011,0
1596,0
46188,0
38029,0
40476,1
31670,1
22975,1
55214,1
13687,1
32040,0
45527,1
26895,1
34469,0
75211,0
41473,1
392,0
66884,0
46429,0
19289,1
52261,1
57962,1
19231,1
64112,1
10667,0
69594,1
19452,0
66423,0
21721,1
44011,1
37167,0
69352,1
37483,0
35254,0
5269,1
13821,0
74264,1
14634,1
35420,0
37359,0
33252,0
15609,0
25928,1
72075,0
17011,0
22596,0
42111,0
30138,0
2491,1
61514,1
37787,1
37964,1
48895,1
28524,1
17175,1
32130,1
43928,1
55269,0
40360,1
58840,0
13327,0
28537,0
48651,0
34167,0
45288,1
14726,1
52091,1
66528,0
67612,1
24551,0
37710,1
9598,1
16573,0
68540,0
991,0
30320,0
28455,0
71936,1
73003,0
323,0
27748,0
10496,1
67284,1
3642,1
37641,0
36501,1
47572,0
41534,1
1253,1
4654,0
4721,0
19262,1
7604,1
68104,0
14514,1
47539,0
75188,0
45712,1
15398,1
62865,0
58994,0
4875,1
38934,1
14390,1
43049,0
57329,0
18733,1
68138,1
17570,1
46397,0
43532,0
3764,0
4887,0
40532,0
14599,0
13336,0
56871,0
73367,1
49167,1
13272,1
57914,1
13122,0
7717,0
63868,0
41257,0
45640,0
5055,0
28724,0
32340,0
71909,1
16473,0
54913,1
52339,1
41103,1
67174,0
53742,1
65830,0
15616,1
46309,0
9619,0
68487,1
48393,1
5700,1
20278,1
41905,1
46841,0
47724,0
52981,0
15992,0
32782,1
33866,0
20073,1
50025,0
12897,1
63530,1
75633,1
54479,0
29973,0
502,0
69438,0
6243,1
36674,1
62209,1
21002,1
18728,1
46586,1
49321,1
67920,1
29881,0
22832,1
60537,0
63851,0
1068,0
71481,0
22871,1
61535,1
54079,1
33413,1
38323,0
15530,0
64088,1
1405,0
58609,1
5106,0
64617,1
73419,1
42813,0
69891,1
30579,0
60200,1
59933,1
398,1
57119,0
66539,1
40840,1
60665,0
58482,1
28834,1
18431,1
63767,0
54905,0
9407,1
11155,0
59205,1
26109,0
29804,1
24021,1
25102,1
49279,0
52126,0
69794,1
22720,1
26308,1
4347,0
42133,1
22187,0
34880,0
40495,1
16642,1
53762,0
75639,1
42390,1
36678,1
53193,0
60769,0
13503,1
14226,1
14412,0
64649,0
61936,1
46018,1
27011,1
4287,1
46944,0
45247,0
56533,0
62640,1
62468,0
69062,1
52474,0
41910,1
70759,0
2179,0
68859,1
55115,1
58580,0
31233,1
48733,0
11948,1
31582,1
74871,1
2785,0
25742,1
45477,0
7600,1
66710,1
23098,0
13685,1
35628,0
64452,1
47380,1
38271,1
58125,0
61010,0
21554,0
847,1
56255,0
69930,0
51180,1
46157,1
67736,0
70775,0
20335,1
50377,0
59627,0
29539,1
12251,0
60843,0
35839,1
14165,0
62154,0
23923,0
20906,0
69768,0
41492,0
57013,0
68792,0
8085,0
57606,0
60528,1
54496,0
44844,1
9494,0
25347,1
56344,1
12417,0
22193,0
1942,1
31695,1
63033,0
18773,1
64006,0
46175,1
10934,1
30357,0
58440,1
69462,1
48814,0
72565,1
54947,1
51037,1
15118,1
56814,0
71717,1
30844,1
73401,0
34175,0
5373,0
63218,0
31415,1
36299,0
27939,1
47660,1
37512,0
3741,0
45191,1
27351,0
20358,0
26436,0
22407,1
57395,1
74543,0
72966,0
75218,1
73833,1
2471,0
11979,0
24590,0
36261,0
6925,1
71429,0
5900,1
38476,1
60173,1
72686,0
63683,1
54229,1
40793,0
61207,0
30063,0
2740,1
18559,0
13424,1
40061,1
46179,1
2434,0
54817,1
31567,0
23698,1
50563,1
51325,1
60682,1
74327,0
54691,1
60076,1
29501,0
54671,1
3154,0
46711,1
20256,0
45929,1
18852,0
35841,1
35543,1
41949,1
16458,1
70964,1
15790,1
65305,1
57007,1
18666,0
19447,0
24136,0
30682,1
58476,0
8635,0
53614,0
49605,1
31329,1
16033,1
58569,0
39488,1
21855,1
63878,0
64684,0
9383,1
60584,1
43156,0
31097,0
71110,1
59855,1
5212,1
4527,0
60593,0
9375,0
64498,1
53753,0
32412,1
38410,1
59331,0
39797,0
12980,1
6989,1
40186,1
24953,1
55344,1
67671,1
22560,0
43630,1
6523,0
10672,1
4010,1
15940,0
61072,0
71189,0
67320,0
9350,1
10752,0
52934,1
10617,0
12599,1
17892,0
37633,1
41710,1
20180,0
33721,1
64808,1
10015,1
48262,0
23039,1
33209,1
12470,0
74569,1
17803,0
2558,1
50040,1
42079,0
176,1
26074,0
60581,1
69627,0
50529,0
68246,0
49020,0
53432,1
71364,0
59146,0
41231,0
38303,1
66792,0
51039,1
17615,1
30154,0
19994,1
42395,1
27650,0
16142,0
17887,0
46843,0
50433,1
71823,1
71834,0
35386,1
57489,1
6113,1
52456,0
22715,0
38756,0
71425,1
32898,0
24375,1
48271,1
45457,0
10267,1
4218,1
54665,1
15957,0
2451,1
61483,0
59334,1
19408,0
59861,0
7457,1
58719,0
7510,1
56209,0
43963,0
31433,1
28395,0
60041,0
20354,0
66060,1
23005,1
74407,1
17087,0
39340,1
12864,0
32895,0
23359,1
60262,0
52349,0
49815,1
12066,0
51469,0
14242,0
47121,1
14,0
27355,0
45079,1
11610,0
64699,0
16748,0
47910,1
16273,1
37479,1
31925,0
34523,1
73215,0
33052,1
56754,1
52214,1
52963,1
71809,1
21461,0
47770,0
29924,1
42646,0
44240,1
39366,0
25669,0
42273,1
24170,0
13362,1
50322,0
70374,0
45531,1
29646,1
22182,1
36825,0
69746,1
73735,1
11568,0
15325,0
39058,0
38967,1
16412,1
64944,1
29204,0
46888,1
21332,0
7037,1
25947,0
30312,0
64693,1
71700,1
70990,0
22248,0
52099,0
26852,0
48536,1
53671,0
70842,1
59858,0
9636,1
8197,0
41351,1
70356,1
24032,0
33176,1
46388,0
22280,1
57924,1
49430,1
31153,0
51514,0
71299,1
47866,1
59041,1
7502,0
64004,1
14663,0
27421,0
74030,0
31620,1
20820,0
69131,1
70735,1
61943,0
37945,0
28273,1
71143,1
70054,0
39213,1
68187,0
25921,1
50943,1
32043,1
11081,0
56649,0
11565,1
38862,1
34508,1
18323,1
75171,0
67519,0
69455,1
71560,0
42018,1
5242,1
6192,1
35750,1
5079,1
17456,0
12611,1
30378,0
63415,0
49314,1
18692,1
70764,0
9039,0
36649,1
2929,1
61919,0
39016,1
47859,1
44345,0
48118,1
18052,1
17482,1
58570,1
32844,1
9529,1
20213,0
54372,0
22532,0
43452,1
39308,0
73172,1
10844,0
31402,0
26474,0
12172,0
44413,1
2439,0
72735,1
75297,0
59421,0
53381,0
17184,1
35698,1
22783,1
74575,1
21653,1
47412,0
50829,1
38107,1
33666,1
39783,0
47666,1
26033,0
25363,0
12518,1
26159,0
58110,1
43462,1
55758,0
43196,1
8705,1
10707,1
9719,0
63052,0
73753,1
46585,1
23980,1
65888,1
65166,1
24256,0
72806,1
54565,1
70540,0
18475,0
63,1
49854,1
3133,1
40089,0
8241,0
40239,1
19040,0
8275,1
2342,0
12261,1
46086,1
21134,0
1446,1
6898,0
17997,1
1934,0
18317,1
28839,0
41580,1
56557,1
59106,1
5882,0
71631,0
63570,0
62859,1
20421,1
11557,0
2187,1
57450,0
25738,0
74262,0
72734,0
18223,1
68983,0
7379,1
35653,1
29631,0
43783,1
2202,0
32543,0
73429,0
23914,0
1627,0
40321,0
57416,1
42162,1
20776,1
67941,0
31403,0
29093,0
5460,0
1223,1
46464,0
17735,1
7367,1
20713,0
8724,0
36558,1
71339,1
70144,0
18197,0
11549,1
4758,1
64669,0
45931,0
62240,0
50059,1
22840,0
12195,1
50032,1
22188,0
64861,0
63279,1
26883,1
72521,0
15673,1
44182,0
39818,0
64057,0
29413,0
68106,1
22572,0
10177,1
42126,0
201,1
38231,0
43164,0
68771,1
26588,1
29945,1
51215,1
66533,1
66053,1
26880,1
14488,1
6912,0
27118,1
64788,0
37864,1
59071,0
73518,0
74830,1
37835,0
66655,1
7086,0
24702,0
6751,0
19716,1
67981,0
9040,0
63299,1
74143,0
34193,0
27254,0
74061,0
47270,1
66625,1
51374,1
25813,0
1397,1
58629,0
63117,1
60392,1
34178,0
43658,0
2511,1
61292,1
71451,1
69821,0
60564,1
54599,0
4301,0
47280,0
61910,1
5964,0
31089,0
13932,0
34066,0
63237,0
57816,1
48295,0
20687,0
47473,0
44969,0
46192,0
59594,1
58965,0
14106,1
61957,1
46560,1
29144,1
65323,0
35603,1
16938,1
15389,0
33302,1
15600,0
18990,1
43011,0
53170,0
60514,0
50861,0
26528,0
58000,0
73654,0
3588,1
70726,1
33747,1
27530,1
53507,0
39712,0
49832,1
75113,1
22329,0
1415,1
7185,0
39849,0
18962,1
64595,0
60557,1
26203,1
73406,0
12534,1
69999,1
25984,0
27610,0
9576,0
10646,0
56165,0
55601,1
64916,1
25846,0
34276,0
6431,0
50171,0
21227,1
48561,0
74160,0
9478,1
26738,1
8358,0
51116,0
44686,1
53809,1
44137,0
39883,0
45878,0
43495,1
64987,0
75451,1
64590,1
47704,0
14152,0
9420,0
22770,1
3059,0
74612,1
4412,0
70997,1
2329,0
61878,1
64888,1
63362,0
45048,1
58177,0
33884,0
16930,0
37739,1
50342,0
38485,0
74727,0
6368,1
73656,0
24885,1
72643,1
258,1
44606,1
67819,0
11723,1
73368,1
2274,1
58358,1
69060,0
44713,0
26377,1
51369,1
33119,0
47486,0
9711,1
33088,0
8362,0
29396,1
75579,1
49201,1
75772,0
2912,1
27615,1
826,1
20977,0
15653,1
49713,1
28229,0
62438,0
65906,1
18196,1
34998,0
7095,1
19947,0
16508,1
47984,0
30326,0
2295,0
64958,1
73871,1
35435,0
62060,0
55365,0
30240,0
39550,1
60635,0
68901,0
46561,1
34631,1
65069,1
60506,0
9634,0
45494,0
48979,1
50684,1
11117,1
68499,1
63442,1
12321,0
40198,1
40229,1
58014,1
28082,1
3006,1
27156,0
73036,1
17059,1
23321,0
63863,1
41308,1
47068,1
32267,0
37699,0
44963,1
35193,0
18305,0
17597,0
818,0
23393,1
68129,1
3049,0
16685,1
23826,0
32997,0
8043,0
40243,0
14820,1
21143,0
13533,1
18383,0
46433,1
36113,0
57049,1
15508,1
70315,1
29682,0
70797,1
36940,1
64709,1
8431,1
36151,1
30884,1
27956,1
13502,1
19645,1
9842,1
53593,0
55336,1
30109,1
35325,0
24622,1
11931,0
6345,1
55564,0
29077,0
60140,0
60311,0
357,0
29032,0
47905,0
6924,1
63076,0
18286,0
72948,1
52288,0
21343,1
41248,0
68843,1
69844,0
59950,1
10097,0
38225,0
63984,1
32845,0
58435,1
57116,1
7868,0
16378,0
60616,0
52632,0
18104,1
39683,0
15464,0
32855,0
59479,1
42484,0
7909,0
72310,0
15066,0
34559,0
2565,1
32692,0
44931,1
60288,1
16939,0
59192,0
9745,0
66432,1
61522,0
10670,1
75444,1
70962,1
26591,1
10648,0
31801,1
14768,0
42588,0
74501,0
59937,1
26291,1
20178,1
41790,1
72547,1
152,0
30971,0
59690,1
6425,1
44991,1
62049,1
42769,0
18892,1
28171,1
62249,0
61579,0
5321,1
3410,1
5192,1
38482,0
24650,0
8383,0
36774,1
72750,0
15775,0
29216,1
68225,0
33337,0
49100,1
6325,1
19482,0
33144,0
14643,1
13340,0
28375,0
47283,0
57349,1
58489,0
4182,0
57785,0
21203,0
21112,1
52445,0
68885,1
24565,0
57883,0
55469,0
5843,1
2719,0
72122,1
52905,1
67683,1
72167,1
2577,1
72090,0
56676,0
55603,0
32960,0
29699,0
38233,0
43753,0
55080,0
33256,0
68060,0
46402,1
70386,1
44212,0
47011,0
41765,1
56171,1
23270,0
1930,0
35196,0
26947,0
49984,1
66395,0
5808,0
45261,0
59458,0
29938,0
35559,0
12729,1
32396,1
16906,0
53259,0
4317,0
54639,0
35012,1
74789,1
31988,1
3551,1
16703,1
19808,0
11331,0
57592,1
34636,0
15881,0
34164,1
60499,0
26708,1
18067,0
23165,1
7027,1
45733,1
74604,0
47109,1
27766,0
52015,1
10215,1
46282,1
28492,0
26721,1
16603,1
33295,1
72056,1
70206,1
31223,1
31835,0
22858,1
7491,1
15776,1
31386,0
53316,1
66268,1
70717,0
72654,1
12885,0
65978,1
44808,1
10184,0
21250,1
72625,1
47407,0
11089,0
34511,1
7002,1
42271,0
33969,1
24511,1
29623,0
4869,0
73851,1
51456,0
309,1
1365,1
26496,0
13045,1
59167,0
67478,0
30215,1
70497,1
11712,0
2616,1
34965,0
21294,1
14438,0
55756,1
66524,1
67314,0
30798,0
38346,0
6105,0
52952,0
7387,1
56273,0
29186,1
32264,0
55531,0
1943,0
11654,0
47032,0
27101,0
33578,1
59827,0
27762,1
4293,1
11670,1
28862,1
69600,0
968,1
44276,1
67653,1
13952,0
21302,0
43052,0
53087,1
24095,0
24174,1
62238,0
63649,1
19490,0
14742,1
30962,0
8775,1
69927,0
31859,1
21444,1
1153,1
36686,1
22957,0
22708,1
30657,0
22328,0
15824,1
10602,0
11341,0
9331,1
63007,1
28415,1
39822,0
43256,0
52021,1
74290,0
63359,0
4155,0
16381,0
13205,0
1035,0
16547,0
54130,1
30122,1
16997,0
37066,0
18803,0
46728,0
73322,1
62318,0
33744,0
39253,1
14527,1
5681,1
43814,0
26164,1
71863,0
6224,1
67140,1
24009,0
38299,1
24552,1
61184,1
59868,1
68000,0
29993,1
74227,1
25249,0
33879,1
63449,1
9970,1
45217,0
41097,1
5747,1
20698,0
66283,1
61991,1
33795,1
16264,0
70882,0
18051,0
66433,1
47992,0
75679,0
52293,1
75123,1
74878,1
36779,0
20500,1
21160,0
65805,1
67775,0
42423,0
59559,0
21207,1
47945,1
5987,0
67933,1
41640,1
34041,0
27049,0
55885,1
75311,0
68795,0
68913,0
50791,1
33980,0
30351,0
34541,1
28192,0
67469,1
12305,1
12160,0
30898,1
44507,0
71989,1
5799,0
8973,0
60910,0
40346,1
63899,1
59793,0
11813,1
32346,1
29507,1
24625,1
69924,1
51053,0
18285,1
9714,1
2999,1
40788,1
61300,0
5791,1
47382,0
34797,1
13979,1
30919,0
26722,1
61979,0
47555,0
49240,1
72449,0
62650,1
70744,0
46371,0
67260,1
31576,0
58487,1
38268,1
65532,1
22984,0
70812,0
45816,1
22694,1
5011,0
7173,1
41655,0
53945,1
72359,0
41364,1
32352,1
48589,0
51416,0
23879,1
45112,1
7778,0
52124,1
56151,0
72187,1
30779,0
53902,1
30010,1
33327,0
17194,1
12235,0
10243,0
8607,0
28388,0
75355,1
18356,1
50477,0
66850,0
9618,1
39694,1
69380,1
31565,0
46848,0
54903,1
11947,0
41418,0
73294,1
47514,1
56089,1
38840,1
66639,1
33736,0
11389,0
57127,1
36966,0
58388,0
20802,0
13258,1
16282,0
3249,1
55163,0
44339,1
72061,0
7214,1
59360,1
32149,1
33410,1
7698,1
52048,1
40850,1
39970,0
45781,1
35387,1
9752,1
60303,0
18560,0
10992,1
17951,0
25806,1
64327,0
54398,0
51150,0
2132,1
2867,1
45911,0
38474,0
15150,1
68675,1
35156,1
74338,0
2723,0
69748,1
42129,0
75112,1
49992,0
60893,1
52843,1
49890,1
9007,1
38307,1
53734,1
24106,1
67686,0
52332,1
42978,1
1196,0
67508,0
70689,0
35384,1
52792,1
24051,1
49783,0
40400,0
43500,0
15483,0
51764,1
69469,1
37456,1
14910,1
22920,1
2973,0
28036,0
68963,0
729,1
35753,1
64762,0
40428,0
35782,0
62968,0
65295,1
89,1
41890,0
51898,1
26332,1
67191,0
141,0
59178,1
14042,1
27143,1
8436,0
65759,0
25940,0
48071,0
53143,0
30907,0
54894,1
61989,0
74667,0
11974,0
72325,0
51615,0
50790,1
50544,0
41428,0
46785,1
74164,0
55334,0
53873,0
62565,0
46351,0
42756,1
42825,0
70574,0
69757,0
60747,0
19650,0
24979,0
32793,1
16970,1
43823,0
16998,1
40013,1
7920,0
66164,1
72157,1
45367,1
69881,0
75539,1
39764,1
47268,0
41494,1
18611,0
73962,1
22028,0
3659,0
20386,1
36882,1
70695,1
54815,0
20876,0
59080,1
21123,1
43298,0
40315,0
42835,0
3455,1
45943,1
13123,0
17956,0
7480,1
21848,1
18200,0
48354,0
20216,0
65327,1
13437,0
19804,0
35845,0
27452,0
14675,1
51864,1
37220,0
75442,0
23199,1
15672,0
11333,0
18452,1
69819,1
33396,1
20362,0
15546,1
12987,0
50918,1
32559,0
44376,1
1311,0
64312,1
11442,1
53907,1
46130,0
25132,1
68655,0
36447,1
60197,1
35552,0
6752,0
59705,0
43448,1
22577,1
31454,0
39773,0
38511,0
9607,0
11475,0
15491,0
73092,0
51218,0
13662,1
34963,1
3432,1
13625,0
1938,1
20030,1
68498,1
62440,1
9749,0
13618,1
20793,0
37129,0
56674,1
73318,0
58792,0
72070,1
60766,0
33952,0
20260,0
16620,0
45101,0
49732,0
27824,0
46056,0
35171,1
48939,1
6029,1
32887,1
26194,0
54333,1
11523,1
23366,0
16807,0
57135,0
10978,1
40467,0
12949,0
71493,0
2162,1
4538,0
19202,1
66347,0
30772,1
17249,0
32118,0
55540,1
50782,1
5933,0
1983,1
6786,1
57746,1
33194,1
39989,1
16726,1
60266,0
38411,1
44676,1
56480,0
43206,1
36545,1
63017,1
53047,0
450,0
69140,0
42677,0
35737,0
20917,1
33035,1
51698,0
24460,0
53435,0
48959,1
9342,1
32582,0
31864,0
32038,0
41864,0
46638,0
74627,0
13377,1
56857,0
27931,0
59812,0
67234,1
8523,0
60433,1
1005,1
47213,0
6077,0
37114,0
29169,1
37513,0
22203,1
70947,1
9329,0
65635,1
46628,0
69260,1
47671,0
32019,0
8490,1
55617,0
42852,0
20971,0
34125,1
27833,1
37121,1
21805,1
48618,0
3534,1
58149,0
6121,1
46482,1
16574,1
59025,1
36873,0
42443,0
74037,0
34277,1
27409,1
14858,1
20038,0
59791,0
57618,1
10000,1
23497,1
38470,0
55325,1
35631,0
39388,1
4555,0
41519,0
54538,0
39282,0
12337,1
38812,1
31741,0
18377,1
607,1
4223,0
8245,1
3413,0
53004,1
30241,1
13333,0
5961,1
63727,1
32208,1
22275,1
6291,0
9101,0
58815,0
38071,0
50234,1
71708,0
9620,1
66837,1
28327,0
24855,1
72798,1
38839,1
15640,1
5104,1
10292,0
5339,1
58886,1
67606,0
63578,1
44090,0
10196,0
41360,0
70836,1
66748,0
68174,0
26992,1
74484,1
34779,0
61148,1
26803,1
43034,0
75578,0
27167,0
64801,1
9687,0
21641,0
27114,1
49340,1
73425,1
43743,1
75755,0
69218,1
37106,1
33170,1
71316,1
35799,0
48599,0
7055,0
68297,1
34901,0
75261,0
8308,0
51328,0
48383,1
30812,0
1548,1
65367,1
39805,0
23072,1
8707,1
26134,1
45490,0
3786,0
56183,1
16551,0
44639,1
57501,1
27445,0
59358,0
19544,0
6886,1
43431,0
55569,1
21762,1
46625,0
15207,0
72020,0
741,1
28796,0
53238,0
13309,1
31560,1
75620,0
18609,0
39148,0
24019,1
73657,1
25980,1
10105,1
41208,0
20598,1
57427,0
69759,1
10404,0
18656,0
61020,1
55917,1
26372,1
53857,1
57185,1
3363,0
64747,0
66566,0
42062,0
70904,0
25670,0
58655,0
4271,1
66829,1
19932,1
32097,0
49450,1
29561,0
63586,1
47700,0
18178,1
9716,0
40913,0
38917,0
16670,1
14782,0
25704,0
30825,0
63403,1
35414,1
41096,0
52458,0
51705,0
55734,0
58555,1
51439,0
64,1
40065,0
14589,0
1265,1
58011,1
56742,1
51910,1
50407,0
7929,1
37850,1
51594,0
30059,1
36605,0
55899,1
71492,1
24068,1
26739,1
53999,1
75155,1
42317,1
4807,0
26353,1
48673,1
14177,0
50406,1
51835,1
44605,1
44476,1
66627,0
3253,1
57689,1
40627,1
43203,0
45265,0
67894,1
48632,0
16668,0
21846,0
7449,0
63571,1
43209,0
60926,0
61817,0
60784,0
46012,1
33584,0
6594,1
70029,1
58030,0
31224,1
8578,1
21062,1
32082,0
3282,1
71368,1
26891,1
42818,0
33769,1
58543,0
66044,0
29736,1
31508,1
37152,0
47592,1
68648,0
45935,1
21942,1
1584,1
3658,0
55561,0
3013,0
26989,1
64201,0
32312,1
14970,0
67792,1
21962,0
58863,1
45394,1
70666,1
31054,1
48759,0
10188,1
3814,1
18228,1
62050,1
43257,0
60953,1
39474,1
49744,1
55743,0
33982,0
60157,0
21915,0
5963,0
6864,0
44885,0
65282,0
56410,1
24963,1
54228,1
18997,1
46415,0
44473,0
63151,1
37784,1
26265,1
32093,0
42710,1
35640,1
75202,0
7823,1
64796,0
59339,0
28863,0
64212,0
50354,0
9237,1
19395,0
74932,1
52044,1
56429,1
41523,1
33580,0
20344,1
14162,1
10094,0
735,1
22528,0
6946,1
40518,1
34490,1
74904,0
36368,0
8260,0
24567,0
42810,1
75184,0
22634,1
53443,0
68170,1
54357,1
44277,0
9306,0
25645,1
35997,0
69283,0
4167,0
44178,1
28652,1
49934,0
44711,0
27687,0
44669,0
29511,0
32414,1
70175,1
71876,0
18596,0
14640,0
61694,1
51109,0
66956,1
861,1
40379,0
18364,0
40684,1
38843,1
19353,0
44097,1
67014,0
2752,0
27233,0
32193,1
42483,1
4591,1
20169,1
43370,1
13186,0
28561,0
58659,0
52114,0
22408,0
65235,1
9467,0
68682,0
14772,1
37693,1
13429,1
50162,0
25995,0
1611,0
16702,0
39841,1
15265,1
65160,1
11830,0
60247,1
15920,1
28310,1
36449,0
42779,0
29474,0
46178,1
55367,0
24754,1
50211,0
60007,0
33429,0
41937,1
46919,1
47365,1
4871,1
7297,0
73938,0
29866,1
64162,1
58335,1
74504,1
1091,1
74326,1
5288,1
11635,1
21176,1
12654,1
4442,0
62490,0
57598,1
21113,0
59494,1
44383,0
42963,0
36012,0
63178,1
38027,0
58772,0
44490,1
5251,1
29891,1
34691,1
61425,1
51633,1
8119,0
44217,1
18026,0
30722,0
231,1
15794,1
33364,0
10547,0
64969,1
8947,1
38243,0
63257,1
23702,0
64811,1
72866,0
27936,1
7925,0
34366,0
39278,1
34142,0
3182,1
39704,1
17415,1
52412,0
68470,0
36435,1
41820,1
39793,1
59837,0
567,1
55902,0
26221,0
38683,0
74138,1
27991,0
15241,1
68525,1
9767,1
56493,0
29997,1
42977,1
67061,1
64339,1
50598,0
62900,1
37071,0
15694,0
26589,0
55810,1
72938,0
43971,1
27711,1
2254,0
63265,0
751,1
8389,0
65059,0
59971,1
3759,1
72418,1
30324,0
52855,0
9117,1
5133,1
4342,1
34286,1
34888,0
19269,1
33425,1
49268,1
40099,1
44696,1
62428,0
47350,1
44335,0
73012,1
69544,1
51277,0
65612,1
7006,0
70295,0
70254,0
64094,0
36580,0
19158,1
61437,0
44033,1
45698,0
5522,1
60559,0
56513,0
20989,0
12146,1
51595,0
71353,1
70554,0
12737,0
18991,1
54758,1
26881,1
54797,1
48435,1
68390,0
1212,0
17221,0
61270,1
48553,0
15524,0
32069,1
1843,1
40225,1
52714,0
22094,0
43556,1
785,0
63784,1
1404,1
36845,0
8646,0
56925,1
59139,0
69843,1
25961,0
17089,0
34495,1
15027,1
16870,0
69376,0
68026,1
47822,1
29401,0
2890,1
22484,0
30994,0
36288,0
11671,0
18658,1
2538,0
65750,1
71163,1
48799,1
43383,0
16994,1
8861,0
55770,1
10586,1
18243,0
4414,0
59784,0
65900,0
74624,0
28254,0
69445,0
43172,0
62016,1
7664,1
42312,0
28125,1
25674,1
36170,1
37527,0
10777,1
68989,0
71895,1
53973,1
55618,1
61587,0
66115,0
48058,0
34361,0
25801,1
651,0
57053,0
27563,0
32178,1
5504,1
15412,1
53656,1
3060,1
28935,1
57303,0
66295,1
59109,0
57895,1
45923,0
74550,1
72787,1
20803,0
36226,1
64033,1
18289,0
64243,0
28828,1
50419,0
74460,0
38887,1
45214,1
6954,1
68203,0
22849,0
27750,1
74621,1
75698,1
37485,0
8763,1
61854,1
42933,0
65780,1
24024,1
13648,1
44516,0
68711,0
8682,0
60349,0
10060,0
52461,0
9014,1
59496,0
40952,1
41564,0
7850,0
18138,1
61820,0
64076,0
14496,1
15174,0
24233,1
51428,0
15599,0
51506,0
65187,0
33230,1
2110,1
46236,0
44919,0
69612,0
37819,0
16346,1
14879,0
59954,0
30987,1
4111,0
6271,1
39552,0
16102,1
35472,0
9443,1
65954,0
59163,1
35353,0
58518,1
17530,1
18265,0
34851,1
47315,0
56333,0
17742,1
24097,1
68113,0
874,0
53776,1
2289,0
40090,0
45950,1
47472,0
22242,1
38464,1
1355,0
23827,1
67473,0
71963,0
66475,1
38964,0
30819,1
44903,0
64015,0
32332,1
6282,1
36172,0
39032,1
29011,1
37408,1
18055,1
27772,0
2437,0
48120,1
3761,0
1678,0
13047,1
10124,1
30075,0
35531,0
58874,1
25181,1
848,1
27335,1
32216,1
72126,0
74592,0
58677,0
16041,1
9772,0
47057,0
48334,0
4627,1
26837,1
66328,0
51128,1
1090,0
70784,0
4769,1
75479,0
14664,0
6763,0
54548,1
71821,0
33077,1
23962,1
13087,1
34332,1
68427,1
25329,1
64388,0
29968,0
35791,0
9541,1
37305,0
46005,1
2409,1
75034,0
63429,0
71160,0
43148,0
48795,1
21473,1
15846,0
6928,0
25923,1
17509,0
3095,1
5050,1
60448,0
57108,1
71283,1
2531,0
57480,0
69371,0
63184,1
958,0
6824,0
36229,1
71497,0
27224,0
17670,0
24631,0
6870,0
12269,1
56093,0
42142,1
68025,0
50912,0
17353,1
4228,1
56298,1
50458,0
21936,0
58565,0
12086,0
36184,1
46577,1
53055,1
26140,0
60688,0
6470,0
16268,0
48347,1
49378,0
21854,0
6357,1
52353,0
35000,1
57058,1
9364,0
44461,1
72151,1
17330,0
54448,0
59997,0
15192,1
44497,1
4899,1
15819,1
60117,1
47324,1
39897,1
32655,0
39884,1
32433,0
2783,0
14735,1
55567,1
74565,0
31858,1
30770,1
57334,1
25842,0
45503,0
4855,0
1339,1
18854,0
42970,1
71785,1
11156,0
38112,0
56868,1
59464,1
67134,1
17022,0
26878,1
29543,1
57076,0
49070,0
68037,1
33022,1
63681,0
11085,0
24462,0
22226,0
23477,0
19560,0
27259,0
23937,0
45213,0
49037,1
73062,0
59143,0
71077,0
35953,1
23448,1
58541,0
27804,0
30571,0
75521,1
61384,0
70565,0
36876,1
59759,1
60131,1
31606,0
72263,0
37198,1
2362,0
3398,0
70578,0
46564,1
1204,0
27389,1
65427,1
13040,1
61030,0
63458,1
64827,0
38808,1
35652,1
44744,0
54358,0
26180,1
17281,1
69495,1
65482,1
40983,0
26048,0
12982,1
12865,0
49103,0
21486,1
60696,0
42771,0
66304,1
73066,1
35939,0
64138,0
12315,1
689,0
71904,1
36986,1
5830,1
56356,1
3007,1
15822,0
22210,1
51419,0
61937,0
2127,0
24957,0
21464,0
2157,0
50756,1
47005,1
44630,1
56406,1
11778,0
63282,0
58679,1
29365,0
67921,0
38276,1
52546,0
49599,1
17387,1
73897,0
27150,1
51232,1
32743,0
22262,1
9899,1
33279,0
57072,1
73424,0
8830,0
5967,1
8694,0
63901,1
50860,0
43878,0
25544,1
61473,0
53008,0
72550,0
14662,0
9172,0
8222,1
68914,1
68758,1
63387,1
25857,1
4947,1
7119,1
49375,1
29744,0
23687,0
2515,0
54200,0
61101,1
25852,1
71898,0
68830,1
37783,0
43106,1
63556,1
5227,1
58325,0
21398,0
5262,0
62987,0
44448,1
375,0
7156,0
74964,0
40197,0
34052,1
74895,0
3613,1
27949,0
55192,1
56609,1
55865,1
70566,0
40025,0
70404,1
43737,1
58896,0
22996,1
57676,0
36979,0
4638,0
37067,0
5926,0
28363,1
41355,1
10024,0
10879,1
20494,0
708,1
18362,1
33354,1
57234,1
18118,0
35767,0
40444,1
33492,0
24817,0
65419,1
3962,0
61427,1
35121,1
30363,1
16894,1
24345,0
20284,0
26174,0
72085,0
57206,1
58895,1
18721,1
3896,1
18335,0
31656,1
48896,0
12290,1
17154,1
16766,1
51840,1
47720,0
20586,0
54108,0
786,1
35950,1
40706,0
52179,1
29552,1
63607,0
15313,1
17102,1
73373,0
33104,0
72976,1
14067,1
8934,1
46916,1
24928,0
36604,0
34437,0
18508,0
71161,0
20857,1
69401,0
63068,0
47026,0
30292,0
28637,0
59825,0
48464,1
45326,1
40994,0
51831,1
34279,1
56953,1
57705,0
166,1
74361,1
42485,0
75018,0
24048,1
3991,0
11926,0
17944,0
48259,1
74963,0
41947,1
58771,0
8415,1
34179,0
4195,0
52814,1
42019,0
70736,0
41870,1
51903,1
53127,1
48445,1
1880,0
42829,1
10611,1
31226,1
35610,0
71258,0
59424,0
6154,1
19295,1
23646,0
27228,1
39777,0
48318,1
60135,0
26689,1
12752,0
68180,1
46220,0
72166,0
29602,0
27549,0
8838,1
9435,0
67249,1
20129,1
23628,0
60627,1
69047,0
39890,0
1725,1
22326,1
14040,0
41164,1
44623,0
57948,1
27331,1
54375,1
69023,0
5939,0
47083,1
49754,0
45133,1
36782,1
51872,1
45860,1
65109,0
29356,1
15596,1
24330,0
54253,0
18097,1
1747,0
45171,1
70727,0
31040,0
6083,1
10318,0
690,1
12530,1
11237,0
33955,0
58029,1
13700,1
30246,1
54831,0
4821,1
72683,0
37782,0
24376,1
38455,1
59769,1
28843,0
68043,1
35213,1
41929,1
66257,1
31543,0
62530,1
46243,1
30817,0
47544,0
38237,1
37218,1
8474,1
45053,1
65389,0
54656,1
57279,1
40231,0
1444,0
51990,1
39241,0
75298,1
7312,0
33849,1
9839,0
51590,0
15327,0
45942,1
59249,1
6528,1
23179,0
21255,1
61088,1
47818,0
62117,0
42476,1
31871,1
74596,0
50174,0
45052,0
55228,1
4675,0
75742,1
67860,1
55570,0
65184,0
1911,0
19597,0
50170,0
24023,0
26893,0
69145,0
74297,0
30423,1
14974,0
29214,0
42027,0
16915,0
15645,1
40578,1
64322,0
8697,1
14956,1
64484,0
20118,1
20815,1
41520,0
36622,0
4344,1
49962,1
50882,1
2030,0
49853,1
68567,0
6066,1
17778,1
37761,1
51700,1
44829,0
67377,0
11350,1
54992,1
68952,0
73611,1
9548,0
70612,0
44170,0
45732,1
72023,1
75665,1
66247,0
58566,0
62715,0
60785,1
69751,1
17508,1
48867,1
26764,1
17261,0
64921,0
32784,1
13308,0
21006,0
57455,1
69966,0
2043,1
3485,0
43439,1
47422,0
72509,1
27900,1
44301,0
11243,0
44256,1
25974,0
51001,0
13826,0
6094,1
67138,1
74080,0
51436,1
52589,1
9623,1
45641,0
736,0
33705,0
40431,1
41013,1
53224,0
24987,1
60169,1
30555,0
73315,0
23238,0
37288,1
63380,0
70892,1
73554,0
7468,1
42620,0
17389,1
72064,0
52728,1
52028,1
7040,1
67202,0
20941,0
28441,1
69367,0
1386,1
35192,1
18,0
19272,1
59543,0
45562,0
14312,0
54041,0
57351,1
11412,1
61975,0
74560,1
3730,0
24662,1
51168,0
37954,0
23272,0
46702,1
33497,1
74826,1
70455,0
42698,1
38845,0
52207,1
54008,1
19992,1
62222,1
30501,0
57121,1
44922,0
63843,1
75542,0
19627,0
66671,1
3071,0
70635,0
58040,1
64156,1
14677,1
57885,1
21504,1
49951,0
58996,0
6166,0
65283,1
50665,0
71455,1
15977,0
42226,1
22539,1
26679,1
4044,1
55427,0
35461,1
51597,0
44704,1
14981,1
13264,1
44994,1
38858,1
55259,1
49093,1
49246,1
53466,0
36323,1
45176,1
66150,0
65125,1
72889,1
71372,0
34954,1
73044,1
57773,1
63677,1
18076,0
1628,0
18291,0
20916,1
69635,1
5692,1
45492,1
51993,1
67505,0
43861,0
32430,0
23009,0
50677,1
69361,1
63071,1
26167,0
49877,0
3453,1
60089,1
52286,1
26767,1
45729,1
32800,0
28064,1
74097,0
65586,1
53347,0
29441,1
31026,0
66695,0
37883,0
54632,0
49913,1
11658,0
46291,0
45719,0
67119,0
14072,0
21831,1
47797,1
18018,0
16450,1
59422,1
56472,1
13322,0
28334,1
19246,0
36778,0
8732,1
70018,1
29026,1
67552,1
5698,1
51859,1
46467,0
44715,0
73193,1
2465,0
33555,0
37018,0
68075,0
46259,0
12746,0
36935,0
73132,1
7109,1
40914,0
50498,0
25499,0
15766,0
68882,0
9959,1
11657,0
4867,1
8829,0
3533,0
3519,0
47184,0
44064,1
14641,0
46582,1
7365,1
68806,1
52693,0
9532,1
8873,1
22064,0
39788,1
9314,0
19625,0
1475,1
41785,0
43032,0
3261,0
74950,1
56238,1
62675,1
57406,0
37713,0
29863,1
38540,1
67784,1
2960,1
14515,1
46224,0
39583,1
60760,0
20464,1
31986,1
41413,1
49265,0
12345,0
48232,0
30889,1
33189,0
11,0
55448,1
51223,0
43723,1
40177,1
38078,0
34434,0
58023,1
14489,0
58387,1
47045,0
21418,1
1981,1
1011,0
9484,0
12531,1
58924,0
40175,1
55391,0
34388,0
26825,1
66790,1
47889,1
30697,0
61913,1
43020,1
42200,1
49488,1
35689,0
23776,0
66290,1
21190,1
36168,1
9120,1
37064,1
63695,1
25946,0
6541,1
32824,1
8811,0
70936,1
68202,1
17473,1
52446,1
53767,0
66557,1
70822,1
8118,1
33148,1
73740,0
60438,0
1064,1
59758,0
56186,0
33553,0
38699,1
56157,1
54267,1
26453,0
13348,0
43562,1
39585,0
14401,0
12298,0
20872,1
30705,1
73912,1
1172,0
32380,1
73698,0
31073,0
32840,0
5617,0
36237,1
16858,0
21038,0
23400,1
56005,1
28451,1
16833,0
27286,1
45546,1
52478,0
62577,1
32843,0
50809,0
35195,0
28071,0
10450,1
51258,0
55841,1
14716,0
59854,1
54683,1
1439,1
23324,1
46041,0
60191,0
39680,1
50675,0
11899,0
50263,1
71610,1
10448,0
49187,1
7209,0
34240,0
49391,0
5330,1
4066,1
36210,1
30298,1
65228,0
67096,0
23681,0
3278,1
13070,0
42189,1
60932,0
13306,1
11485,1
45225,0
33727,0
17393,0
3000,1
11451,0
52230,1
59410,1
53050,0
54205,1
6533,1
58372,0
65159,0
38787,1
22004,0
8524,0
12426,1
72073,1
1576,0
75514,0
75393,0
29298,0
37818,1
65865,0
64362,0
11815,1
75486,0
3347,0
16360,1
71309,0
6879,0
21106,1
677,1
17899,1
52565,1
58775,0
26566,1
18941,0
45256,0
9346,0
38577,0
21798,0
54506,1
11104,1
65617,1
12763,1
8385,0
52805,1
36969,1
9095,0
72053,0
24441,1
2090,1
12171,0
18357,0
74416,0
27181,0
68785,1
60091,1
27583,0
38556,1
40048,1
70854,0
5863,1
45807,0
10423,0
39860,0
2370,1
69053,0
39539,1
39512,0
69727,0
47918,0
49965,0
17118,1
51411,1
72930,1
36504,0
19912,0
34973,1
51056,0
29271,0
34129,1
74395,1
56951,1
73250,1
70325,0
43216,0
74255,1
16407,0
57521,0
17856,1
41888,0
36861,1
61174,1
49462,1
42857,0
73649,0
67766,0
36420,1
50828,0
18825,0
33222,1
3219,1
68988,1
19515,1
20126,1
65744,0
19547,0
69249,0
45493,0
75618,1
66027,1
29019,0
47507,0
31204,1
68127,0
53581,1
34274,1
63942,0
20915,1
56864,1
7745,1
53216,0
54962,1
63545,1
45403,0
31654,1
37991,1
53710,1
72465,1
47150,1
56886,0
54840,0
57700,1
6804,0
69475,0
13888,1
38207,1
17633,1
16245,1
8979,1
32405,0
55742,1
3370,0
42676,1
58292,1
63437,0
609,0
3949,0
16693,1
23441,0
19027,0
48135,1
34754,0
42736,0
37141,1
26171,0
18829,1
32006,0
41956,0
15284,0
16877,1
38040,1
66426,1
46937,1
40179,0
5744,1
1017,1
66912,0
15850,1
45620,1
47793,0
32617,0
72969,1
47987,0
10040,1
57736,0
13655,1
64733,0
69164,1
3707,1
48897,0
12803,1
18078,1
71644,0
15678,0
50445,1
18955,0
34103,1
30401,1
38835,0
63882,0
9914,0
3395,0
4130,1
68622,1
38211,1
55366,0
4378,1
66096,1
53091,0
65375,0
34253,1
66258,1
47536,0
67098,0
20387,1
14511,0
21822,0
53065,0
15090,0
9546,1
7396,1
65001,1
6372,0
22249,1
55932,0
19715,0
43402,0
15714,0
55125,1
49784,0
35364,0
41226,1
44789,1
13381,1
15229,1
48317,0
54214,1
22399,0
31447,0
50160,0
73889,0
22578,0
64402,1
40499,0
15030,1
27012,0
1585,1
5604,0
17835,1
50368,0
53191,0
49705,0
30679,0
23977,0
41512,1
52611,1
53205,0
38765,0
70106,1
32119,1
44915,1
56083,0
73532,0
75580,0
6446,0
33253,0
75513,0
22810,1
31274,1
68895,1
21245,1
65995,0
20517,1
23747,1
31315,0
27039,1
7194,1
50658,0
39119,0
36822,1
51649,0
40281,0
74011,0
51324,1
41818,1
18635,1
32011,1
14191,1
53035,0
7938,0
55216,0
27462,1
16356,1
14812,0
8444,1
33416,1
47989,1
13623,0
65072,0
18064,1
8733,1
56043,0
35078,0
56282,1
66959,0
54711,0
7995,1
57074,0
16592,0
69707,1
75093,1
40737,1
57070,0
44743,0
42454,0
45639,0
19688,1
75217,1
56386,1
22379,0
29083,0
45221,1
69839,1
56037,1
59665,1
35649,1
1644,1
46033,0
26395,1
8250,1
16016,0
21522,1
75005,1
20428,0
56761,0
10482,0
23552,1
62824,0
36021,0
64153,0
73810,1
39519,0
3809,1
23042,0
19978,0
32579,1
35630,1
24741,1
46382,1
24969,1
68692,0
8338,1
9875,1
51596,0
32382,0
21545,0
56181,0
29404,0
71965,0
62417,1
13951,0
7765,1
63051,1
22341,0
2910,0
31581,0
60940,0
20329,1
26988,1
39502,1
67881,1
47831,1
21220,0
48616,1
40412,1
32135,1
62853,1
25546,0
36000,0
60729,0
58191,0
54939,0
43018,0
63522,1
10067,0
40553,0
15344,1
12520,1
27636,0
41204,1
63864,0
17981,1
30442,0
54731,0
68529,0
49452,1
13270,1
39991,0
67540,0
67351,1
7884,1
39598,0
44134,1
50495,1
43043,1
43570,0
24035,1
10099,0
25919,0
38814,0
67386,0
30102,0
27747,1
56228,1
33894,0
30124,1
31980,1
54755,1
67620,0
37572,1
74633,1
19205,0
44155,1
24748,0
64813,1
52030,0
62282,1
65510,1
22256,1
32160,0
73802,1
44187,1
30335,1
31109,0
56399,1
37360,1
75179,1
23918,1
683,1
68886,1
43160,1
32836,1
55339,1
48928,0
9291,0
20582,1
39716,1
17349,0
6826,0
65070,1
37810,1
73913,0
10730,1
74699,1
67536,0
35366,0
44236,1
46043,1
1774,1
51396,0
1,1
32864,1
63145,0
60422,1
30888,0
48972,1
46597,1
35119,0
68361,0
58436,0
37319,1
12937,1
68468,0
16729,1
47893,1
19783,1
3887,1
30979,0
49518,0
12930,1
6689,1
64469,0
22943,1
28727,0
51933,0
41329,0
51310,0
27370,0
44130,1
48217,1
50639,1
75281,1
944,1
2261,0
26008,0
40995,1
2283,0
42590,1
12904,1
36195,0
74891,0
41529,0
71713,1
29829,1
557,1
3992,1
32090,1
23105,1
35340,1
1257,0
42175,0
3342,0
8826,0
74444,1
4213,1
71735,0
23892,0
2173,1
21576,0
50194,0
43025,1
55072,0
55780,1
49894,1
25440,0
43704,0
45318,1
24541,1
9617,0
55253,0
22977,0
8153,0
64920,1
43022,0
15417,1
26948,1
47713,1
58270,0
17546,1
56128,0
61777,0
44291,0
15831,1
58492,0
57166,0
68003,0
34700,1
27402,0
6065,0
70833,0
64843,0
18012,0
48572,0
50768,1
64165,1
71170,1
73917,1
61813,0
29727,1
22365,0
26129,0
71545,0
35887,0
5356,0
68654,1
15986,0
41343,0
14420,1
60841,0
67051,0
26166,1
14596,1
62121,1
24144,0
46780,0
75646,0
57184,1
14168,1
35755,0
53139,1
35263,0
13619,0
12065,1
42582,1
9184,0
20214,1
43793,1
4407,0
38915,1
22941,1
58405,1
74000,1
61182,0
13911,0
58807,0
8384,1
50254,1
62341,1
22665,1
40364,1
16712,0
60286,0
62015,1
60053,1
70258,1
37226,1
22215,1
55021,0
29343,1
46947,0
24025,1
28099,1
51886,0
40540,0
32206,0
62997,1
23100,0
71305,1
64196,1
5750,0
19107,1
14536,0
28062,0
29164,1
67908,0
45432,0
22124,1
8508,1
64995,0
71386,0
11057,1
1707,1
6381,0
12395,1
38641,1
22440,0
14907,1
11214,1
68984,0
35673,1
11211,1
47019,0
42705,1
66212,0
4472,0
17857,0
43236,1
25851,1
69775,0
55176,1
73527,1
47252,1
69351,0
64090,0
62767,1
6435,1
46921,0
19407,0
45536,1
57645,1
9680,0
27992,0
36409,1
27347,1
2878,1
8821,1
54116,0
26226,1
75505,1
72367,1
21694,0
41876,0
49447,0
16897,0
20814,1
9006,0
16183,1
73212,0
55425,0
67364,0
21138,1
20732,1
15420,1
65234,0
63830,1
65393,1
49269,0
45267,1
38325,0
56300,0
72316,0
3067,1
45122,1
26489,0
64724,1
12884,0
72395,0
67240,0
35304,0
69885,1
68422,0
23783,0
4621,0
74122,0
47568,1
19438,1
19805,0
40977,0
29065,0
59503,1
33465,0
3815,0
24578,0
68262,0
52358,1
15623,0
19386,0
55862,1
4950,1
64553,1
12646,0
71679,0
52705,1
55087,1
7980,1
34050,0
53571,1
39929,0
37324,1
75541,0
31506,0
46062,1
66621,0
63377,1
66352,1
787,0
34958,0
15457,0
28721,0
23035,0
54238,0
51253,1
32231,1
43882,0
12317,0
54650,0
22086,0
53294,0
44150,1
40667,1
8702,0
30100,1
70038,0
35400,0
16789,0
7718,0
34465,1
69382,0
561,0
6157,0
19010,1
65362,1
14692,0
51512,0
68566,1
62599,1
19333,0
72530,0
37206,0
67397,0
67525,0
68375,0
8673,1
68298,0
23778,0
20608,0
24888,0
30505,1
3111,1
71514,1
53533,1
24598,1
42098,0
30344,1
75719,1
70592,1
60028,1
46295,0
51273,1
53448,0
29563,1
21924,1
5173,0
29414,1
1849,1
29013,0
37052,0
21553,1
14837,0
35277,0
53511,0
54009,1
5019,0
58611,0
62819,1
72862,1
18520,1
60174,1
1299,0
69625,1
33999,1
35226,0
33948,1
64291,0
31167,0
35412,1
62883,1
4410,0
7102,0
68773,1
67660,1
62676,0
49571,0
41335,0
5108,1
33745,0
59155,1
68951,0
42506,1
53891,0
10390,0
11437,0
1375,0
69201,0
42310,1
25113,0
28700,0
18491,0
70288,1
66266,1
6364,0
9246,0
38365,1
58942,0
14298,0
67845,0
9639,1
20275,0
8435,0
42738,1
67056,0
75691,1
10050,0
42921,1
2881,0
49401,1
7088,1
62386,0
39819,1
6340,1
51358,0
75731,1
25999,0
38349,1
39097,1
44896,1
14160,0
30804,0
60776,0
24203,1
51399,0
56507,0
360,1
12061,1
4567,1
49355,0
73259,1
1600,0
65458,1
61271,0
69818,0
75593,0
29874,0
58971,0
17404,0
54863,0
56975,0
70620,1
14740,1
18295,0
68191,0
43790,0
44047,0
7836,1
23111,0
56085,1
31512,0
975,0
56016,0
73637,1
46254,1
12785,1
55583,1
53248,1
19366,0
8741,1
15693,1
15761,1
801,0
899,1
32811,0
58159,0
46863,0
23975,1
29724,0
62241,0
17109,0
16813,1
64638,0
68088,1
74420,0
15060,1
28108,1
6315,1
42596,1
68395,1
17124,1
50107,0
27148,1
70777,1
29750,0
57399,1
49856,0
27864,1
49336,0
21077,0
63925,0
7846,1
31314,0
44028,0
52432,0
19433,1
40870,1
34847,0
67367,0
33567,0
21964,1
10951,0
68905,1
27340,0
12551,0
67716,1
59754,0
22207,0
69383,1
36563,0
5071,1
33941,1
14978,1
287,0
45778,1
34603,0
16826,0
12187,0
51211,0
6238,0
56324,0
45880,0
27970,1
66867,0
12866,1
39224,0
37453,0
18387,0
40882,1
45172,0
20110,1
40543,0
46508,0
27899,0
56233,1
21930,0
19022,1
58508,1
1085,0
36524,1
61675,0
68086,1
51676,1
656,0
78,0
44493,0
13241,1
2498,1
69408,0
68386,0
34513,1
3147,0
635,1
1092,0
61699,0
60801,0
63596,0
17189,1
32644,0
21273,1
25979,0
285,1
21637,0
25880,1
12316,1
66450,0
58239,1
15804,0
23969,0
48327,0
42040,0
20323,1
14790,1
25715,0
59984,1
47209,1
43671,1
68890,0
40557,1
66444,1
63021,0
21998,1
37766,1
17625,1
63915,1
70013,0
2275,1
13482,0
18645,0
40007,1
36362,1
12915,0
49544,1
30781,1
55357,1
56169,1
46905,0
59049,0
16972,1
19196,1
60339,0
65557,0
56789,1
62014,1
40418,0
13493,1
34632,1
21847,0
61005,0
42021,1
4730,1
47308,0
20844,0
26287,0
56883,1
59596,0
34428,0
45480,0
22380,1
31043,1
32963,1
8360,1
21681,1
47955,0
48899,1
31665,0
66271,0
70039,0
13478,0
45702,0
32143,1
13747,1
48191,1
38159,1
49121,0
29281,1
66156,0
24028,1
69065,1
70546,0
58640,1
61708,1
62478,0
18767,0
2886,1
59929,1
61881,0
51224,0
14373,1
13269,0
63041,1
4302,0
14301,1
9536,0
64113,1
41795,1
29528,0
44970,1
14228,1
20481,0
1537,0
45793,1
14342,1
4906,0
33061,1
4946,0
2272,0
30002,0
10873,0
57111,1
12639,1
61867,0
63441,0
47629,1
65237,1
45528,1
30471,0
6137,1
49483,0
69558,0
56621,1
63783,1
58674,1
63603,0
56214,0
57000,0
59486,1
29931,0
8936,0
63961,1
54769,1
20468,0
19432,1
45601,0
53522,0
23805,1
19933,1
67501,1
34721,1
1776,0
42039,1
28894,1
64841,0
70291,1
45078,1
69781,0
8990,0
35717,0
1261,0
66193,0
71053,0
44425,0
33487,1
68048,1
38902,0
45319,0
29630,0
61998,0
3344,1
40641,0
50200,1
2450,0
60193,0
29877,1
5810,0
17717,0
14130,0
1764,0
2922,1
23544,1
28196,0
13615,0
75110,1
29460,1
42662,0
42143,0
53431,0
21248,1
2230,0
10397,1
68472,1
48746,1
1426,1
34383,1
35710,1
30530,0
46101,0
3709,1
18448,0
49769,1
52997,0
16465,1
36530,0
2569,1
65518,0
73078,1
56804,1
53280,1
21842,1
17148,0
5021,0
36772,0
37897,0
64351,0
66801,1
40164,1
66399,0
11527,1
59939,1
61127,0
29116,1
49203,1
39495,1
23296,1
52640,1
19496,1
12202,0
17946,0
59050,1
16023,1
22010,1
33365,1
66083,1
34919,0
25810,0
67172,1
31629,1
71502,0
16888,0
17572,0
9567,1
14251,0
15304,1
1247,0
50331,1
64485,0
19623,1
40814,0
20094,1
63735,1
61056,1
54725,1
20455,1
41433,0
70571,0
8202,0
30478,0
56168,0
52982,0
2954,1
25493,0
47803,0
986,0
4563,0
29521,1
21981,1
7320,0
14126,0
69291,1
67557,0
69082,1
68137,0
18534,1
30791,1
30387,0
13259,1
439,0
24142,0
4925,1
39056,0
23225,1
16905,0
19019,1
10433,0
40591,0
33486,0
36951,1
18742,0
40273,0
41499,0
49357,1
15494,0
64365,1
42115,0
17744,1
45980,1
63281,1
35098,0
60952,0
3740,0
22439,0
73247,1
14257,0
74822,0
2734,0
39259,1
32004,1
2699,1
22504,1
8633,0
46096,0
68513,1
17441,0
16243,0
61892,1
1338,1
6256,1
45316,0
36620,0
10185,0
9726,1
37313,0
49051,1
51529,0
71660,0
48255,1
549,1
48887,0
33255,0
18629,0
28605,0
9085,0
62627,1
44939,0
30775,1
34950,1
13420,0
68393,0
70000,1
21729,0
44875,1
30151,0
53892,0
33140,1
5091,0
73029,1
39379,1
75716,0
30107,0
73684,1
63886,0
28797,0
26780,1
44747,0
67912,1
1853,1
23298,0
13057,1
54964,0
540,1
8756,1
53145,1
69971,1
4687,1
20702,1
66991,0
65904,0
67619,1
69258,0
10357,1
59980,1
67169,0
52974,0
34948,1
64401,0
57545,1
24765,1
21014,0
17321,0
38798,0
58386,0
53712,0
61995,1
71001,0
21814,1
66575,0
32718,0
71606,1
63336,0
14653,0
31290,0
42778,0
19851,1
66307,1
37817,0
2716,1
40839,1
72542,0
51992,0
39972,1
41762,0
36866,0
68637,0
47099,0
6145,1
12811,1
37993,0
40619,1
38662,0
21433,1
27194,0
74730,1
68353,0
47930,1
9174,1
26745,1
49419,0
63422,1
65347,1
47657,1
25932,1
24893,0
29691,1
63026,0
38975,1
6691,1
61440,1
62197,1
21013,1
12609,0
65256,0
17978,0
11955,1
58683,1
9499,0
28536,1
4431,0
69939,1
16475,0
34862,0
23365,0
14600,1
28297,1
37386,1
49325,1
68243,1
1278,0
47370,0
51059,1
74310,0
208,0
27575,0
64009,0
31755,1
67667,1
43942,1
49060,0
72870,1
70653,0
55845,0
33809,1
60664,0
38296,0
17090,1
11280,1
26782,0
8988,0
19823,1
72329,0
48527,1
40953,1
28460,0
22933,1
4257,0
26302,1
57011,0
8188,1
72666,1
54332,0
59988,0
20156,0
28860,1
39341,1
33426,0
13286,0
16389,1
54553,0
68054,1
30037,0
34452,1
25226,1
61145,1
73569,0
72790,1
32358,1
40897,0
35735,1
34013,1
62357,0
8274,0
63188,1
58915,1
52200,0
55894,1
34096,1
64981,0
73068,0
62189,0
35597,0
52495,1
25455,1
73139,0
18995,1
11062,1
1453,0
50764,0
23625,1
38545,1
67145,1
64516,0
41822,0
7372,1
11794,0
52475,0
74426,0
19562,1
64086,1
74052,0
64846,0
15608,1
55736,0
1214,0
38803,1
6129,0
582,1
13446,1
65035,1
40447,0
22097,1
18715,1
35609,0
2760,0
18765,1
3629,1
65918,0
39002,1
53041,0
14144,0
8209,1
36638,0
58317,0
70155,0
27890,0
1742,1
12480,0
47337,1
48395,0
56693,0
66160,1
70553,0
21360,0
75051,0
29288,0
2682,1
8429,0
3389,1
52879,0
41777,1
47051,0
1833,1
46286,0
65339,0
27171,1
40068,1
55518,1
25459,1
72410,0
70763,0
18673,1
70218,0
14534,0
37545,0
44590,1
42154,1
62788,1
15917,0
12532,1
42820,0
66046,0
14200,0
54084,1
1312,0
7937,0
29416,0
28300,0
14785,0
74525,0
73828,1
41324,1
8052,0
33289,0
50022,1
50757,1
52649,0
7668,1
22133,0
34265,0
57712,1
71182,1
55164,1
70427,0
63161,0
40423,0
3260,0
20685,0
6774,0
34102,0
44,1
36200,0
29497,1
31124,1
2717,0
59790,0
5216,0
63072,0
56660,1
33987,0
11033,0
67330,1
75334,1
75632,1
53648,1
16494,0
20735,1
38437,1
38982,1
21530,1
69157,1
29907,1
60967,1
17954,1
57900,0
773,1
37619,1
44379,1
45938,0
9100,1
49911,0
21740,1
61040,1
69483,1
15136,1
18735,0
9522,0
9203,0
65826,0
34337,1
50839,1
60520,0
10343,0
10563,1
70815,1
20902,0
32624,0
46190,1
48097,1
34300,1
29960,0
26944,0
67246,1
38056,1
44218,0
41455,1
21863,1
41306,0
40529,1
36795,1
33457,0
31017,1
2945,1
73600,0
46946,1
30869,1
15482,1
35203,0
68378,1
10013,1
28944,1
52641,0
54684,1
27718,0
13548,1
46443,0
12824,1
73466,0
55142,1
1612,0
56764,1
50681,0
41318,1
43259,0
39398,0
74018,0
25925,1
17388,0
26542,0
19964,1
5721,0
69182,0
60569,1
60536,1
12847,0
18963,0
8445,1
61251,1
31108,0
1086,0
37417,0
44343,0
1409,0
28602,0
41263,0
49612,1
49323,0
69129,0
53531,1
53175,1
49216,1
13035,1
64906,0
23561,1
43097,1
6605,0
70082,0
2982,1
28359,1
18505,1
11838,0
56527,0
59552,0
25541,1
23627,1
31426,0
12975,0
20133,1
74759,1
70664,1
9566,0
33444,1
26949,1
52251,1
11396,0
26950,0
19803,0
37569,0
24554,0
46017,1
18634,0
35410,1
25058,1
42090,1
13302,1
73670,1
64228,1
60082,0
9392,0
32379,0
2420,0
30947,0
37031,0
52620,1
2141,0
58300,1
43412,0
45289,1
7229,1
64052,1
33294,1
64107,0
852,1
18046,1
33478,1
6777,0
15944,1
9193,0
68559,1
45470,1
52019,1
39690,1
63679,0
43478,1
5261,0
25460,0
15909,0
68078,1
36583,1
35176,0
62244,0
12942,0
36681,1
24732,1
43796,1
38430,0
1430,0
59735,0
68411,0
14556,1
42673,0
5027,1
9692,0
44324,1
19186,1
61142,1
66684,1
67228,1
